car_type,reservations,revenue,avg_amount,vehicles,revenue_share
SUV,4068,676818320.0,166376.1848574238,39,0.27467929280600395
RV,2011,547308015.0,272157.14321233216,29,0.222118955803764
IMPORTED,1471,305628440.0,207769.16383412643,20,0.124035950682603
MIDSIZE,2077,224445310.0,108062.25806451614,15,0.09108866767144294
COMPACT,2225,214468125.0,96390.16853932584,10,0.0870395365545508
EV,1210,175905410.0,145376.37190082646,5,0.07138928157197366
LUXURY,677,130298435.0,192464.45347119647,10,0.05288019091966818
URBAN,1342,109824905.0,81836.73994038749,5,0.04457123329328108
SUPERCAR,105,79334140.0,755563.2380952381,4,0.03219689069671239
