car_id,car_model,car_type,file_month,reservations,revenue,avg_amount
1843,16/18년 올뉴카니발9인(경유),RV,2026-01,3,351510.0,117170.0
1843,16/18년 올뉴카니발9인(경유),RV,2026-03,4,1038450.0,259612.5
1843,16/18년 올뉴카니발9인(경유),RV,2026-04,1,179190.0,179190.0
1846,18/19년 쏠라티(15인/경유),RV,2026-01,1,729810.0,729810.0
1846,18/19년 쏠라티(15인/경유),RV,2026-02,2,968580.0,484290.0
1846,18/19년 쏠라티(15인/경유),RV,2026-03,2,1016100.0,508050.0
1846,18/19년 쏠라티(15인/경유),RV,2026-04,1,641610.0,641610.0
1846,18/19년 쏠라티(15인/경유),RV,2026-05,1,530730.0,530730.0
1846,18/19년 쏠라티(15인/경유),RV,2026-06,1,712890.0,712890.0
1846,18/19년 쏠라티(15인/경유),RV,2026-07,2,1134810.0,567405.0
1847,18년 올뉴카니발리무진7인(경유),RV,2026-01,6,715190.0,119198.33333333333
1847,18년 올뉴카니발리무진7인(경유),RV,2026-02,3,698910.0,232970.0
1847,18년 올뉴카니발리무진7인(경유),RV,2026-03,1,80910.0,80910.0
1847,18년 올뉴카니발리무진7인(경유),RV,2026-04,2,358830.0,179415.0
1847,18년 올뉴카니발리무진7인(경유),RV,2026-05,1,221130.0,221130.0
1847,18년 올뉴카니발리무진7인(경유),RV,2026-06,1,129900.0,129900.0
1847,18년 올뉴카니발리무진7인(경유),RV,2026-07,2,211590.0,105795.0
1854,19년 더뉴그랜드스타렉스12인(경유),RV,2026-01,2,386365.0,193182.5
1854,19년 더뉴그랜드스타렉스12인(경유),RV,2026-02,1,50040.0,50040.0
1854,19년 더뉴그랜드스타렉스12인(경유),RV,2026-03,7,1769270.0,252752.85714285713
1854,19년 더뉴그랜드스타렉스12인(경유),RV,2026-04,5,1747670.0,349534.0
1854,19년 더뉴그랜드스타렉스12인(경유),RV,2026-05,2,302740.0,151370.0
1854,19년 더뉴그랜드스타렉스12인(경유),RV,2026-06,2,561490.0,280745.0
1854,19년 더뉴그랜드스타렉스12인(경유),RV,2026-07,3,590220.0,196740.0
1859,19년 더뉴카니발리무진7인(경유),RV,2026-01,5,802400.0,160480.0
1859,19년 더뉴카니발리무진7인(경유),RV,2026-03,10,1636170.0,163617.0
1859,19년 더뉴카니발리무진7인(경유),RV,2026-04,3,552380.0,184126.66666666666
2225,19년 올뉴K3(휘),COMPACT,2026-01,3,155420.0,51806.666666666664
2225,19년 올뉴K3(휘),COMPACT,2026-02,5,482560.0,96512.0
1878,20/21년 BMW Z4 로드스터(휘),IMPORTED,2026-01,2,119140.0,59570.0
1878,20/21년 BMW Z4 로드스터(휘),IMPORTED,2026-02,8,1030010.0,128751.25
1878,20/21년 BMW Z4 로드스터(휘),IMPORTED,2026-03,12,2693240.0,224436.66666666666
1878,20/21년 BMW Z4 로드스터(휘),IMPORTED,2026-04,5,1126290.0,225258.0
1878,20/21년 BMW Z4 로드스터(휘),IMPORTED,2026-05,3,558180.0,186060.0
1878,20/21년 BMW Z4 로드스터(휘),IMPORTED,2026-06,2,938070.0,469035.0
1878,20/21년 BMW Z4 로드스터(휘),IMPORTED,2026-07,8,2310480.0,288810.0
1873,20년 K5(LPG),MIDSIZE,2026-01,31,3173820.0,102381.29032258065
1873,20년 K5(LPG),MIDSIZE,2026-02,17,1389030.0,81707.64705882352
1873,20년 K5(LPG),MIDSIZE,2026-03,23,1885740.0,81988.69565217392
1873,20년 K5(LPG),MIDSIZE,2026-04,6,886450.0,147741.66666666666
1873,20년 K5(LPG),MIDSIZE,2026-05,8,758590.0,94823.75
1873,20년 K5(LPG),MIDSIZE,2026-06,11,687620.0,62510.90909090909
1873,20년 K5(LPG),MIDSIZE,2026-07,7,1031500.0,147357.14285714287
1869,20년 K5(휘),MIDSIZE,2026-01,6,480960.0,80160.0
1845,20년 SM6(휘),MIDSIZE,2026-01,3,291535.0,97178.33333333333
1845,20년 SM6(휘),MIDSIZE,2026-02,5,497150.0,99430.0
1845,20년 SM6(휘),MIDSIZE,2026-03,3,209420.0,69806.66666666667
1845,20년 SM6(휘),MIDSIZE,2026-05,3,411210.0,137070.0
1845,20년 SM6(휘),MIDSIZE,2026-06,2,75960.0,37980.0
1845,20년 SM6(휘),MIDSIZE,2026-07,1,224100.0,224100.0
1871,20년 더 뉴 그랜저(LPG),LUXURY,2026-01,3,200000.0,66666.66666666667
1871,20년 더 뉴 그랜저(LPG),LUXURY,2026-02,2,530020.0,265010.0
1871,20년 더 뉴 그랜저(LPG),LUXURY,2026-03,5,503065.0,100613.0
1871,20년 더 뉴 그랜저(LPG),LUXURY,2026-04,3,507890.0,169296.66666666666
1871,20년 더 뉴 그랜저(LPG),LUXURY,2026-05,3,516295.0,172098.33333333334
1871,20년 더 뉴 그랜저(LPG),LUXURY,2026-06,4,659480.0,164870.0
1871,20년 더 뉴 그랜저(LPG),LUXURY,2026-07,3,171990.0,57330.0
1868,20년 더 뉴 그랜저(휘),LUXURY,2026-01,11,1197180.0,108834.54545454546
1868,20년 더 뉴 그랜저(휘),LUXURY,2026-02,8,858970.0,107371.25
1868,20년 더 뉴 그랜저(휘),LUXURY,2026-03,2,744190.0,372095.0
1868,20년 더 뉴 그랜저(휘),LUXURY,2026-04,2,268020.0,134010.0
1872,20년 베리뉴티볼리(경유),SUV,2026-01,4,303460.0,75865.0
1872,20년 베리뉴티볼리(경유),SUV,2026-02,6,459730.0,76621.66666666667
1872,20년 베리뉴티볼리(경유),SUV,2026-03,3,404040.0,134680.0
1872,20년 베리뉴티볼리(경유),SUV,2026-04,1,46080.0,46080.0
1872,20년 베리뉴티볼리(경유),SUV,2026-06,3,422340.0,140780.0
1872,20년 베리뉴티볼리(경유),SUV,2026-07,1,337130.0,337130.0
1875,20년 벤츠 C클래스 카브리올레(휘),IMPORTED,2026-01,2,181530.0,90765.0
1875,20년 벤츠 C클래스 카브리올레(휘),IMPORTED,2026-02,4,415800.0,103950.0
1875,20년 벤츠 C클래스 카브리올레(휘),IMPORTED,2026-03,7,1028075.0,146867.85714285713
1875,20년 벤츠 C클래스 카브리올레(휘),IMPORTED,2026-04,6,1205820.0,200970.0
1875,20년 벤츠 C클래스 카브리올레(휘),IMPORTED,2026-05,6,1756800.0,292800.0
1875,20년 벤츠 C클래스 카브리올레(휘),IMPORTED,2026-06,8,1233960.0,154245.0
1875,20년 벤츠 C클래스 카브리올레(휘),IMPORTED,2026-07,7,1253610.0,179087.14285714287
1866,20년 셀토스(휘),SUV,2026-01,2,263970.0,131985.0
1866,20년 셀토스(휘),SUV,2026-02,6,517440.0,86240.0
1866,20년 셀토스(휘),SUV,2026-03,2,175380.0,87690.0
1866,20년 셀토스(휘),SUV,2026-04,3,244990.0,81663.33333333333
1864,20년 쏘나타DN8(LPG),MIDSIZE,2026-01,23,1975660.0,85898.26086956522
1864,20년 쏘나타DN8(LPG),MIDSIZE,2026-02,7,590990.0,84427.14285714286
1864,20년 쏘나타DN8(LPG),MIDSIZE,2026-03,14,1064750.0,76053.57142857143
1864,20년 쏘나타DN8(LPG),MIDSIZE,2026-04,16,1538590.0,96161.875
1864,20년 쏘나타DN8(LPG),MIDSIZE,2026-05,5,763510.0,152702.0
1864,20년 쏘나타DN8(LPG),MIDSIZE,2026-06,5,532640.0,106528.0
1864,20년 쏘나타DN8(LPG),MIDSIZE,2026-07,4,258840.0,64710.0
1863,20년 쏘나타DN8(휘),MIDSIZE,2026-01,4,305540.0,76385.0
1876,20년 올뉴k3(휘),COMPACT,2026-01,25,2214695.0,88587.8
1876,20년 올뉴k3(휘),COMPACT,2026-02,14,912025.0,65144.642857142855
1876,20년 올뉴k3(휘),COMPACT,2026-03,14,798050.0,57003.57142857143
1876,20년 올뉴k3(휘),COMPACT,2026-04,9,1019445.0,113271.66666666667
1876,20년 올뉴k3(휘),COMPACT,2026-05,13,1312745.0,100980.38461538461
1876,20년 올뉴k3(휘),COMPACT,2026-06,15,931590.0,62106.0
1876,20년 올뉴k3(휘),COMPACT,2026-07,4,264590.0,66147.5
1874,20년 올뉴아반떼CN7(휘),COMPACT,2026-01,12,779075.0,64922.916666666664
1874,20년 올뉴아반떼CN7(휘),COMPACT,2026-02,2,73200.0,36600.0
1874,20년 올뉴아반떼CN7(휘),COMPACT,2026-03,4,408530.0,102132.5
1874,20년 올뉴아반떼CN7(휘),COMPACT,2026-04,1,45540.0,45540.0
1874,20년 올뉴아반떼CN7(휘),COMPACT,2026-05,1,92520.0,92520.0
1879,20년 코나(전기),EV,2026-01,40,3467180.0,86679.5
1879,20년 코나(전기),EV,2026-02,50,5463435.0,109268.7
1879,20년 코나(전기),EV,2026-03,77,7678075.0,99715.25974025975
1879,20년 코나(전기),EV,2026-04,67,8293045.0,123776.79104477612
1879,20년 코나(전기),EV,2026-05,39,4406330.0,112982.82051282052
1879,20년 코나(전기),EV,2026-06,33,4374340.0,132555.75757575757
1879,20년 코나(전기),EV,2026-07,37,6448170.0,174274.86486486485
1877,20년 테슬라 모델3(전기),IMPORTED,2026-01,16,2262250.0,141390.625
1877,20년 테슬라 모델3(전기),IMPORTED,2026-02,17,2075170.0,122068.82352941176
1877,20년 테슬라 모델3(전기),IMPORTED,2026-03,18,1582940.0,87941.11111111111
1877,20년 테슬라 모델3(전기),IMPORTED,2026-04,11,1051890.0,95626.36363636363
1877,20년 테슬라 모델3(전기),IMPORTED,2026-05,7,899260.0,128465.71428571429
1877,20년 테슬라 모델3(전기),IMPORTED,2026-06,4,493200.0,123300.0
1877,20년 테슬라 모델3(전기),IMPORTED,2026-07,8,1718910.0,214863.75
1899,21/22년 트레일블레이저(휘),SUV,2026-01,19,1648150.0,86744.73684210527
1899,21/22년 트레일블레이저(휘),SUV,2026-02,14,1353455.0,96675.35714285714
1899,21/22년 트레일블레이저(휘),SUV,2026-03,19,1882320.0,99069.47368421052
1899,21/22년 트레일블레이저(휘),SUV,2026-04,8,1340510.0,167563.75
1899,21/22년 트레일블레이저(휘),SUV,2026-05,8,1727575.0,215946.875
1899,21/22년 트레일블레이저(휘),SUV,2026-06,13,1486090.0,114314.61538461539
1899,21/22년 트레일블레이저(휘),SUV,2026-07,9,1310190.0,145576.66666666666
1884,21년 4세대 더올뉴투싼(휘),SUV,2026-01,12,1005720.0,83810.0
1884,21년 4세대 더올뉴투싼(휘),SUV,2026-02,9,899870.0,99985.55555555556
1884,21년 4세대 더올뉴투싼(휘),SUV,2026-03,3,121560.0,40520.0
1884,21년 4세대 더올뉴투싼(휘),SUV,2026-04,2,105660.0,52830.0
1884,21년 4세대 더올뉴투싼(휘),SUV,2026-05,5,731600.0,146320.0
1884,21년 4세대 더올뉴투싼(휘),SUV,2026-06,1,154350.0,154350.0
1884,21년 4세대 더올뉴투싼(휘),SUV,2026-07,10,1860600.0,186060.0
1883,21년 4세대 쏘렌토(7인/휘),SUV,2026-01,3,337950.0,112650.0
1883,21년 4세대 쏘렌토(7인/휘),SUV,2026-03,1,176530.0,176530.0
1883,21년 4세대 쏘렌토(7인/휘),SUV,2026-04,4,360630.0,90157.5
1883,21년 4세대 쏘렌토(7인/휘),SUV,2026-05,1,94350.0,94350.0
1883,21년 4세대 쏘렌토(7인/휘),SUV,2026-06,2,412410.0,206205.0
1883,21년 4세대 쏘렌토(7인/휘),SUV,2026-07,4,1302480.0,325620.0
1888,21년 4세대 카니발 리무진 7인승(경유),RV,2026-01,8,1342010.0,167751.25
1888,21년 4세대 카니발 리무진 7인승(경유),RV,2026-02,5,885470.0,177094.0
1888,21년 4세대 카니발 리무진 7인승(경유),RV,2026-03,3,468480.0,156160.0
1888,21년 4세대 카니발 리무진 7인승(경유),RV,2026-04,1,232230.0,232230.0
1888,21년 4세대 카니발 리무진 7인승(경유),RV,2026-05,2,203320.0,101660.0
1888,21년 4세대 카니발 리무진 7인승(경유),RV,2026-06,2,347900.0,173950.0
1888,21년 4세대 카니발 리무진 7인승(경유),RV,2026-07,3,1000320.0,333440.0
1887,21년 G80(휘),LUXURY,2026-01,6,1079560.0,179926.66666666666
1887,21년 G80(휘),LUXURY,2026-02,5,711990.0,142398.0
1887,21년 G80(휘),LUXURY,2026-03,9,921885.0,102431.66666666667
1887,21년 G80(휘),LUXURY,2026-04,5,624320.0,124864.0
1887,21년 G80(휘),LUXURY,2026-05,5,544860.0,108972.0
1887,21년 G80(휘),LUXURY,2026-06,4,677940.0,169485.0
1887,21년 G80(휘),LUXURY,2026-07,5,2268690.0,453738.0
1885,21년 GV70(5인/휘),SUV,2026-01,2,1469805.0,734902.5
1885,21년 GV70(5인/휘),SUV,2026-02,5,642050.0,128410.0
1885,21년 GV70(5인/휘),SUV,2026-03,1,66420.0,66420.0
1885,21년 GV70(5인/휘),SUV,2026-04,3,251910.0,83970.0
1885,21년 GV70(5인/휘),SUV,2026-05,4,486180.0,121545.0
1885,21년 GV70(5인/휘),SUV,2026-06,8,1050550.0,131318.75
1885,21년 GV70(5인/휘),SUV,2026-07,3,418230.0,139410.0
1897,21년 GV80(5인/휘),SUV,2026-01,4,644220.0,161055.0
1897,21년 GV80(5인/휘),SUV,2026-02,2,373230.0,186615.0
1897,21년 GV80(5인/휘),SUV,2026-03,5,797065.0,159413.0
1897,21년 GV80(5인/휘),SUV,2026-04,2,350815.0,175407.5
1897,21년 GV80(5인/휘),SUV,2026-06,2,768510.0,384255.0
1897,21년 GV80(5인/휘),SUV,2026-07,2,721875.0,360937.5
1896,21년 K3(휘),COMPACT,2026-01,24,1445320.0,60221.666666666664
1896,21년 K3(휘),COMPACT,2026-02,7,377110.0,53872.857142857145
1896,21년 K3(휘),COMPACT,2026-03,24,1693545.0,70564.375
1896,21년 K3(휘),COMPACT,2026-04,26,2587575.0,99522.11538461539
1896,21년 K3(휘),COMPACT,2026-05,16,1570670.0,98166.875
1896,21년 K3(휘),COMPACT,2026-06,9,850330.0,94481.11111111111
1896,21년 K3(휘),COMPACT,2026-07,7,626310.0,89472.85714285714
1891,21년 K5(휘),MIDSIZE,2026-01,7,399710.0,57101.42857142857
1894,21년 QM6(휘),SUV,2026-01,8,792880.0,99110.0
1894,21년 QM6(휘),SUV,2026-02,8,775495.0,96936.875
1894,21년 QM6(휘),SUV,2026-03,7,940555.0,134365.0
1894,21년 QM6(휘),SUV,2026-04,4,590620.0,147655.0
1894,21년 QM6(휘),SUV,2026-05,2,280050.0,140025.0
1894,21년 QM6(휘),SUV,2026-06,3,701480.0,233826.66666666666
1894,21년 QM6(휘),SUV,2026-07,4,770240.0,192560.0
1889,21년 벤츠 C클래스 카브리올레(휘),IMPORTED,2026-01,4,632370.0,158092.5
1889,21년 벤츠 C클래스 카브리올레(휘),IMPORTED,2026-02,6,1294250.0,215708.33333333334
1889,21년 벤츠 C클래스 카브리올레(휘),IMPORTED,2026-03,10,1235690.0,123569.0
1889,21년 벤츠 C클래스 카브리올레(휘),IMPORTED,2026-04,9,1962000.0,218000.0
1889,21년 벤츠 C클래스 카브리올레(휘),IMPORTED,2026-05,4,753345.0,188336.25
1889,21년 벤츠 C클래스 카브리올레(휘),IMPORTED,2026-06,3,437400.0,145800.0
1889,21년 벤츠 C클래스 카브리올레(휘),IMPORTED,2026-07,6,1268010.0,211335.0
1886,21년 벤츠G63 AMG 지바겐(휘),SUPERCAR,2026-01,5,4808070.0,961614.0
1886,21년 벤츠G63 AMG 지바겐(휘),SUPERCAR,2026-02,3,2321910.0,773970.0
1886,21년 벤츠G63 AMG 지바겐(휘),SUPERCAR,2026-04,2,1191695.0,595847.5
1886,21년 벤츠G63 AMG 지바겐(휘),SUPERCAR,2026-05,7,5496840.0,785262.8571428572
1886,21년 벤츠G63 AMG 지바겐(휘),SUPERCAR,2026-06,5,8118720.0,1623744.0
1886,21년 벤츠G63 AMG 지바겐(휘),SUPERCAR,2026-07,7,5111480.0,730211.4285714285
1892,21년 쏘나타DN8(휘),MIDSIZE,2026-01,20,1639560.0,81978.0
1890,21년 아우디A5 카브리올레(휘),IMPORTED,2026-03,2,251110.0,125555.0
1890,21년 아우디A5 카브리올레(휘),IMPORTED,2026-04,2,679230.0,339615.0
1890,21년 아우디A5 카브리올레(휘),IMPORTED,2026-05,3,345080.0,115026.66666666667
1890,21년 아우디A5 카브리올레(휘),IMPORTED,2026-06,2,375390.0,187695.0
1890,21년 아우디A5 카브리올레(휘),IMPORTED,2026-07,1,79020.0,79020.0
1902,21년 아이오닉5(전기),EV,2026-01,38,4512675.0,118754.6052631579
1902,21년 아이오닉5(전기),EV,2026-02,20,4200030.0,210001.5
1902,21년 아이오닉5(전기),EV,2026-03,36,3919360.0,108871.11111111111
1902,21년 아이오닉5(전기),EV,2026-04,16,2951925.0,184495.3125
1902,21년 아이오닉5(전기),EV,2026-05,19,3587880.0,188835.7894736842
1902,21년 아이오닉5(전기),EV,2026-06,18,2569940.0,142774.44444444444
1902,21년 아이오닉5(전기),EV,2026-07,14,3588080.0,256291.42857142858
1882,21년 올뉴아반떼CN7(휘),COMPACT,2026-01,45,3679495.0,81766.55555555556
1882,21년 올뉴아반떼CN7(휘),COMPACT,2026-02,27,2007690.0,74358.88888888889
1882,21년 올뉴아반떼CN7(휘),COMPACT,2026-03,57,3682275.0,64601.31578947369
1882,21년 올뉴아반떼CN7(휘),COMPACT,2026-04,11,1077220.0,97929.09090909091
1882,21년 올뉴아반떼CN7(휘),COMPACT,2026-05,14,1123140.0,80224.28571428571
1882,21년 올뉴아반떼CN7(휘),COMPACT,2026-06,18,1548280.0,86015.55555555556
1882,21년 올뉴아반떼CN7(휘),COMPACT,2026-07,13,1989720.0,153055.38461538462
1908,22년 BMW 미니 컨버터블(휘),IMPORTED,2026-01,5,606060.0,121212.0
1908,22년 BMW 미니 컨버터블(휘),IMPORTED,2026-02,7,1096830.0,156690.0
1908,22년 BMW 미니 컨버터블(휘),IMPORTED,2026-03,9,1132920.0,125880.0
1908,22년 BMW 미니 컨버터블(휘),IMPORTED,2026-04,12,2155605.0,179633.75
1908,22년 BMW 미니 컨버터블(휘),IMPORTED,2026-05,9,1055460.0,117273.33333333333
1908,22년 BMW 미니 컨버터블(휘),IMPORTED,2026-06,3,480240.0,160080.0
1908,22년 BMW 미니 컨버터블(휘),IMPORTED,2026-07,3,558450.0,186150.0
1919,22년 BMW 미니 컨버터블S(휘),IMPORTED,2026-03,4,569740.0,142435.0
1919,22년 BMW 미니 컨버터블S(휘),IMPORTED,2026-04,2,274590.0,137295.0
1919,22년 BMW 미니 컨버터블S(휘),IMPORTED,2026-05,1,172900.0,172900.0
1919,22년 BMW 미니 컨버터블S(휘),IMPORTED,2026-06,5,839250.0,167850.0
1919,22년 BMW 미니 컨버터블S(휘),IMPORTED,2026-07,1,131580.0,131580.0
1905,22년 EV6(전기),EV,2026-01,80,9225980.0,115324.75
1905,22년 EV6(전기),EV,2026-02,50,5457910.0,109158.2
1905,22년 EV6(전기),EV,2026-03,80,9602580.0,120032.25
1905,22년 EV6(전기),EV,2026-04,51,9201440.0,180420.39215686274
1905,22년 EV6(전기),EV,2026-05,45,6757025.0,150156.11111111112
1905,22년 EV6(전기),EV,2026-06,50,6770920.0,135418.4
1905,22년 EV6(전기),EV,2026-07,37,9066655.0,245044.72972972973
1916,22년 K5(휘),MIDSIZE,2026-01,25,2122135.0,84885.4
1916,22년 K5(휘),MIDSIZE,2026-02,12,1184090.0,98674.16666666667
1916,22년 K5(휘),MIDSIZE,2026-03,59,5028315.0,85225.67796610169
1916,22년 K5(휘),MIDSIZE,2026-04,12,850400.0,70866.66666666667
1916,22년 K5(휘),MIDSIZE,2026-05,1,54270.0,54270.0
1916,22년 K5(휘),MIDSIZE,2026-06,5,435940.0,87188.0
1916,22년 K5(휘),MIDSIZE,2026-07,5,651510.0,130302.0
1917,22년 XM3(휘),SUV,2026-01,3,134600.0,44866.666666666664
1917,22년 XM3(휘),SUV,2026-02,3,346810.0,115603.33333333333
1917,22년 XM3(휘),SUV,2026-03,1,74790.0,74790.0
1917,22년 XM3(휘),SUV,2026-04,2,162990.0,81495.0
1917,22년 XM3(휘),SUV,2026-05,3,285160.0,95053.33333333333
1917,22년 XM3(휘),SUV,2026-07,1,75300.0,75300.0
1906,22년 k3(휘),COMPACT,2026-01,68,5637570.0,82905.44117647059
1906,22년 k3(휘),COMPACT,2026-02,24,2346900.0,97787.5
1906,22년 k3(휘),COMPACT,2026-03,144,8930220.0,62015.416666666664
1906,22년 k3(휘),COMPACT,2026-04,55,4856400.0,88298.18181818182
1906,22년 k3(휘),COMPACT,2026-05,15,1518230.0,101215.33333333333
1906,22년 k3(휘),COMPACT,2026-06,13,1075170.0,82705.38461538461
1906,22년 k3(휘),COMPACT,2026-07,20,3466555.0,173327.75
1914,22년 니로 하이브리드(휘),SUV,2026-01,9,882290.0,98032.22222222222
1914,22년 니로 하이브리드(휘),SUV,2026-02,16,1210390.0,75649.375
1914,22년 니로 하이브리드(휘),SUV,2026-03,20,1954230.0,97711.5
1914,22년 니로 하이브리드(휘),SUV,2026-04,6,654885.0,109147.5
1914,22년 니로 하이브리드(휘),SUV,2026-05,11,1234480.0,112225.45454545454
1914,22년 니로 하이브리드(휘),SUV,2026-06,9,1242890.0,138098.88888888888
1914,22년 니로 하이브리드(휘),SUV,2026-07,18,3493500.0,194083.33333333334
1915,22년 모닝(휘),URBAN,2026-01,36,2073220.0,57589.444444444445
1915,22년 모닝(휘),URBAN,2026-02,36,1879795.0,52216.52777777778
1915,22년 모닝(휘),URBAN,2026-03,39,1945895.0,49894.743589743586
1915,22년 모닝(휘),URBAN,2026-04,15,1438570.0,95904.66666666667
1915,22년 모닝(휘),URBAN,2026-05,19,1516575.0,79819.73684210527
1915,22년 모닝(휘),URBAN,2026-06,12,714540.0,59545.0
1915,22년 모닝(휘),URBAN,2026-07,10,1401260.0,140126.0
1903,22년 베뉴(휘),SUV,2026-01,6,494000.0,82333.33333333333
1903,22년 베뉴(휘),SUV,2026-02,7,547060.0,78151.42857142857
1903,22년 베뉴(휘),SUV,2026-04,2,287700.0,143850.0
1903,22년 베뉴(휘),SUV,2026-05,3,480895.0,160298.33333333334
1903,22년 베뉴(휘),SUV,2026-06,3,127920.0,42640.0
1903,22년 베뉴(휘),SUV,2026-07,2,436050.0,218025.0
1921,22년 볼보 XC40(휘),IMPORTED,2026-01,3,629820.0,209940.0
1921,22년 볼보 XC40(휘),IMPORTED,2026-02,3,148245.0,49415.0
1921,22년 볼보 XC40(휘),IMPORTED,2026-03,6,781905.0,130317.5
1921,22년 볼보 XC40(휘),IMPORTED,2026-04,6,1321600.0,220266.66666666666
1921,22년 볼보 XC40(휘),IMPORTED,2026-05,3,305550.0,101850.0
1921,22년 볼보 XC40(휘),IMPORTED,2026-06,2,297180.0,148590.0
1912,22년 스포티지 하이브리드(휘),SUV,2026-01,4,491740.0,122935.0
1912,22년 스포티지 하이브리드(휘),SUV,2026-02,7,831340.0,118762.85714285714
1912,22년 스포티지 하이브리드(휘),SUV,2026-03,7,767885.0,109697.85714285714
1912,22년 스포티지 하이브리드(휘),SUV,2026-04,3,180830.0,60276.666666666664
1912,22년 스포티지 하이브리드(휘),SUV,2026-05,4,691820.0,172955.0
1912,22년 스포티지 하이브리드(휘),SUV,2026-06,3,332870.0,110956.66666666667
1912,22년 스포티지 하이브리드(휘),SUV,2026-07,3,866780.0,288926.6666666667
1913,22년 쏘렌토 하이브리드(7인/휘),SUV,2026-01,8,1224770.0,153096.25
1913,22년 쏘렌토 하이브리드(7인/휘),SUV,2026-02,4,748710.0,187177.5
1913,22년 쏘렌토 하이브리드(7인/휘),SUV,2026-03,5,693340.0,138668.0
1913,22년 쏘렌토 하이브리드(7인/휘),SUV,2026-04,3,501435.0,167145.0
1913,22년 쏘렌토 하이브리드(7인/휘),SUV,2026-05,1,112230.0,112230.0
1913,22년 쏘렌토 하이브리드(7인/휘),SUV,2026-06,3,286650.0,95550.0
1913,22년 쏘렌토 하이브리드(7인/휘),SUV,2026-07,2,737640.0,368820.0
1907,22년 캐스퍼(휘),URBAN,2026-01,38,2444715.0,64334.60526315789
1907,22년 캐스퍼(휘),URBAN,2026-02,34,2708710.0,79667.94117647059
1907,22년 캐스퍼(휘),URBAN,2026-03,55,3407020.0,61945.818181818184
1907,22년 캐스퍼(휘),URBAN,2026-04,15,912610.0,60840.666666666664
1907,22년 캐스퍼(휘),URBAN,2026-05,22,1602235.0,72828.86363636363
1907,22년 캐스퍼(휘),URBAN,2026-06,44,3657280.0,83120.0
1907,22년 캐스퍼(휘),URBAN,2026-07,41,6822905.0,166412.31707317074
1918,22년 포르쉐 718박스터 컨버터블(휘),SUPERCAR,2026-01,7,5953770.0,850538.5714285715
1918,22년 포르쉐 718박스터 컨버터블(휘),SUPERCAR,2026-02,3,1279445.0,426481.6666666667
1918,22년 포르쉐 718박스터 컨버터블(휘),SUPERCAR,2026-03,10,4451970.0,445197.0
1918,22년 포르쉐 718박스터 컨버터블(휘),SUPERCAR,2026-04,4,1946070.0,486517.5
1918,22년 포르쉐 718박스터 컨버터블(휘),SUPERCAR,2026-05,5,3101130.0,620226.0
1918,22년 포르쉐 718박스터 컨버터블(휘),SUPERCAR,2026-06,2,746520.0,373260.0
1918,22년 포르쉐 718박스터 컨버터블(휘),SUPERCAR,2026-07,10,6819815.0,681981.5
1931,23년 4세대 쏘렌토(5인/경유),SUV,2026-01,12,2050380.0,170865.0
1931,23년 4세대 쏘렌토(5인/경유),SUV,2026-02,8,1278430.0,159803.75
1931,23년 4세대 쏘렌토(5인/경유),SUV,2026-03,7,899745.0,128535.0
1931,23년 4세대 쏘렌토(5인/경유),SUV,2026-04,4,888930.0,222232.5
1931,23년 4세대 쏘렌토(5인/경유),SUV,2026-05,1,144900.0,144900.0
1931,23년 4세대 쏘렌토(5인/경유),SUV,2026-06,4,949590.0,237397.5
1931,23년 4세대 쏘렌토(5인/경유),SUV,2026-07,5,969310.0,193862.0
1930,23년 4세대 쏘렌토(5인/휘),SUV,2026-01,6,743160.0,123860.0
1930,23년 4세대 쏘렌토(5인/휘),SUV,2026-02,11,2123080.0,193007.27272727274
1930,23년 4세대 쏘렌토(5인/휘),SUV,2026-03,6,873465.0,145577.5
1930,23년 4세대 쏘렌토(5인/휘),SUV,2026-04,6,896320.0,149386.66666666666
1930,23년 4세대 쏘렌토(5인/휘),SUV,2026-05,2,293130.0,146565.0
1930,23년 4세대 쏘렌토(5인/휘),SUV,2026-06,5,746970.0,149394.0
1930,23년 4세대 쏘렌토(5인/휘),SUV,2026-07,5,1134660.0,226932.0
1932,23년 4세대 쏘렌토(7인/휘),SUV,2026-01,2,224550.0,112275.0
1932,23년 4세대 쏘렌토(7인/휘),SUV,2026-02,4,615970.0,153992.5
1932,23년 4세대 쏘렌토(7인/휘),SUV,2026-03,2,607005.0,303502.5
1932,23년 4세대 쏘렌토(7인/휘),SUV,2026-07,3,496940.0,165646.66666666666
1926,23년 4세대 카니발 9인승(경유),RV,2026-01,16,2416495.0,151030.9375
1926,23년 4세대 카니발 9인승(경유),RV,2026-02,9,2288670.0,254296.66666666666
1926,23년 4세대 카니발 9인승(경유),RV,2026-03,7,979350.0,139907.14285714287
1926,23년 4세대 카니발 9인승(경유),RV,2026-04,4,552210.0,138052.5
1926,23년 4세대 카니발 9인승(경유),RV,2026-05,9,1630030.0,181114.44444444444
1926,23년 4세대 카니발 9인승(경유),RV,2026-06,6,1315080.0,219180.0
1926,23년 4세대 카니발 9인승(경유),RV,2026-07,16,5037960.0,314872.5
1924,23년 4세대 카니발 9인승(휘),RV,2026-01,16,3189640.0,199352.5
1924,23년 4세대 카니발 9인승(휘),RV,2026-02,8,1570380.0,196297.5
1924,23년 4세대 카니발 9인승(휘),RV,2026-03,16,3303750.0,206484.375
1924,23년 4세대 카니발 9인승(휘),RV,2026-04,8,3122220.0,390277.5
1924,23년 4세대 카니발 9인승(휘),RV,2026-05,13,2509930.0,193071.53846153847
1924,23년 4세대 카니발 9인승(휘),RV,2026-06,9,2957350.0,328594.44444444444
1924,23년 4세대 카니발 9인승(휘),RV,2026-07,6,1410580.0,235096.66666666666
1925,23년 4세대 카니발 리무진 7인승(경유),RV,2026-01,9,2205720.0,245080.0
1925,23년 4세대 카니발 리무진 7인승(경유),RV,2026-02,5,806060.0,161212.0
1925,23년 4세대 카니발 리무진 7인승(경유),RV,2026-03,5,626750.0,125350.0
1925,23년 4세대 카니발 리무진 7인승(경유),RV,2026-04,8,1227220.0,153402.5
1925,23년 4세대 카니발 리무진 7인승(경유),RV,2026-05,12,1799260.0,149938.33333333334
1925,23년 4세대 카니발 리무진 7인승(경유),RV,2026-06,8,1910300.0,238787.5
1925,23년 4세대 카니발 리무진 7인승(경유),RV,2026-07,4,1386990.0,346747.5
1941,23년 GV70(5인/휘),SUV,2026-01,2,233930.0,116965.0
1941,23년 GV70(5인/휘),SUV,2026-02,5,790640.0,158128.0
1941,23년 GV70(5인/휘),SUV,2026-03,8,1270975.0,158871.875
1941,23년 GV70(5인/휘),SUV,2026-04,7,1562800.0,223257.14285714287
1941,23년 GV70(5인/휘),SUV,2026-05,6,542340.0,90390.0
1941,23년 GV70(5인/휘),SUV,2026-06,6,742730.0,123788.33333333333
1941,23년 GV70(5인/휘),SUV,2026-07,5,1190190.0,238038.0
1936,23년 GV80 4륜(7인/휘),SUV,2026-01,3,454610.0,151536.66666666666
1936,23년 GV80 4륜(7인/휘),SUV,2026-02,7,1353805.0,193400.7142857143
1936,23년 GV80 4륜(7인/휘),SUV,2026-03,4,774770.0,193692.5
1936,23년 GV80 4륜(7인/휘),SUV,2026-04,2,495360.0,247680.0
1936,23년 GV80 4륜(7인/휘),SUV,2026-05,3,1112400.0,370800.0
1936,23년 GV80 4륜(7인/휘),SUV,2026-06,3,484290.0,161430.0
1936,23년 GV80 4륜(7인/휘),SUV,2026-07,2,1139040.0,569520.0
1923,23년 K8(LPG),LUXURY,2026-01,9,1313540.0,145948.88888888888
1923,23년 K8(LPG),LUXURY,2026-02,1,221400.0,221400.0
1923,23년 K8(LPG),LUXURY,2026-03,9,1012670.0,112518.88888888889
1923,23년 K8(LPG),LUXURY,2026-04,6,961735.0,160289.16666666666
1923,23년 K8(LPG),LUXURY,2026-05,2,255085.0,127542.5
1923,23년 K8(LPG),LUXURY,2026-06,5,710330.0,142066.0
1940,23년 디올뉴 그랜저(휘),LUXURY,2026-01,10,1689425.0,168942.5
1940,23년 디올뉴 그랜저(휘),LUXURY,2026-02,10,1459440.0,145944.0
1940,23년 디올뉴 그랜저(휘),LUXURY,2026-03,6,929180.0,154863.33333333334
1940,23년 디올뉴 그랜저(휘),LUXURY,2026-04,3,836990.0,278996.6666666667
1940,23년 디올뉴 그랜저(휘),LUXURY,2026-05,3,289380.0,96460.0
1940,23년 디올뉴 그랜저(휘),LUXURY,2026-06,5,547860.0,109572.0
1940,23년 디올뉴 그랜저(휘),LUXURY,2026-07,1,342810.0,342810.0
1929,23년 머스탱컨버터블(휘),IMPORTED,2026-01,3,535590.0,178530.0
1929,23년 머스탱컨버터블(휘),IMPORTED,2026-02,6,1043180.0,173863.33333333334
1929,23년 머스탱컨버터블(휘),IMPORTED,2026-03,12,2053910.0,171159.16666666666
1929,23년 머스탱컨버터블(휘),IMPORTED,2026-04,8,1677285.0,209660.625
1929,23년 머스탱컨버터블(휘),IMPORTED,2026-05,14,2754090.0,196720.7142857143
1929,23년 머스탱컨버터블(휘),IMPORTED,2026-06,7,1487110.0,212444.2857142857
1929,23년 머스탱컨버터블(휘),IMPORTED,2026-07,6,1449630.0,241605.0
1938,23년 스타리아  9인승 4륜(경유),RV,2026-01,12,2578310.0,214859.16666666666
1938,23년 스타리아  9인승 4륜(경유),RV,2026-02,5,1474120.0,294824.0
1938,23년 스타리아  9인승 4륜(경유),RV,2026-03,11,3397820.0,308892.7272727273
1938,23년 스타리아  9인승 4륜(경유),RV,2026-04,9,1529420.0,169935.55555555556
1938,23년 스타리아  9인승 4륜(경유),RV,2026-05,9,3180800.0,353422.22222222225
1938,23년 스타리아  9인승 4륜(경유),RV,2026-06,10,2113230.0,211323.0
1938,23년 스타리아  9인승 4륜(경유),RV,2026-07,14,4715540.0,336824.28571428574
1922,23년 쏠라티(15인/경유),RV,2026-01,3,1359700.0,453233.3333333333
1922,23년 쏠라티(15인/경유),RV,2026-02,1,1421550.0,1421550.0
1922,23년 쏠라티(15인/경유),RV,2026-03,2,1232010.0,616005.0
1922,23년 쏠라티(15인/경유),RV,2026-04,1,289620.0,289620.0
1922,23년 쏠라티(15인/경유),RV,2026-06,2,1445310.0,722655.0
1922,23년 쏠라티(15인/경유),RV,2026-07,4,3170150.0,792537.5
1935,23년 지프 랭글러 파워탑(휘),IMPORTED,2026-01,8,1390760.0,173845.0
1935,23년 지프 랭글러 파워탑(휘),IMPORTED,2026-02,11,2132860.0,193896.36363636365
1935,23년 지프 랭글러 파워탑(휘),IMPORTED,2026-03,15,2687130.0,179142.0
1935,23년 지프 랭글러 파워탑(휘),IMPORTED,2026-04,12,2499835.0,208319.58333333334
1935,23년 지프 랭글러 파워탑(휘),IMPORTED,2026-05,14,3126750.0,223339.2857142857
1935,23년 지프 랭글러 파워탑(휘),IMPORTED,2026-06,4,599940.0,149985.0
1935,23년 지프 랭글러 파워탑(휘),IMPORTED,2026-07,7,2073870.0,296267.14285714284
1933,23년 카니발 하이리무진 9인승(경유),RV,2026-01,4,1134070.0,283517.5
1933,23년 카니발 하이리무진 9인승(경유),RV,2026-02,4,530280.0,132570.0
1933,23년 카니발 하이리무진 9인승(경유),RV,2026-03,6,1160800.0,193466.66666666666
1933,23년 카니발 하이리무진 9인승(경유),RV,2026-04,3,838970.0,279656.6666666667
1933,23년 카니발 하이리무진 9인승(경유),RV,2026-05,5,656100.0,131220.0
1933,23년 카니발 하이리무진 9인승(경유),RV,2026-06,11,1812550.0,164777.27272727274
1933,23년 카니발 하이리무진 9인승(경유),RV,2026-07,2,803520.0,401760.0
1928,23년 투싼 하이브리드(휘),SUV,2026-01,16,1836015.0,114750.9375
1928,23년 투싼 하이브리드(휘),SUV,2026-02,15,1936160.0,129077.33333333333
1928,23년 투싼 하이브리드(휘),SUV,2026-03,17,1520255.0,89426.76470588235
1928,23년 투싼 하이브리드(휘),SUV,2026-04,16,2218660.0,138666.25
1928,23년 투싼 하이브리드(휘),SUV,2026-05,10,1675935.0,167593.5
1928,23년 투싼 하이브리드(휘),SUV,2026-06,10,1279120.0,127912.0
1928,23년 투싼 하이브리드(휘),SUV,2026-07,8,2783235.0,347904.375
1956,24년 BMW 420i 컨버터블(휘),IMPORTED,2026-01,3,235430.0,78476.66666666667
1956,24년 BMW 420i 컨버터블(휘),IMPORTED,2026-02,8,1299930.0,162491.25
1956,24년 BMW 420i 컨버터블(휘),IMPORTED,2026-03,12,2264095.0,188674.58333333334
1956,24년 BMW 420i 컨버터블(휘),IMPORTED,2026-04,19,4812330.0,253280.52631578947
1956,24년 BMW 420i 컨버터블(휘),IMPORTED,2026-05,19,4821560.0,253766.31578947368
1956,24년 BMW 420i 컨버터블(휘),IMPORTED,2026-06,8,1962790.0,245348.75
1956,24년 BMW 420i 컨버터블(휘),IMPORTED,2026-07,12,3300320.0,275026.6666666667
1934,24년 BMW 미니 컨버터블(휘),IMPORTED,2026-01,3,256140.0,85380.0
1934,24년 BMW 미니 컨버터블(휘),IMPORTED,2026-02,7,798415.0,114059.28571428571
1934,24년 BMW 미니 컨버터블(휘),IMPORTED,2026-03,14,1978995.0,141356.7857142857
1934,24년 BMW 미니 컨버터블(휘),IMPORTED,2026-04,11,1162155.0,105650.45454545454
1934,24년 BMW 미니 컨버터블(휘),IMPORTED,2026-05,8,1351960.0,168995.0
1934,24년 BMW 미니 컨버터블(휘),IMPORTED,2026-06,6,922230.0,153705.0
1934,24년 BMW 미니 컨버터블(휘),IMPORTED,2026-07,6,1450530.0,241755.0
1972,24년 G80 4륜(휘),LUXURY,2026-01,14,2539610.0,181400.7142857143
1972,24년 G80 4륜(휘),LUXURY,2026-02,6,690670.0,115111.66666666667
1972,24년 G80 4륜(휘),LUXURY,2026-03,9,1740600.0,193400.0
1972,24년 G80 4륜(휘),LUXURY,2026-04,3,485910.0,161970.0
1972,24년 G80 4륜(휘),LUXURY,2026-05,5,970770.0,194154.0
1972,24년 G80 4륜(휘),LUXURY,2026-06,3,407790.0,135930.0
1972,24년 G80 4륜(휘),LUXURY,2026-07,6,2307630.0,384605.0
1970,24년 더 뉴 K3(휘),COMPACT,2026-01,61,4590705.0,75257.45901639345
1970,24년 더 뉴 K3(휘),COMPACT,2026-02,53,5569190.0,105079.05660377358
1970,24년 더 뉴 K3(휘),COMPACT,2026-03,45,2821600.0,62702.22222222222
1970,24년 더 뉴 K3(휘),COMPACT,2026-04,11,1106130.0,100557.27272727272
1970,24년 더 뉴 K3(휘),COMPACT,2026-05,9,724040.0,80448.88888888889
1970,24년 더 뉴 K3(휘),COMPACT,2026-06,57,5006885.0,87840.08771929824
1970,24년 더 뉴 K3(휘),COMPACT,2026-07,44,6920540.0,157285.0
1946,24년 더 뉴 K5 하이브리드(휘),MIDSIZE,2026-01,53,4645235.0,87645.94339622642
1946,24년 더 뉴 K5 하이브리드(휘),MIDSIZE,2026-02,49,4961225.0,101249.48979591837
1946,24년 더 뉴 K5 하이브리드(휘),MIDSIZE,2026-03,64,6219305.0,97176.640625
1946,24년 더 뉴 K5 하이브리드(휘),MIDSIZE,2026-04,40,3804370.0,95109.25
1946,24년 더 뉴 K5 하이브리드(휘),MIDSIZE,2026-05,40,3630835.0,90770.875
1946,24년 더 뉴 K5 하이브리드(휘),MIDSIZE,2026-06,30,2279145.0,75971.5
1946,24년 더 뉴 K5 하이브리드(휘),MIDSIZE,2026-07,15,3077410.0,205160.66666666666
1952,24년 더 뉴 K5(휘),MIDSIZE,2026-01,37,4254210.0,114978.64864864865
1952,24년 더 뉴 K5(휘),MIDSIZE,2026-02,38,3204090.0,84318.15789473684
1952,24년 더 뉴 K5(휘),MIDSIZE,2026-03,62,6314435.0,101845.7258064516
1952,24년 더 뉴 K5(휘),MIDSIZE,2026-04,31,3915680.0,126312.25806451614
1952,24년 더 뉴 K5(휘),MIDSIZE,2026-05,36,2663230.0,73978.61111111111
1952,24년 더 뉴 K5(휘),MIDSIZE,2026-06,34,3423690.0,100696.76470588235
1952,24년 더 뉴 K5(휘),MIDSIZE,2026-07,38,7413525.0,195092.76315789475
1959,24년 더 뉴 셀토스(휘),SUV,2026-01,52,5068600.0,97473.07692307692
1959,24년 더 뉴 셀토스(휘),SUV,2026-02,41,5439915.0,132680.8536585366
1959,24년 더 뉴 셀토스(휘),SUV,2026-03,46,4200580.0,91316.95652173914
1959,24년 더 뉴 셀토스(휘),SUV,2026-04,21,2090350.0,99540.47619047618
1959,24년 더 뉴 셀토스(휘),SUV,2026-05,31,3900420.0,125820.0
1959,24년 더 뉴 셀토스(휘),SUV,2026-06,22,4031920.0,183269.0909090909
1959,24년 더 뉴 셀토스(휘),SUV,2026-07,19,3590005.0,188947.63157894736
1944,24년 더 뉴 쏘렌토 4륜(7인/휘),SUV,2026-01,41,5681360.0,138569.75609756098
1944,24년 더 뉴 쏘렌토 4륜(7인/휘),SUV,2026-02,37,5542425.0,149795.27027027027
1944,24년 더 뉴 쏘렌토 4륜(7인/휘),SUV,2026-03,22,2427500.0,110340.90909090909
1944,24년 더 뉴 쏘렌토 4륜(7인/휘),SUV,2026-04,19,3015965.0,158735.0
1944,24년 더 뉴 쏘렌토 4륜(7인/휘),SUV,2026-05,22,2897605.0,131709.31818181818
1944,24년 더 뉴 쏘렌토 4륜(7인/휘),SUV,2026-06,17,2643470.0,155498.23529411765
1944,24년 더 뉴 쏘렌토 4륜(7인/휘),SUV,2026-07,17,5479820.0,322342.35294117645
1957,24년 더 뉴 쏘렌토 하이브리드 4륜(5인/휘),SUV,2026-01,15,2222250.0,148150.0
1957,24년 더 뉴 쏘렌토 하이브리드 4륜(5인/휘),SUV,2026-02,14,2025340.0,144667.14285714287
1957,24년 더 뉴 쏘렌토 하이브리드 4륜(5인/휘),SUV,2026-03,24,3586205.0,149425.20833333334
1957,24년 더 뉴 쏘렌토 하이브리드 4륜(5인/휘),SUV,2026-04,16,2192065.0,137004.0625
1957,24년 더 뉴 쏘렌토 하이브리드 4륜(5인/휘),SUV,2026-05,13,2353540.0,181041.53846153847
1957,24년 더 뉴 쏘렌토 하이브리드 4륜(5인/휘),SUV,2026-06,27,4436740.0,164323.7037037037
1957,24년 더 뉴 쏘렌토 하이브리드 4륜(5인/휘),SUV,2026-07,6,1239210.0,206535.0
1951,24년 더 뉴 쏘렌토 하이브리드(7인/휘),SUV,2026-01,14,2292965.0,163783.2142857143
1951,24년 더 뉴 쏘렌토 하이브리드(7인/휘),SUV,2026-02,10,1539045.0,153904.5
1951,24년 더 뉴 쏘렌토 하이브리드(7인/휘),SUV,2026-03,26,4072870.0,156648.84615384616
1951,24년 더 뉴 쏘렌토 하이브리드(7인/휘),SUV,2026-04,14,3134095.0,223863.92857142858
1951,24년 더 뉴 쏘렌토 하이브리드(7인/휘),SUV,2026-05,10,1690550.0,169055.0
1951,24년 더 뉴 쏘렌토 하이브리드(7인/휘),SUV,2026-06,17,3007100.0,176888.23529411765
1951,24년 더 뉴 쏘렌토 하이브리드(7인/휘),SUV,2026-07,8,1954450.0,244306.25
1942,24년 더 뉴 아반떼(휘),COMPACT,2026-01,85,6263440.0,73687.5294117647
1942,24년 더 뉴 아반떼(휘),COMPACT,2026-02,100,7173495.0,71734.95
1942,24년 더 뉴 아반떼(휘),COMPACT,2026-03,105,8230760.0,78388.19047619047
1942,24년 더 뉴 아반떼(휘),COMPACT,2026-04,40,3920050.0,98001.25
1942,24년 더 뉴 아반떼(휘),COMPACT,2026-05,74,6118595.0,82683.71621621621
1942,24년 더 뉴 아반떼(휘),COMPACT,2026-06,59,5680150.0,96273.72881355933
1942,24년 더 뉴 아반떼(휘),COMPACT,2026-07,68,13897600.0,204376.4705882353
1969,24년 더 뉴 카니발 9인승(경유),RV,2026-01,28,6552520.0,234018.57142857142
1969,24년 더 뉴 카니발 9인승(경유),RV,2026-02,14,2279270.0,162805.0
1969,24년 더 뉴 카니발 9인승(경유),RV,2026-03,14,2476840.0,176917.14285714287
1969,24년 더 뉴 카니발 9인승(경유),RV,2026-04,14,3086375.0,220455.35714285713
1969,24년 더 뉴 카니발 9인승(경유),RV,2026-05,9,1099895.0,122210.55555555556
1969,24년 더 뉴 카니발 9인승(경유),RV,2026-06,10,2311470.0,231147.0
1969,24년 더 뉴 카니발 9인승(경유),RV,2026-07,19,6463340.0,340175.7894736842
1976,24년 더 뉴 카니발 9인승(휘),RV,2026-01,20,4692420.0,234621.0
1976,24년 더 뉴 카니발 9인승(휘),RV,2026-02,14,4172300.0,298021.4285714286
1976,24년 더 뉴 카니발 9인승(휘),RV,2026-03,16,3189250.0,199328.125
1976,24년 더 뉴 카니발 9인승(휘),RV,2026-04,7,1268280.0,181182.85714285713
1976,24년 더 뉴 카니발 9인승(휘),RV,2026-05,6,954040.0,159006.66666666666
1976,24년 더 뉴 카니발 9인승(휘),RV,2026-06,10,2445370.0,244537.0
1976,24년 더 뉴 카니발 9인승(휘),RV,2026-07,4,1168580.0,292145.0
1958,24년 더 뉴 카니발 하이브리드 9인승(휘),RV,2026-01,8,1877465.0,234683.125
1958,24년 더 뉴 카니발 하이브리드 9인승(휘),RV,2026-02,1,105870.0,105870.0
1958,24년 더 뉴 카니발 하이브리드 9인승(휘),RV,2026-03,8,1519230.0,189903.75
1958,24년 더 뉴 카니발 하이브리드 9인승(휘),RV,2026-04,5,1413750.0,282750.0
1958,24년 더 뉴 카니발 하이브리드 9인승(휘),RV,2026-05,4,908210.0,227052.5
1958,24년 더 뉴 카니발 하이브리드 9인승(휘),RV,2026-06,2,627180.0,313590.0
1958,24년 더 뉴 카니발 하이브리드 9인승(휘),RV,2026-07,3,618330.0,206110.0
1973,24년 더 뉴 카니발리무진 7인(경유),RV,2026-01,15,3490540.0,232702.66666666666
1973,24년 더 뉴 카니발리무진 7인(경유),RV,2026-02,18,3684765.0,204709.16666666666
1973,24년 더 뉴 카니발리무진 7인(경유),RV,2026-03,11,2407090.0,218826.36363636365
1973,24년 더 뉴 카니발리무진 7인(경유),RV,2026-04,6,2812380.0,468730.0
1973,24년 더 뉴 카니발리무진 7인(경유),RV,2026-05,7,2651025.0,378717.85714285716
1973,24년 더 뉴 카니발리무진 7인(경유),RV,2026-06,4,774000.0,193500.0
1973,24년 더 뉴 카니발리무진 7인(경유),RV,2026-07,1,112860.0,112860.0
1975,24년 더 뉴 투싼 4륜(휘),SUV,2026-01,24,3163800.0,131825.0
1975,24년 더 뉴 투싼 4륜(휘),SUV,2026-02,12,1426805.0,118900.41666666667
1975,24년 더 뉴 투싼 4륜(휘),SUV,2026-03,18,2967905.0,164883.61111111112
1975,24년 더 뉴 투싼 4륜(휘),SUV,2026-04,5,800040.0,160008.0
1975,24년 더 뉴 투싼 4륜(휘),SUV,2026-05,9,1291960.0,143551.11111111112
1975,24년 더 뉴 투싼 4륜(휘),SUV,2026-06,20,3069590.0,153479.5
1975,24년 더 뉴 투싼 4륜(휘),SUV,2026-07,7,2020305.0,288615.0
1953,24년 더 올뉴머스탱컨버터블2.3 (휘),IMPORTED,2026-01,14,2439570.0,174255.0
1953,24년 더 올뉴머스탱컨버터블2.3 (휘),IMPORTED,2026-02,22,5608675.0,254939.77272727274
1953,24년 더 올뉴머스탱컨버터블2.3 (휘),IMPORTED,2026-03,54,9941030.0,184093.14814814815
1953,24년 더 올뉴머스탱컨버터블2.3 (휘),IMPORTED,2026-04,40,9787470.0,244686.75
1953,24년 더 올뉴머스탱컨버터블2.3 (휘),IMPORTED,2026-05,36,8207760.0,227993.33333333334
1953,24년 더 올뉴머스탱컨버터블2.3 (휘),IMPORTED,2026-06,41,10055230.0,245249.51219512196
1953,24년 더 올뉴머스탱컨버터블2.3 (휘),IMPORTED,2026-07,43,12417305.0,288774.5348837209
1947,24년 더뉴그랜저 하이브리드(휘),LUXURY,2026-01,27,4637415.0,171756.11111111112
1947,24년 더뉴그랜저 하이브리드(휘),LUXURY,2026-02,8,1743050.0,217881.25
1947,24년 더뉴그랜저 하이브리드(휘),LUXURY,2026-03,11,1417830.0,128893.63636363637
1947,24년 더뉴그랜저 하이브리드(휘),LUXURY,2026-04,15,2811885.0,187459.0
1947,24년 더뉴그랜저 하이브리드(휘),LUXURY,2026-05,6,954630.0,159105.0
1947,24년 더뉴그랜저 하이브리드(휘),LUXURY,2026-06,12,3361410.0,280117.5
1947,24년 더뉴그랜저 하이브리드(휘),LUXURY,2026-07,10,3481620.0,348162.0
1943,24년 디올뉴 싼타페 4륜(7인/휘),SUV,2026-01,49,7868750.0,160586.73469387754
1943,24년 디올뉴 싼타페 4륜(7인/휘),SUV,2026-02,42,6454450.0,153677.38095238095
1943,24년 디올뉴 싼타페 4륜(7인/휘),SUV,2026-03,40,5798315.0,144957.875
1943,24년 디올뉴 싼타페 4륜(7인/휘),SUV,2026-04,21,2745960.0,130760.0
1943,24년 디올뉴 싼타페 4륜(7인/휘),SUV,2026-05,26,3875170.0,149045.0
1943,24년 디올뉴 싼타페 4륜(7인/휘),SUV,2026-06,19,3873020.0,203843.15789473685
1943,24년 디올뉴 싼타페 4륜(7인/휘),SUV,2026-07,21,6559260.0,312345.71428571426
1939,24년 레이(휘),URBAN,2026-01,27,1966285.0,72825.37037037036
1939,24년 레이(휘),URBAN,2026-02,22,1650345.0,75015.68181818182
1939,24년 레이(휘),URBAN,2026-03,21,1519280.0,72346.66666666667
1939,24년 레이(휘),URBAN,2026-04,5,226570.0,45314.0
1939,24년 레이(휘),URBAN,2026-05,3,185480.0,61826.666666666664
1939,24년 레이(휘),URBAN,2026-06,8,427080.0,53385.0
1939,24년 레이(휘),URBAN,2026-07,4,1101295.0,275323.75
1968,24년 벤츠 CLE 컨버터블(휘),IMPORTED,2026-01,9,1499450.0,166605.55555555556
1968,24년 벤츠 CLE 컨버터블(휘),IMPORTED,2026-02,15,3121790.0,208119.33333333334
1968,24년 벤츠 CLE 컨버터블(휘),IMPORTED,2026-03,38,7088850.0,186548.68421052632
1968,24년 벤츠 CLE 컨버터블(휘),IMPORTED,2026-04,23,6184440.0,268888.6956521739
1968,24년 벤츠 CLE 컨버터블(휘),IMPORTED,2026-05,15,4821520.0,321434.6666666667
1968,24년 벤츠 CLE 컨버터블(휘),IMPORTED,2026-06,17,4732130.0,278360.5882352941
1968,24년 벤츠 CLE 컨버터블(휘),IMPORTED,2026-07,22,7114540.0,323388.1818181818
1948,24년 스타리아  11인승(경유),RV,2026-01,27,5620370.0,208161.85185185185
1948,24년 스타리아  11인승(경유),RV,2026-02,12,3035980.0,252998.33333333334
1948,24년 스타리아  11인승(경유),RV,2026-03,26,6007740.0,231066.92307692306
1948,24년 스타리아  11인승(경유),RV,2026-04,11,2713150.0,246650.0
1948,24년 스타리아  11인승(경유),RV,2026-05,5,1771350.0,354270.0
1948,24년 스타리아  11인승(경유),RV,2026-06,23,7941040.0,345262.60869565216
1948,24년 스타리아  11인승(경유),RV,2026-07,9,2307400.0,256377.77777777778
1945,24년 스타리아 11인승 4륜(경유),RV,2026-01,14,2946540.0,210467.14285714287
1945,24년 스타리아 11인승 4륜(경유),RV,2026-02,7,1371740.0,195962.85714285713
1945,24년 스타리아 11인승 4륜(경유),RV,2026-03,2,577060.0,288530.0
1945,24년 스타리아 11인승 4륜(경유),RV,2026-04,4,902460.0,225615.0
1945,24년 스타리아 11인승 4륜(경유),RV,2026-05,1,72100.0,72100.0
1945,24년 스타리아 11인승 4륜(경유),RV,2026-06,3,432600.0,144200.0
1945,24년 스타리아 11인승 4륜(경유),RV,2026-07,3,1308330.0,436110.0
1950,24년 스타리아라운지 4륜 7인승(경유),RV,2026-01,7,1334985.0,190712.14285714287
1950,24년 스타리아라운지 4륜 7인승(경유),RV,2026-02,5,1012250.0,202450.0
1950,24년 스타리아라운지 4륜 7인승(경유),RV,2026-03,14,3218440.0,229888.57142857142
1950,24년 스타리아라운지 4륜 7인승(경유),RV,2026-04,7,1824210.0,260601.42857142858
1950,24년 스타리아라운지 4륜 7인승(경유),RV,2026-05,10,2439660.0,243966.0
1950,24년 스타리아라운지 4륜 7인승(경유),RV,2026-06,7,1654860.0,236408.57142857142
1950,24년 스타리아라운지 4륜 7인승(경유),RV,2026-07,8,3650870.0,456358.75
1971,24년 싼타페 하이브리드 4륜 (7인/휘),SUV,2026-01,32,6153355.0,192292.34375
1971,24년 싼타페 하이브리드 4륜 (7인/휘),SUV,2026-02,23,4085930.0,177649.13043478262
1971,24년 싼타페 하이브리드 4륜 (7인/휘),SUV,2026-03,19,2637755.0,138829.2105263158
1971,24년 싼타페 하이브리드 4륜 (7인/휘),SUV,2026-04,22,4372750.0,198761.36363636365
1971,24년 싼타페 하이브리드 4륜 (7인/휘),SUV,2026-05,20,3659330.0,182966.5
1971,24년 싼타페 하이브리드 4륜 (7인/휘),SUV,2026-06,23,2747000.0,119434.78260869565
1971,24년 싼타페 하이브리드 4륜 (7인/휘),SUV,2026-07,10,3299540.0,329954.0
1974,24년 쏘나타 디엣지 하이브리드(휘),MIDSIZE,2026-01,20,2288915.0,114445.75
1974,24년 쏘나타 디엣지 하이브리드(휘),MIDSIZE,2026-02,20,2055850.0,102792.5
1974,24년 쏘나타 디엣지 하이브리드(휘),MIDSIZE,2026-03,13,1616765.0,124366.53846153847
1974,24년 쏘나타 디엣지 하이브리드(휘),MIDSIZE,2026-04,8,1033175.0,129146.875
1974,24년 쏘나타 디엣지 하이브리드(휘),MIDSIZE,2026-05,11,1513920.0,137629.0909090909
1974,24년 쏘나타 디엣지 하이브리드(휘),MIDSIZE,2026-06,6,683340.0,113890.0
1974,24년 쏘나타 디엣지 하이브리드(휘),MIDSIZE,2026-07,10,2567450.0,256745.0
1937,24년 쏘나타 디엣지(휘),MIDSIZE,2026-01,117,10345425.0,88422.43589743589
1937,24년 쏘나타 디엣지(휘),MIDSIZE,2026-02,86,9234295.0,107375.52325581395
1937,24년 쏘나타 디엣지(휘),MIDSIZE,2026-03,64,5951950.0,92999.21875
1937,24년 쏘나타 디엣지(휘),MIDSIZE,2026-04,62,5489460.0,88539.67741935483
1937,24년 쏘나타 디엣지(휘),MIDSIZE,2026-05,51,5015930.0,98351.56862745098
1937,24년 쏘나타 디엣지(휘),MIDSIZE,2026-06,39,4405470.0,112960.76923076923
1937,24년 쏘나타 디엣지(휘),MIDSIZE,2026-07,38,6451715.0,169781.97368421053
1949,24년 쏠라티(15인/경유),RV,2026-01,2,851850.0,425925.0
1949,24년 쏠라티(15인/경유),RV,2026-02,1,1288350.0,1288350.0
1949,24년 쏠라티(15인/경유),RV,2026-03,5,2996470.0,599294.0
1949,24년 쏠라티(15인/경유),RV,2026-04,1,591000.0,591000.0
1949,24년 쏠라티(15인/경유),RV,2026-06,4,2211670.0,552917.5
1949,24년 쏠라티(15인/경유),RV,2026-07,2,920430.0,460215.0
1960,24년 카니발 하이리무진 9인승(경유),RV,2026-01,16,3809625.0,238101.5625
1960,24년 카니발 하이리무진 9인승(경유),RV,2026-02,21,4973880.0,236851.42857142858
1960,24년 카니발 하이리무진 9인승(경유),RV,2026-03,18,4645650.0,258091.66666666666
1960,24년 카니발 하이리무진 9인승(경유),RV,2026-04,11,2867600.0,260690.9090909091
1960,24년 카니발 하이리무진 9인승(경유),RV,2026-05,14,3798790.0,271342.14285714284
1960,24년 카니발 하이리무진 9인승(경유),RV,2026-06,17,4511360.0,265374.1176470588
1960,24년 카니발 하이리무진 9인승(경유),RV,2026-07,23,10440505.0,453935.0
1977,24년 코나(휘),SUV,2026-01,28,2253090.0,80467.5
1977,24년 코나(휘),SUV,2026-02,23,2094595.0,91069.34782608696
1977,24년 코나(휘),SUV,2026-03,21,1948190.0,92770.95238095238
1977,24년 코나(휘),SUV,2026-04,16,2260990.0,141311.875
1977,24년 코나(휘),SUV,2026-05,15,1513540.0,100902.66666666667
1977,24년 코나(휘),SUV,2026-06,17,1780640.0,104743.5294117647
1977,24년 코나(휘),SUV,2026-07,8,1409370.0,176171.25
2227,25년 BMW X7 xdrive40i 하이브리드(휘),SUPERCAR,2026-01,2,2332500.0,1166250.0
2227,25년 BMW X7 xdrive40i 하이브리드(휘),SUPERCAR,2026-02,1,558090.0,558090.0
2227,25년 BMW X7 xdrive40i 하이브리드(휘),SUPERCAR,2026-04,2,3470220.0,1735110.0
2227,25년 BMW X7 xdrive40i 하이브리드(휘),SUPERCAR,2026-05,1,1095120.0,1095120.0
2227,25년 BMW X7 xdrive40i 하이브리드(휘),SUPERCAR,2026-07,4,2102790.0,525697.5
2214,25년 BMW 미니 컨버터블(휘),IMPORTED,2026-01,7,606705.0,86672.14285714286
2214,25년 BMW 미니 컨버터블(휘),IMPORTED,2026-02,21,3033620.0,144458.09523809524
2214,25년 BMW 미니 컨버터블(휘),IMPORTED,2026-03,20,2186510.0,109325.5
2214,25년 BMW 미니 컨버터블(휘),IMPORTED,2026-04,12,2850865.0,237572.08333333334
2214,25년 BMW 미니 컨버터블(휘),IMPORTED,2026-05,12,2223020.0,185251.66666666666
2214,25년 BMW 미니 컨버터블(휘),IMPORTED,2026-06,10,1463900.0,146390.0
2214,25년 BMW 미니 컨버터블(휘),IMPORTED,2026-07,22,4651250.0,211420.45454545456
2141,25년 BMW 미니 컨트리맨 4륜(휘),IMPORTED,2026-01,20,3628945.0,181447.25
2141,25년 BMW 미니 컨트리맨 4륜(휘),IMPORTED,2026-02,16,2738155.0,171134.6875
2141,25년 BMW 미니 컨트리맨 4륜(휘),IMPORTED,2026-03,10,988580.0,98858.0
2141,25년 BMW 미니 컨트리맨 4륜(휘),IMPORTED,2026-04,9,1949395.0,216599.44444444444
2141,25년 BMW 미니 컨트리맨 4륜(휘),IMPORTED,2026-05,13,3028810.0,232985.38461538462
2141,25년 BMW 미니 컨트리맨 4륜(휘),IMPORTED,2026-06,5,754380.0,150876.0
2141,25년 BMW 미니 컨트리맨 4륜(휘),IMPORTED,2026-07,10,2205540.0,220554.0
2099,25년 EV3(전기),EV,2026-01,27,3406205.0,126155.74074074074
2099,25년 EV3(전기),EV,2026-02,34,4516655.0,132842.79411764705
2099,25년 EV3(전기),EV,2026-03,44,6587115.0,149707.1590909091
2099,25년 EV3(전기),EV,2026-04,25,4226880.0,169075.2
2099,25년 EV3(전기),EV,2026-05,36,6808150.0,189115.27777777778
2099,25년 EV3(전기),EV,2026-06,31,4507705.0,145409.83870967742
2099,25년 EV3(전기),EV,2026-07,29,7487500.0,258189.6551724138
2102,25년 G80 4륜(휘),LUXURY,2026-01,40,8590400.0,214760.0
2102,25년 G80 4륜(휘),LUXURY,2026-02,12,2359935.0,196661.25
2102,25년 G80 4륜(휘),LUXURY,2026-03,31,5209800.0,168058.06451612903
2102,25년 G80 4륜(휘),LUXURY,2026-04,19,4375835.0,230307.1052631579
2102,25년 G80 4륜(휘),LUXURY,2026-05,28,4824200.0,172292.85714285713
2102,25년 G80 4륜(휘),LUXURY,2026-06,19,4151230.0,218485.7894736842
2102,25년 G80 4륜(휘),LUXURY,2026-07,28,7382195.0,263649.8214285714
2133,25년 GV70 4륜(5인/휘),SUV,2026-01,17,3747210.0,220424.11764705883
2133,25년 GV70 4륜(5인/휘),SUV,2026-02,17,3452780.0,203104.70588235295
2133,25년 GV70 4륜(5인/휘),SUV,2026-03,18,3032140.0,168452.22222222222
2133,25년 GV70 4륜(5인/휘),SUV,2026-04,14,3223360.0,230240.0
2133,25년 GV70 4륜(5인/휘),SUV,2026-05,19,3128950.0,164681.57894736843
2133,25년 GV70 4륜(5인/휘),SUV,2026-06,15,2390820.0,159388.0
2133,25년 GV70 4륜(5인/휘),SUV,2026-07,14,4032140.0,288010.0
2120,25년 GV80 4륜(7인/휘),SUV,2026-01,15,3735960.0,249064.0
2120,25년 GV80 4륜(7인/휘),SUV,2026-02,24,6433460.0,268060.8333333333
2120,25년 GV80 4륜(7인/휘),SUV,2026-03,24,3839880.0,159995.0
2120,25년 GV80 4륜(7인/휘),SUV,2026-04,24,4474165.0,186423.54166666666
2120,25년 GV80 4륜(7인/휘),SUV,2026-05,28,4858565.0,173520.17857142858
2120,25년 GV80 4륜(7인/휘),SUV,2026-06,27,5218590.0,193281.11111111112
2120,25년 GV80 4륜(7인/휘),SUV,2026-07,23,10577430.0,459888.26086956525
2103,25년 GV80 쿠페 4륜(5인/휘),SUV,2026-01,5,1699650.0,339930.0
2103,25년 GV80 쿠페 4륜(5인/휘),SUV,2026-02,9,2206290.0,245143.33333333334
2103,25년 GV80 쿠페 4륜(5인/휘),SUV,2026-03,9,1448305.0,160922.77777777778
2103,25년 GV80 쿠페 4륜(5인/휘),SUV,2026-04,9,2785440.0,309493.3333333333
2103,25년 GV80 쿠페 4륜(5인/휘),SUV,2026-05,7,1281040.0,183005.7142857143
2103,25년 GV80 쿠페 4륜(5인/휘),SUV,2026-06,16,2844410.0,177775.625
2103,25년 GV80 쿠페 4륜(5인/휘),SUV,2026-07,2,398610.0,199305.0
2117,25년 더뉴스포티지 하이브리드 4륜(휘),SUV,2026-01,69,10908985.0,158101.23188405798
2117,25년 더뉴스포티지 하이브리드 4륜(휘),SUV,2026-02,53,9680365.0,182648.3962264151
2117,25년 더뉴스포티지 하이브리드 4륜(휘),SUV,2026-03,48,6650845.0,138559.27083333334
2117,25년 더뉴스포티지 하이브리드 4륜(휘),SUV,2026-04,27,3964505.0,146833.5185185185
2117,25년 더뉴스포티지 하이브리드 4륜(휘),SUV,2026-05,31,5019510.0,161919.67741935485
2117,25년 더뉴스포티지 하이브리드 4륜(휘),SUV,2026-06,29,5072280.0,174906.2068965517
2117,25년 더뉴스포티지 하이브리드 4륜(휘),SUV,2026-07,38,9617040.0,253080.0
2106,25년 레이(휘),URBAN,2026-01,89,5927335.0,66599.26966292135
2106,25년 레이(휘),URBAN,2026-02,72,5434325.0,75476.73611111111
2106,25년 레이(휘),URBAN,2026-03,115,6595960.0,57356.17391304348
2106,25년 레이(휘),URBAN,2026-04,96,9248125.0,96334.63541666667
2106,25년 레이(휘),URBAN,2026-05,102,9351790.0,91684.2156862745
2106,25년 레이(휘),URBAN,2026-06,85,6697555.0,78794.76470588235
2106,25년 레이(휘),URBAN,2026-07,51,5830270.0,114319.01960784313
2111,25년 쏠라티(15인/경유),RV,2026-01,4,1786990.0,446747.5
2111,25년 쏠라티(15인/경유),RV,2026-02,9,5431120.0,603457.7777777778
2111,25년 쏠라티(15인/경유),RV,2026-03,12,6190335.0,515861.25
2111,25년 쏠라티(15인/경유),RV,2026-04,5,3935660.0,787132.0
2111,25년 쏠라티(15인/경유),RV,2026-05,7,3687390.0,526770.0
2111,25년 쏠라티(15인/경유),RV,2026-06,6,4489650.0,748275.0
2111,25년 쏠라티(15인/경유),RV,2026-07,7,6334200.0,904885.7142857143
2155,25년 아반떼 하이브리드(휘),COMPACT,2026-01,69,6615885.0,95882.39130434782
2155,25년 아반떼 하이브리드(휘),COMPACT,2026-02,79,7283775.0,92199.6835443038
2155,25년 아반떼 하이브리드(휘),COMPACT,2026-03,68,6068310.0,89239.85294117648
2155,25년 아반떼 하이브리드(휘),COMPACT,2026-04,22,3551560.0,161434.54545454544
2155,25년 아반떼 하이브리드(휘),COMPACT,2026-05,26,3163080.0,121656.92307692308
2155,25년 아반떼 하이브리드(휘),COMPACT,2026-06,33,3030110.0,91821.51515151515
2155,25년 아반떼 하이브리드(휘),COMPACT,2026-07,33,7433525.0,225258.33333333334
2224,25년 카니발 리무진 하이브리드 7인(휘),RV,2026-01,17,5409060.0,318180.0
2224,25년 카니발 리무진 하이브리드 7인(휘),RV,2026-02,23,5557370.0,241624.78260869565
2224,25년 카니발 리무진 하이브리드 7인(휘),RV,2026-03,35,9081740.0,259478.2857142857
2224,25년 카니발 리무진 하이브리드 7인(휘),RV,2026-04,21,6350460.0,302402.85714285716
2224,25년 카니발 리무진 하이브리드 7인(휘),RV,2026-05,15,3910775.0,260718.33333333334
2224,25년 카니발 리무진 하이브리드 7인(휘),RV,2026-06,13,2506650.0,192819.23076923078
2224,25년 카니발 리무진 하이브리드 7인(휘),RV,2026-07,9,3468340.0,385371.1111111111
2105,25년 카니발 하이브리드 9인승(휘),RV,2026-01,26,4866825.0,187185.57692307694
2105,25년 카니발 하이브리드 9인승(휘),RV,2026-02,29,7700910.0,265548.6206896552
2105,25년 카니발 하이브리드 9인승(휘),RV,2026-03,46,13306525.0,289272.2826086957
2105,25년 카니발 하이브리드 9인승(휘),RV,2026-04,21,5957570.0,283693.8095238095
2105,25년 카니발 하이브리드 9인승(휘),RV,2026-05,31,6872270.0,221686.12903225806
2105,25년 카니발 하이브리드 9인승(휘),RV,2026-06,26,6066110.0,233311.92307692306
2105,25년 카니발 하이브리드 9인승(휘),RV,2026-07,29,8277330.0,285425.1724137931
2124,25년 카니발리무진 7인승(경유),RV,2026-01,13,2754945.0,211918.84615384616
2124,25년 카니발리무진 7인승(경유),RV,2026-02,10,1815550.0,181555.0
2124,25년 카니발리무진 7인승(경유),RV,2026-03,20,4581700.0,229085.0
2124,25년 카니발리무진 7인승(경유),RV,2026-04,10,2344035.0,234403.5
2124,25년 카니발리무진 7인승(경유),RV,2026-05,5,1064400.0,212880.0
2124,25년 카니발리무진 7인승(경유),RV,2026-06,12,2786680.0,232223.33333333334
2124,25년 카니발리무진 7인승(경유),RV,2026-07,9,2484470.0,276052.22222222225
2123,25년 카니발리무진 7인승(휘),RV,2026-01,22,5612130.0,255096.81818181818
2123,25년 카니발리무진 7인승(휘),RV,2026-02,11,3572200.0,324745.45454545453
2123,25년 카니발리무진 7인승(휘),RV,2026-03,29,5219495.0,179982.58620689655
2123,25년 카니발리무진 7인승(휘),RV,2026-04,11,4242750.0,385704.54545454547
2123,25년 카니발리무진 7인승(휘),RV,2026-05,12,3345730.0,278810.8333333333
2123,25년 카니발리무진 7인승(휘),RV,2026-06,13,4238560.0,326043.07692307694
2123,25년 카니발리무진 7인승(휘),RV,2026-07,6,1676430.0,279405.0
2104,25년 투싼 4륜(휘),SUV,2026-01,36,5623490.0,156208.05555555556
2104,25년 투싼 4륜(휘),SUV,2026-02,31,4790740.0,154540.0
2104,25년 투싼 4륜(휘),SUV,2026-03,30,3776950.0,125898.33333333333
2104,25년 투싼 4륜(휘),SUV,2026-04,9,1256240.0,139582.22222222222
2104,25년 투싼 4륜(휘),SUV,2026-05,17,2635070.0,155004.11764705883
2104,25년 투싼 4륜(휘),SUV,2026-06,9,1623940.0,180437.77777777778
2104,25년 투싼 4륜(휘),SUV,2026-07,18,4046715.0,224817.5
2143,25년 투싼 하이브리드 4륜(휘),SUV,2026-01,46,6083355.0,132246.84782608695
2143,25년 투싼 하이브리드 4륜(휘),SUV,2026-02,39,5686635.0,145811.15384615384
2143,25년 투싼 하이브리드 4륜(휘),SUV,2026-03,36,4031640.0,111990.0
2143,25년 투싼 하이브리드 4륜(휘),SUV,2026-04,59,10241745.0,173588.89830508476
2143,25년 투싼 하이브리드 4륜(휘),SUV,2026-05,50,8236195.0,164723.9
2143,25년 투싼 하이브리드 4륜(휘),SUV,2026-06,61,8943790.0,146619.50819672132
2143,25년 투싼 하이브리드 4륜(휘),SUV,2026-07,45,10966215.0,243693.66666666666
2217,25년 팰리세이드 4륜(휘),SUV,2026-01,34,5855995.0,172235.14705882352
2217,25년 팰리세이드 4륜(휘),SUV,2026-02,31,6659230.0,214813.87096774194
2217,25년 팰리세이드 4륜(휘),SUV,2026-03,16,2922365.0,182647.8125
2217,25년 팰리세이드 4륜(휘),SUV,2026-04,5,1998700.0,399740.0
2217,25년 팰리세이드 4륜(휘),SUV,2026-05,13,2081630.0,160125.38461538462
2217,25년 팰리세이드 4륜(휘),SUV,2026-06,10,1641800.0,164180.0
2217,25년 팰리세이드 4륜(휘),SUV,2026-07,14,5723125.0,408794.64285714284
2250,25년 팰리세이드 하이브리드 4륜 (휘),SUV,2026-01,22,4915785.0,223444.77272727274
2250,25년 팰리세이드 하이브리드 4륜 (휘),SUV,2026-02,14,2940115.0,210008.2142857143
2250,25년 팰리세이드 하이브리드 4륜 (휘),SUV,2026-03,13,1512540.0,116349.23076923077
2250,25년 팰리세이드 하이브리드 4륜 (휘),SUV,2026-04,6,1534445.0,255740.83333333334
2250,25년 팰리세이드 하이브리드 4륜 (휘),SUV,2026-05,20,4536495.0,226824.75
2250,25년 팰리세이드 하이브리드 4륜 (휘),SUV,2026-06,19,3633475.0,191235.52631578947
2250,25년 팰리세이드 하이브리드 4륜 (휘),SUV,2026-07,12,3368080.0,280673.3333333333
2213,25년 포르쉐 카이엔 하이브리드 쿠페 4륜,SUPERCAR,2026-01,4,2161110.0,540277.5
2213,25년 포르쉐 카이엔 하이브리드 쿠페 4륜,SUPERCAR,2026-02,1,1095120.0,1095120.0
2213,25년 포르쉐 카이엔 하이브리드 쿠페 4륜,SUPERCAR,2026-03,6,4740500.0,790083.3333333334
2213,25년 포르쉐 카이엔 하이브리드 쿠페 4륜,SUPERCAR,2026-04,2,1706630.0,853315.0
2213,25년 포르쉐 카이엔 하이브리드 쿠페 4륜,SUPERCAR,2026-06,9,6736885.0,748542.7777777778
2213,25년 포르쉐 카이엔 하이브리드 쿠페 4륜,SUPERCAR,2026-07,3,1987740.0,662580.0
2256,26년  스포티지(휘),SUV,2026-01,14,2188150.0,156296.42857142858
2256,26년  스포티지(휘),SUV,2026-02,6,743780.0,123963.33333333333
2256,26년  스포티지(휘),SUV,2026-03,8,1287860.0,160982.5
2256,26년  스포티지(휘),SUV,2026-04,7,1041490.0,148784.2857142857
2256,26년  스포티지(휘),SUV,2026-05,8,1570405.0,196300.625
2256,26년  스포티지(휘),SUV,2026-06,7,761030.0,108718.57142857143
2256,26년  스포티지(휘),SUV,2026-07,2,381240.0,190620.0
2252,26년 BMW 420i 컨버터블(휘),IMPORTED,2026-01,15,3177340.0,211822.66666666666
2252,26년 BMW 420i 컨버터블(휘),IMPORTED,2026-02,27,5685010.0,210555.92592592593
2252,26년 BMW 420i 컨버터블(휘),IMPORTED,2026-03,52,10002965.0,192364.71153846153
2252,26년 BMW 420i 컨버터블(휘),IMPORTED,2026-04,31,8653670.0,279150.6451612903
2252,26년 BMW 420i 컨버터블(휘),IMPORTED,2026-05,33,8388995.0,254211.9696969697
2252,26년 BMW 420i 컨버터블(휘),IMPORTED,2026-06,22,5492340.0,249651.81818181818
2252,26년 BMW 420i 컨버터블(휘),IMPORTED,2026-07,28,9632550.0,344019.64285714284
2293,26년 BMW 520i  M스포츠(휘),IMPORTED,2026-02,8,1510460.0,188807.5
2293,26년 BMW 520i  M스포츠(휘),IMPORTED,2026-03,5,1084670.0,216934.0
2293,26년 BMW 520i  M스포츠(휘),IMPORTED,2026-04,5,1085090.0,217018.0
2293,26년 BMW 520i  M스포츠(휘),IMPORTED,2026-05,13,2581740.0,198595.38461538462
2293,26년 BMW 520i  M스포츠(휘),IMPORTED,2026-06,4,631770.0,157942.5
2293,26년 BMW 520i  M스포츠(휘),IMPORTED,2026-07,9,2729090.0,303232.22222222225
2307,26년 EV4(전기),EV,2026-04,20,3490335.0,174516.75
2307,26년 EV4(전기),EV,2026-05,22,3754420.0,170655.45454545456
2307,26년 EV4(전기),EV,2026-06,23,4087290.0,177708.26086956522
2307,26년 EV4(전기),EV,2026-07,22,5490180.0,249553.63636363635
2289,26년 그랜저 GN7(휘),LUXURY,2026-02,22,3979780.0,180899.0909090909
2289,26년 그랜저 GN7(휘),LUXURY,2026-03,23,4188430.0,182105.65217391305
2289,26년 그랜저 GN7(휘),LUXURY,2026-04,18,4197135.0,233174.16666666666
2289,26년 그랜저 GN7(휘),LUXURY,2026-05,19,3315565.0,174503.42105263157
2289,26년 그랜저 GN7(휘),LUXURY,2026-06,13,2986680.0,229744.61538461538
2289,26년 그랜저 GN7(휘),LUXURY,2026-07,11,3353990.0,304908.1818181818
2290,26년 더 K5 고급형 (휘),MIDSIZE,2026-02,44,5016435.0,114009.88636363637
2290,26년 더 K5 고급형 (휘),MIDSIZE,2026-03,71,5073805.0,71462.04225352113
2290,26년 더 K5 고급형 (휘),MIDSIZE,2026-04,55,6017215.0,109403.90909090909
2290,26년 더 K5 고급형 (휘),MIDSIZE,2026-05,49,5146735.0,105035.40816326531
2290,26년 더 K5 고급형 (휘),MIDSIZE,2026-06,39,5251810.0,134661.79487179487
2290,26년 더 K5 고급형 (휘),MIDSIZE,2026-07,45,9517180.0,211492.88888888888
2291,26년 더 K5 하이브리드(휘),MIDSIZE,2026-02,22,2762720.0,125578.18181818182
2291,26년 더 K5 하이브리드(휘),MIDSIZE,2026-03,33,3382460.0,102498.78787878787
2291,26년 더 K5 하이브리드(휘),MIDSIZE,2026-04,30,4016600.0,133886.66666666666
2291,26년 더 K5 하이브리드(휘),MIDSIZE,2026-05,24,2765620.0,115234.16666666667
2291,26년 더 K5 하이브리드(휘),MIDSIZE,2026-06,25,4109870.0,164394.8
2291,26년 더 K5 하이브리드(휘),MIDSIZE,2026-07,16,3411690.0,213230.625
2297,26년 더 K5(휘),MIDSIZE,2026-02,24,1734440.0,72268.33333333333
2297,26년 더 K5(휘),MIDSIZE,2026-03,31,2947700.0,95087.09677419355
2297,26년 더 K5(휘),MIDSIZE,2026-04,34,4380910.0,128850.29411764706
2297,26년 더 K5(휘),MIDSIZE,2026-05,34,3323465.0,97748.9705882353
2297,26년 더 K5(휘),MIDSIZE,2026-06,17,1549980.0,91175.29411764706
2297,26년 더 K5(휘),MIDSIZE,2026-07,22,4177095.0,189867.95454545456
2282,26년 더 K8(휘),LUXURY,2026-01,9,2315600.0,257288.88888888888
2282,26년 더 K8(휘),LUXURY,2026-02,21,3518200.0,167533.33333333334
2282,26년 더 K8(휘),LUXURY,2026-03,23,3831765.0,166598.47826086957
2282,26년 더 K8(휘),LUXURY,2026-04,13,2282160.0,175550.76923076922
2282,26년 더 K8(휘),LUXURY,2026-05,16,2792640.0,174540.0
2282,26년 더 K8(휘),LUXURY,2026-06,17,3669720.0,215865.88235294117
2282,26년 더 K8(휘),LUXURY,2026-07,5,1866165.0,373233.0
2262,26년 레이(휘),URBAN,2026-01,31,1987270.0,64105.48387096774
2262,26년 레이(휘),URBAN,2026-02,55,4402965.0,80053.90909090909
2262,26년 레이(휘),URBAN,2026-03,39,3413900.0,87535.89743589744
2262,26년 레이(휘),URBAN,2026-04,27,3043590.0,112725.55555555556
2262,26년 레이(휘),URBAN,2026-05,33,3744090.0,113457.27272727272
2262,26년 레이(휘),URBAN,2026-06,23,2168940.0,94301.73913043478
2262,26년 레이(휘),URBAN,2026-07,18,2377125.0,132062.5
2286,26년 스타리아 11인승 하이브리드(휘),RV,2026-02,32,10170270.0,317820.9375
2286,26년 스타리아 11인승 하이브리드(휘),RV,2026-03,36,9995585.0,277655.1388888889
2286,26년 스타리아 11인승 하이브리드(휘),RV,2026-04,21,6947350.0,330826.1904761905
2286,26년 스타리아 11인승 하이브리드(휘),RV,2026-05,23,6035350.0,262406.52173913043
2286,26년 스타리아 11인승 하이브리드(휘),RV,2026-06,25,6199935.0,247997.4
2286,26년 스타리아 11인승 하이브리드(휘),RV,2026-07,4,1867440.0,466860.0
2288,26년 스포티지 4륜(휘),SUV,2026-02,40,5803970.0,145099.25
2288,26년 스포티지 4륜(휘),SUV,2026-03,51,5121620.0,100423.92156862745
2288,26년 스포티지 4륜(휘),SUV,2026-04,39,6389605.0,163836.02564102566
2288,26년 스포티지 4륜(휘),SUV,2026-05,44,7276650.0,165378.4090909091
2288,26년 스포티지 4륜(휘),SUV,2026-06,27,2971520.0,110056.29629629629
2288,26년 스포티지 4륜(휘),SUV,2026-07,47,11130410.0,236817.2340425532
2254,26년 쏠라티(15인/경유),RV,2026-01,4,2509585.0,627396.25
2254,26년 쏠라티(15인/경유),RV,2026-02,3,2182050.0,727350.0
2254,26년 쏠라티(15인/경유),RV,2026-03,4,2599420.0,649855.0
2254,26년 쏠라티(15인/경유),RV,2026-04,6,4328645.0,721440.8333333334
2254,26년 쏠라티(15인/경유),RV,2026-06,3,1564560.0,521520.0
2254,26년 쏠라티(15인/경유),RV,2026-07,2,656280.0,328140.0
2295,26년 아반떼(휘),COMPACT,2026-02,40,3802740.0,95068.5
2295,26년 아반떼(휘),COMPACT,2026-03,61,5961820.0,97734.75409836066
2295,26년 아반떼(휘),COMPACT,2026-04,53,5353985.0,101018.58490566038
2295,26년 아반떼(휘),COMPACT,2026-05,53,5301145.0,100021.60377358491
2295,26년 아반떼(휘),COMPACT,2026-06,47,3905850.0,83103.1914893617
2295,26년 아반떼(휘),COMPACT,2026-07,71,13393450.0,188640.14084507042
2326,26년 아우디 Q4 e-tron,IMPORTED,2026-07,4,933570.0,233392.5
2257,26년 카니발리무진 7인승(휘),RV,2026-01,60,14738690.0,245644.83333333334
2257,26년 카니발리무진 7인승(휘),RV,2026-02,29,7793200.0,268731.0344827586
2257,26년 카니발리무진 7인승(휘),RV,2026-03,38,7813490.0,205618.15789473685
2257,26년 카니발리무진 7인승(휘),RV,2026-04,33,10108250.0,306310.6060606061
2257,26년 카니발리무진 7인승(휘),RV,2026-05,30,6963610.0,232120.33333333334
2257,26년 카니발리무진 7인승(휘),RV,2026-06,34,8034110.0,236297.35294117648
2257,26년 카니발리무진 7인승(휘),RV,2026-07,22,8972450.0,407838.63636363635
2312,26년 테슬라 모델Y RWD(전기),IMPORTED,2026-04,11,2310595.0,210054.0909090909
2312,26년 테슬라 모델Y RWD(전기),IMPORTED,2026-05,27,5854660.0,216839.25925925927
2312,26년 테슬라 모델Y RWD(전기),IMPORTED,2026-06,18,5450980.0,302832.22222222225
2312,26년 테슬라 모델Y RWD(전기),IMPORTED,2026-07,23,5159245.0,224315.0
2255,26년 투싼(휘),SUV,2026-01,35,5421745.0,154907.0
2255,26년 투싼(휘),SUV,2026-02,25,4577390.0,183095.6
2255,26년 투싼(휘),SUV,2026-03,37,4962670.0,134126.2162162162
2255,26년 투싼(휘),SUV,2026-04,21,3367435.0,160354.04761904763
2255,26년 투싼(휘),SUV,2026-05,28,3992230.0,142579.64285714287
2255,26년 투싼(휘),SUV,2026-06,23,3012460.0,130976.52173913043
2255,26년 투싼(휘),SUV,2026-07,14,2147640.0,153402.85714285713
2263,26년 팰리세이드4륜(휘),SUV,2026-01,37,6836740.0,184776.75675675675
2263,26년 팰리세이드4륜(휘),SUV,2026-02,45,9486810.0,210818.0
2263,26년 팰리세이드4륜(휘),SUV,2026-03,56,9629270.0,171951.25
2263,26년 팰리세이드4륜(휘),SUV,2026-04,46,9866575.0,214490.76086956522
2263,26년 팰리세이드4륜(휘),SUV,2026-05,60,10362555.0,172709.25
2263,26년 팰리세이드4륜(휘),SUV,2026-06,57,11280740.0,197907.71929824562
2263,26년 팰리세이드4륜(휘),SUV,2026-07,40,10022825.0,250570.625
