vehicle_class,baseline_0_1_revenue_per_fleet_day,baseline_0_1_utilization_rate,replacement_review_start_age_bucket,old_age_revenue_per_fleet_day,old_age_utilization_rate,recommendation_reason
RV,20067.875702241727,0.2120668316831683,2-3년,2194.861360679949,0.03140208142050573,보유일당 매출과 가동률이 신차급 대비 50% 미만으로 동시 하락
SUV,19292.82414688142,0.2953073309065005,2-3년,511.28255699462244,0.012007887517146777,보유일당 매출과 가동률이 신차급 대비 50% 미만으로 동시 하락
URBAN,10423.703202045424,0.3276221298542727,2-3년,84.31851311953353,0.004306112325882734,보유일당 매출과 가동률이 신차급 대비 50% 미만으로 동시 하락
COMPACT,13429.389561451071,0.31345553942273846,4-5년,945.2378001416464,0.0312661104327771,보유일당 매출과 가동률이 신차급 대비 50% 미만으로 동시 하락
LUXURY,23162.913404092425,0.27853160091607565,4-5년,2653.1331533030248,0.04888771448350888,보유일당 매출과 가동률이 신차급 대비 50% 미만으로 동시 하락
MIDSIZE,13863.492876679316,0.3069846296992145,4-5년,1371.367813347714,0.044695061848746775,보유일당 매출과 가동률이 신차급 대비 50% 미만으로 동시 하락
EV,13362.201793616197,0.2119891210452435,6-7년,3485.0036768015234,0.09263897786319311,보유일당 매출과 가동률이 신차급 대비 50% 미만으로 동시 하락
IMPORTED,23680.880181144723,0.2236627982475925,6-7년,5390.271417657265,0.08109257065121994,보유일당 매출과 가동률이 신차급 대비 50% 미만으로 동시 하락
SUPERCAR,28111.963812886144,0.06922992056487202,8년+까지 추가 관찰,,,신차급 대비 매출/가동률이 동시에 50% 미만으로 하락한 충분한 구간 없음
