model_family,vehicle_class,model_year_latest,first_month,last_month,active_months,early_revenue_krw,recent_revenue_krw,early_reservations,recent_reservations,early_revenue_per_fleet_day,recent_revenue_per_fleet_day,early_utilization_rate,recent_utilization_rate,early_family_revenue_share,recent_family_revenue_share,newest_model_year,family_model_year_count,newest_recent_revenue_share,has_newer_year_in_family,year_gap_to_newest,revenue_per_fleet_day_retention,reservation_retention,family_share_change,newer_year_pressure,hold_value_score,cannibalization_risk_score,year_switch_signal
GV80,SUV,2025.0,2025-01,2026-08,20,6973078.494987123,16282424.853448987,40.0,66.0,15884.005683341966,32306.39851874799,0.19514996203492788,0.3111800044091711,0.736986191486425,0.8069526595906044,2025.0,3,0.8069526595906042,False,0.0,2.0338949231571153,1.65,0.06996646810417939,0.0,100.0,0.0,추가 관찰
캐스퍼,URBAN,2022.0,2025-01,2026-08,20,2754253.481012658,7545867.047275641,41.0,71.0,3060.28164556962,10480.370898993946,0.10255787037037038,0.26701388888888894,1.0,1.0,2022.0,1,1.0,False,0.0,3.424642602476283,1.7317073170731707,0.0,0.0,100.0,0.0,추가 관찰
벤츠,IMPORTED,2024.0,2025-01,2026-08,20,2336501.176470588,11782146.126760563,16.0,35.0,5192.224836601306,40910.22960680751,0.06625,0.27645158179012347,0.3183404070712641,0.4977660104898143,2024.0,4,0.4977660104898143,False,0.0,7.879132913971858,2.1875,0.17942560341855018,0.0,99.91064041959257,0.0,추가 관찰
포르쉐,SUPERCAR,2025.0,2025-05,2026-08,16,4861625.0,6212860.0,4.0,8.0,60020.06172839506,86289.72222222222,0.11985596707818931,0.2282021604938272,0.41784997410016383,0.5115190713311429,2025.0,2,0.5115190713311429,False,0.0,1.4376813308307406,2.0,0.0936690972309791,0.0,97.23802734901358,0.0,추가 관찰
EV6,EV,2022.0,2025-01,2026-08,20,6792768.72900336,18360784.973314,69.0,100.0,3594.057528573206,12143.37630510185,0.08832120811287476,0.20490749926513813,1.0,1.0,2022.0,1,1.0,False,0.0,3.378737320858248,1.4492753623188406,0.0,0.0,96.61812145349283,0.0,추가 관찰
머스탱,IMPORTED,2024.0,2025-01,2026-08,20,9447351.627027027,18756144.545661915,60.0,74.0,13121.321704204205,32562.750947329714,0.1633082561728395,0.2724790219907407,0.7121959580406277,0.8928350654548943,2024.0,4,0.8928350654548943,False,0.0,2.481666990673377,1.2333333333333334,0.1806391074142666,0.0,96.44444444444444,0.0,추가 관찰
G80,LUXURY,2025.0,2025-01,2026-08,20,6184785.0,10326571.408111636,39.0,48.0,15657.683544303798,28684.920578087876,0.21751054852320673,0.2958198302469136,0.7633411932850793,0.7106212634988327,2025.0,4,0.7106212634988327,False,0.0,1.8320028308736214,1.2307692307692308,-0.05271992978624662,0.0,96.41025641025641,2.108797191449865,추가 관찰
투싼,SUV,2025.0,2025-01,2026-08,20,9649903.351298701,20109498.285182808,90.0,128.0,12292.870511208537,17456.161705887855,0.2450504246284501,0.28263044945987653,0.6498181393078916,0.5515576663656448,2026.0,5,0.19569866433706795,True,1.0,1.420023231349543,1.4222222222222223,-0.09826047294224671,0.19569866433706795,95.13985171774827,8.865898882745888,구형 연식도 보유 가치 있음
EV3,EV,2025.0,2025-01,2026-08,20,1643340.0,9372126.96963347,28.0,52.0,4994.954407294833,11833.493648527108,0.12041962174940898,0.16513222502805838,1.0,1.0,2025.0,1,1.0,False,0.0,2.3690894217662923,1.8571428571428572,0.0,0.0,94.9079335016835,0.0,추가 관찰
쏘렌토,SUV,2024.0,2025-01,2026-08,20,8069220.0,16914809.342965975,59.0,92.0,4075.3636363636365,10678.541251872459,0.07299031986531986,0.16120449284511784,0.9219231553613528,0.6984395137632284,2024.0,5,0.6984395137632284,False,0.0,2.6202670987663574,1.5593220338983051,-0.2234836415981244,0.0,94.67226957070707,8.939345663924975,추가 관찰
K3,COMPACT,2024.0,2025-01,2026-08,20,4723473.754337266,9019964.534932945,82.0,89.0,5248.304171485851,13919.698356378001,0.17225925925925925,0.3299179098079561,0.5766175386242927,0.5096633022446754,2024.0,6,0.5096633022446754,False,0.0,2.6522278247522353,1.0853658536585367,-0.06695423637961728,0.0,94.47154471544715,2.6781694551846913,추가 관찰
포르쉐,SUPERCAR,2022.0,2025-01,2026-08,20,2114130.0,5933041.0,3.0,10.0,11745.166666666666,82403.34722222222,0.03263888888888889,0.23668981481481477,1.0,0.4884809286688571,2025.0,2,0.5115190713311429,True,3.0,7.015936815616826,3.3333333333333335,-0.5115190713311428,0.5115190713311429,93.62543532233174,33.672786069967145,신형 전환 영향 큼
테슬라 모델Y RWD,IMPORTED,2026.0,2026-04,2026-08,5,7484395.0,11564016.157894736,36.0,43.0,18078.248792270533,25812.53606672932,0.18037104133118625,0.22018539186507938,1.0,1.0,2026.0,1,1.0,False,0.0,1.4278228142189098,1.1944444444444444,0.0,0.0,92.45291510293858,0.0,추가 관찰
더뉴그랜드스타렉스12인,RV,2019.0,2025-01,2026-08,20,49210.00000000001,1637752.1186440676,1.0,7.0,273.3888888888889,11373.278601694914,0.007638888888888889,0.12232349537037036,1.0,1.0,2019.0,1,1.0,False,0.0,41.601100351657884,7.0,0.0,0.0,92.33940972222223,0.0,추가 관찰
아우디A5 카브리올레,IMPORTED,2021.0,2025-01,2026-08,20,277620.27777777775,818662.5,2.0,4.0,3084.6697530864194,11370.3125,0.03634259259259259,0.12210648148148147,1.0,1.0,2021.0,1,1.0,False,0.0,3.686071252400111,2.0,0.0,0.0,92.32638888888889,0.0,추가 관찰
스타리아,RV,2026.0,2026-02,2026-08,7,7372890.0,10030329.137147494,39.0,38.0,18524.849246231155,27862.02538096526,0.23183975432719148,0.23954475308641973,0.27827823556047804,0.4927162961157018,2026.0,4,0.4927162961157018,False,0.0,1.5040352021560304,0.9743589743589743,0.21443806055522374,0.0,92.07279002126626,0.5128205128205132,추가 관찰
레이,URBAN,2025.0,2025-01,2026-08,20,7113875.5677839825,12624105.773209017,130.0,146.0,6185.978754594767,8766.74012028404,0.19471557971014491,0.2555545910493827,0.7553411957421698,0.6178950442946805,2026.0,5,0.19382535662714373,True,1.0,1.417195316710772,1.123076923076923,-0.1374461514474894,0.19382535662714373,91.10399613133887,10.405226407306731,구형 연식도 보유 가치 있음
EV4,EV,2026.0,2026-04,2026-08,5,6203071.6870229,8407234.129829135,47.0,41.0,12607.86928256687,19461.19011534522,0.19799429765130985,0.24047550154320987,1.0,1.0,2026.0,1,1.0,False,0.0,1.5435748641726927,0.8723404255319149,0.0,0.0,91.05973576635147,2.5531914893617014,추가 관찰
BMW Z4 로드스터,IMPORTED,2021.0,2025-01,2026-08,20,1036900.0,2464125.7857142854,7.0,9.0,5760.555555555556,17111.984623015873,0.07384259259259258,0.14515817901234568,1.0,1.0,2021.0,1,1.0,False,0.0,2.9705441529008167,1.2857142857142858,0.0,0.0,90.85234788359787,0.0,추가 관찰
니로 하이브리드,SUV,2022.0,2025-01,2026-08,20,989320.6734693877,3008908.778625954,9.0,21.0,1374.0564909297052,5223.799962892281,0.03206983024691358,0.08734085648148147,1.0,1.0,2022.0,1,1.0,False,0.0,3.801735952906701,2.3333333333333335,0.0,0.0,90.24045138888889,0.0,추가 관찰
아이오닉,EV,2021.0,2025-01,2026-08,20,2239720.0,5478076.554295091,25.0,32.0,2488.5777777777776,7608.439658743182,0.06751543209876543,0.12401138117283951,1.0,1.0,2021.0,1,1.0,False,0.0,3.0573445309542553,1.28,0.0,0.0,89.50734953703703,0.0,추가 관찰
QM6,SUV,2021.0,2025-01,2026-08,20,402706.4893617021,836235.0,3.0,5.0,1491.5055161544524,3871.4583333333335,0.03263888888888889,0.0697337962962963,0.6418129468006682,1.0,2021.0,2,1.0,False,0.0,2.5956714818696156,1.6666666666666667,0.35818705319933175,0.0,89.18402777777777,0.0,추가 관찰
SM6,MIDSIZE,2020.0,2025-01,2026-08,20,200080.0,363185.0,2.0,3.0,1111.5555555555557,2522.1180555555557,0.032214506172839504,0.055121527777777776,1.0,1.0,2020.0,1,1.0,False,0.0,2.268998650539784,1.5,0.0,0.0,88.30729166666667,0.0,추가 관찰
벤츠,SUPERCAR,2021.0,2025-01,2026-08,20,3365470.0,7618254.661508704,5.0,10.0,37394.11111111111,105809.09252095422,0.08016975308641976,0.26630015432098764,0.45853393979646195,0.32185207932039434,2024.0,4,0.4977660104898143,True,3.0,2.829565655580314,2.0,-0.13668186047606762,0.4977660104898143,87.89642306791762,18.93376457638992,추가 관찰
팰리세이드,SUV,2026.0,2026-01,2026-08,8,16841953.943661973,19908820.04328427,115.0,104.0,16463.29808764611,21270.106883850716,0.25286398935592486,0.2864323658594492,0.43546182564384794,0.646515135268396,2026.0,3,0.6465151352683961,False,0.0,1.2919711937799137,0.9043478260869565,0.21105330962454805,0.0,87.20396553602407,1.9130434782608696,추가 관찰
싼타페,SUV,2024.0,2025-01,2026-08,20,9143585.0,14163975.838552378,73.0,73.0,5079.769444444444,9836.09433232804,0.09091473765432098,0.1348283179012346,1.0,1.0,2024.0,2,1.0,False,0.0,1.9363269219010348,1.0,0.0,0.0,86.4230324074074,0.0,추가 관찰
그랜저 GN7,LUXURY,2026.0,2026-02,2026-08,7,6408029.804573869,7590581.146299483,44.0,33.0,15553.470399451138,21084.947628609676,0.21552218176914778,0.23526234567901233,1.0,1.0,2026.0,1,1.0,False,0.0,1.3556426371154913,0.75,0.0,0.0,85.74740227343554,5.0,추가 관찰
K5,MIDSIZE,2026.0,2026-02,2026-08,7,19606965.022266902,24040046.49915791,271.0,181.0,9545.747333138706,12659.318851583945,0.2738771908471275,0.2478212216956293,0.44586507532505953,0.5952717455594867,2026.0,5,0.5952717455594867,False,0.0,1.326173678160982,0.6678966789667896,0.14940667023442716,0.0,84.7186148450512,6.642066420664207,추가 관찰
카니발,RV,2025.0,2025-01,2026-08,20,15687782.89971618,29709910.849874567,96.0,122.0,12879.953119635615,18756.256849668287,0.1944712415617588,0.1985791070426487,0.405700636752518,0.3380255964154503,2026.0,7,0.16807330751477997,True,1.0,1.456236422248633,1.2708333333333333,-0.06767504033706767,0.16807330751477997,84.67833150094168,7.228101226204407,구형 연식도 보유 가치 있음
K3,COMPACT,2022.0,2025-01,2026-08,20,2322234.071390231,7280429.43452381,40.0,60.0,1032.1040317289917,4815.098832357017,0.0404608024691358,0.11749660126396237,0.2834864686450197,0.41137276016865454,2024.0,6,0.5096633022446754,True,2.0,4.6653231499258,1.5,0.12788629152363484,0.5096633022446754,83.40807346013717,11.64494953367013,구형 연식도 보유 가치 있음
스포티지,SUV,2026.0,2025-12,2026-08,9,5938892.852991029,14937005.15887056,45.0,84.0,24540.87955781417,18859.854998573937,0.421857782369146,0.25871212121212117,0.15240294262413404,0.5290696863856692,2026.0,3,0.5290696863856692,False,0.0,0.7685077038149062,1.8666666666666667,0.3766667437615352,0.0,82.9318464223478,8.102230366478283,추가 관찰
코나,EV,2020.0,2025-01,2026-08,20,4049030.887096774,9810349.485650115,58.0,68.0,1285.4066308243725,3892.9958276389343,0.03904122574955909,0.0716779651675485,0.5193236126577785,0.7884188314868947,2024.0,3,0.21158116851310524,True,4.0,3.0286103512179885,1.1724137931034482,0.26909521882911625,0.21158116851310524,82.81705013296784,11.173717527696578,구형 연식도 보유 가치 있음
더뉴그랜저 하이브리드,LUXURY,2024.0,2025-01,2026-08,20,3515390.238095238,4153437.29946524,31.0,19.0,7811.978306878306,11537.32583184789,0.1471064814814815,0.14949845679012344,1.0,1.0,2024.0,1,1.0,False,0.0,1.4768763274328964,0.6129032258064516,0.0,0.0,81.60239805826102,7.741935483870968,추가 관찰
더 K8,LUXURY,2026.0,2026-01,2026-08,8,5386928.712871287,6318519.271523179,31.0,28.0,21042.690284653465,21939.303026122147,0.30391438802083337,0.2751736111111111,1.0,1.0,2026.0,1,1.0,False,0.0,1.0426092257852877,0.9032258064516129,0.0,0.0,81.37055935434489,1.9354838709677424,추가 관찰
카니발,RV,2024.0,2025-01,2026-08,20,13758085.885714285,29214674.71631746,80.0,95.0,5661.763738977072,15028.124854072768,0.08386202560585278,0.14737940100594424,0.3557968796490101,0.33239102920796143,2026.0,7,0.16807330751477997,True,2.0,2.654318609343446,1.1875,-0.023405850441048648,0.16807330751477997,81.29100548686064,7.457333630363646,구형 연식도 보유 가치 있음
아반떼,COMPACT,2024.0,2025-01,2026-08,20,11774390.208959132,14936165.758349506,165.0,120.0,8176.659867332731,12965.421665233946,0.24897569444444442,0.2772081163194444,0.814306557323796,0.3637391062290028,2026.0,6,0.29586802377985083,True,2.0,1.5856623457009877,0.7272727272727273,-0.4505674510947932,0.29586802377985083,81.2878537083313,31.915263855034944,구형 연식도 보유 가치 있음
모닝,URBAN,2022.0,2025-01,2026-08,20,1443311.6585858585,2509328.0020263423,37.0,32.0,763.65696221474,2323.4518537280946,0.04024911816578484,0.07878022119341564,1.0,1.0,2022.0,2,1.0,False,0.0,3.0425334524413605,0.8648648648648649,0.0,0.0,81.25834480313647,2.7027027027027017,추가 관찰
쏘나타,MIDSIZE,2024.0,2025-01,2026-08,20,11868400.129270855,12303210.674642857,148.0,101.0,6593.555627372697,8543.896301835317,0.18559799382716047,0.19418161651234567,0.8221742668050316,0.8761777418310065,2024.0,3,0.8761777418310065,False,0.0,1.2957949829627453,0.6824324324324325,0.05400347502597491,0.0,80.98521235897056,6.351351351351351,추가 관찰
K5,MIDSIZE,2024.0,2025-01,2026-08,20,8450393.365221089,13409911.941569071,111.0,120.0,5216.292200753758,10347.154275902061,0.13929398148148148,0.23415262774348422,0.7724150671443184,0.3320518406458342,2026.0,5,0.5952717455594867,True,2.0,1.9836224424710889,1.0810810810810811,-0.4403632264984842,0.5952717455594867,80.79292824926198,30.54360524333167,구형 연식도 보유 가치 있음
GV70,SUV,2025.0,2025-02,2026-08,19,5824125.0,7251520.1135135135,32.0,31.0,19945.633561643837,20143.111426426425,0.28012271689497714,0.23715663580246915,0.5687900006607657,0.6620254626333313,2025.0,3,0.6620254626333314,False,0.0,1.0099008068193103,0.96875,0.0932354619725656,0.0,80.71041697393206,0.625,추가 관찰
더 뉴 셀토스,SUV,2024.0,2025-01,2026-08,20,5690260.0,6244348.834319752,56.0,43.0,5747.737373737374,7884.278831211807,0.1423421717171717,0.13936675785634117,1.0,1.0,2024.0,1,1.0,False,0.0,1.3717186987764511,0.7678571428571429,0.0,0.0,80.6068703475929,4.642857142857142,추가 관찰
쏠라티,RV,2025.0,2025-01,2026-08,20,3620905.0,5221770.0,9.0,8.0,10171.081460674157,18131.145833333332,0.06589419475655431,0.07941502700617284,0.58362534170621,0.5174839381647836,2026.0,5,0.32241105414991444,True,1.0,1.7826173060786368,0.8888888888888888,-0.0661414035414265,0.32241105414991444,78.39264293072307,11.704044176128,추가 관찰
G80,LUXURY,2021.0,2025-01,2026-08,20,602710.0,2747089.4117647056,6.0,11.0,2232.259259259259,12718.00653594771,0.04657921810699588,0.18489583333333334,0.07438793274218103,0.18904049287831123,2025.0,4,0.7106212634988327,True,4.0,5.6973698208191035,1.8333333333333333,0.1146525601361302,0.7106212634988327,76.54915708014413,18.65931895248249,추가 관찰
레이,SUV,2022.0,2025-01,2026-08,20,1398340.0,2879217.6174942264,11.0,23.0,1942.138888888889,4998.641697038587,0.05164930555555555,0.1072651427469136,0.1484737535243572,0.1409251735731764,2026.0,5,0.19382535662714373,True,4.0,2.5737817854511653,2.090909090909091,-0.0075485799511808005,0.19382535662714373,75.13466194147043,11.209323547454389,추가 관찰
투싼,SUV,2024.0,2025-01,2026-08,20,3449606.666666667,4717921.75,29.0,29.0,7665.792592592593,13105.338194444445,0.16482253086419751,0.2257716049382716,0.23229424211546645,0.1294018315933367,2026.0,5,0.19569866433706795,True,2.0,1.7095868478241962,1.0,-0.10289241052212975,0.19569866433706795,75.0987162499924,11.051176385941208,추가 관찰
쏘렌토,SUV,2023.0,2025-01,2026-08,20,462120.0,4868616.285714285,4.0,22.0,733.5238095238095,9659.952947845804,0.014958112874779541,0.1486469356261023,0.052798055890852943,0.2010329482494635,2024.0,5,0.6984395137632284,True,1.0,13.169242528223961,5.5,0.14823489235861054,0.6984395137632284,74.97573892991238,12.476592706448427,구형 연식도 보유 가치 있음
미니,IMPORTED,2025.0,2025-02,2026-08,19,4234797.075169679,8231991.006131066,33.0,40.0,11028.117383254372,10393.928038044276,0.1761429398148148,0.10594223484848486,0.4203127378090671,0.6410275075167764,2025.0,3,0.6410275075167764,False,0.0,0.9424934172197804,1.2121212121212122,0.2207147697077093,0.0,74.5096633209868,2.0127303973076853,추가 관찰
투싼,SUV,2023.0,2025-01,2026-08,20,1036600.0,3027742.6055194805,9.0,18.0,1645.3968253968253,6007.425804602144,0.04090608465608465,0.11722056878306879,0.06980396162370951,0.0830440731127858,2026.0,5,0.19569866433706795,True,3.0,3.651049833011143,2.0,0.013240111489076292,0.19569866433706795,73.39801040812488,8.935479965056018,추가 관찰
미니,IMPORTED,2022.0,2025-01,2026-08,20,1027355.0,2968562.5714285714,9.0,18.0,1902.5092592592594,6871.672619047619,0.03695601851851851,0.08907696759259259,0.1924873335621473,0.23116282132149746,2025.0,3,0.6410275075167764,True,3.0,3.611899698045675,2.0,0.03867548775935015,0.6410275075167764,73.18085583324769,15.615412612751646,추가 관찰
베뉴,SUV,2022.0,2025-01,2026-08,20,979545.0,801848.4507042253,11.0,9.0,5441.916666666667,5568.392018779343,0.14390432098765432,0.1338252314814815,1.0,1.0,2022.0,2,1.0,False,0.0,1.0232409571589685,0.8181818181818182,0.0,0.0,72.81422713168907,3.6363636363636354,추가 관찰
쏠라티,RV,2026.0,2025-12,2026-08,9,2774526.416666667,3253350.0,6.0,5.0,36993.68555555556,45185.416666666664,0.12148148148148148,0.16478587962962962,0.14820601462193125,0.32241105414991444,2026.0,5,0.32241105414991444,False,0.0,1.2214359285399965,0.8333333333333334,0.1742050395279832,0.0,72.39487772081873,3.3333333333333326,추가 관찰
스타리아,RV,2024.0,2025-01,2026-08,20,5943665.0,7434227.634615384,36.0,33.0,4402.714814814814,6883.544106125356,0.0636738683127572,0.08448431069958848,0.6478267924060968,0.365188923964901,2026.0,4,0.4927162961157018,True,2.0,1.5634771716220937,0.9166666666666666,-0.28263786844119576,0.4927162961157018,71.97167486163654,24.362925846050025,구형 연식도 보유 가치 있음
스포티지,SUV,2025.0,2025-01,2026-08,20,8012519.663260016,11081360.345909465,71.0,61.0,9653.638148506043,11839.060198621224,0.18824882864792503,0.18934740028490027,0.8024429671076396,0.39250249836428525,2026.0,3,0.5290696863856692,True,1.0,1.226383257430608,0.8591549295774648,-0.4099404687433544,0.5290696863856692,71.84125548888912,29.150565453969918,구형 연식도 보유 가치 있음
BMW 420i,IMPORTED,2026.0,2025-11,2026-08,10,16100930.000000002,14134382.5,66.0,49.0,41073.801020408166,32718.47800925926,0.29186685090702946,0.22243119855967078,0.762004419401241,0.6608676055924351,2026.0,3,0.6608676055924351,False,0.0,0.796577798899171,0.7424242424242424,-0.1011368138088059,0.0,71.83167712021748,16.3167647423964,추가 관찰
벤츠,IMPORTED,2021.0,2025-01,2026-08,20,926790.0,2009469.9999999998,7.0,10.0,5148.833333333333,13954.652777777776,0.0744212962962963,0.14660493827160495,0.1262720125462307,0.0848950483500733,2024.0,4,0.4977660104898143,True,3.0,2.7102552897635923,1.4285714285714286,-0.041376964196157384,0.4977660104898143,71.26205717302014,15.12156872519351,추가 관찰
BMW 420i,IMPORTED,2024.0,2025-01,2026-08,20,5198723.980891719,7253233.386133847,35.0,24.0,11552.719957537154,20147.870517038464,0.15222222222222223,0.16596257716049384,0.7530563842018855,0.33913239440756504,2026.0,3,0.6608676055924351,True,2.0,1.7439936734460282,0.6857142857142857,-0.41392398979432043,0.6608676055924351,71.05723149286503,36.755687961373624,구형 연식도 보유 가치 있음
아반떼,COMPACT,2026.0,2026-02,2026-08,7,7966691.785749029,12149185.419147504,115.0,100.0,10084.419981960797,10546.167898565542,0.31150052742616036,0.20623854648919754,0.21065830645253264,0.29586802377985083,2026.0,6,0.29586802377985083,False,0.0,1.0457882473588693,0.8695652173913043,0.08520971732731819,0.0,70.20496241080357,2.6086956521739135,추가 관찰
벤츠,IMPORTED,2020.0,2025-01,2026-08,20,710870.0,2260178.75,5.0,14.0,1974.638888888889,7847.842881944444,0.024951774691358026,0.09225501543209877,0.09685364058604323,0.09548686183971808,2024.0,4,0.4977660104898143,True,4.0,3.9743180011816506,2.8,-0.0013667787463251535,0.4977660104898143,69.3771152946165,15.52116130720022,추가 관찰
카니발,RV,2023.0,2025-01,2026-08,20,6430472.615933413,12452746.696303941,48.0,55.0,1984.7137703498188,4804.300422956768,0.03296360596707819,0.061216670953360766,0.16629799453376004,0.1416815806112202,2026.0,7,0.16807330751477997,True,3.0,2.420651529066571,1.1458333333333333,-0.024616413922539854,0.16807330751477997,67.93730818428043,9.505756169623293,추가 관찰
GV70,SUV,2021.0,2025-01,2026-08,20,1061450.0,1378450.0,7.0,10.0,2948.472222222222,4786.284722222223,0.039081790123456785,0.07552083333333333,0.16272135772106117,0.12584519999693647,2025.0,3,0.6620254626333314,True,4.0,1.6233100946818033,1.4285714285714286,-0.0368761577241247,0.6620254626333314,66.9924224211632,19.405428248464958,추가 관찰
BMW 520i M스포츠,IMPORTED,2026.0,2026-02,2026-08,7,3651301.1235955055,3270065.0,19.0,12.0,11854.873777907485,11354.392361111111,0.10829274891774891,0.10217255015432099,1.0,1.0,2026.0,1,1.0,False,0.0,0.9577826448284028,0.631578947368421,0.0,0.0,66.89966735350094,8.84602848363748,추가 관찰
쏘렌토,SUV,2022.0,2025-01,2026-08,20,221255.00000000003,1351576.0875,2.0,9.0,819.462962962963,6257.296701388888,0.027469135802469135,0.10744598765432098,0.02527878874779423,0.0558087369610268,2024.0,5,0.6984395137632284,True,2.0,7.635850531626402,4.5,0.030529948213232568,0.6984395137632284,66.69471360006804,14.476592706448427,추가 관찰
테슬라 모델3,IMPORTED,2020.0,2025-01,2026-08,20,2185945.0,1713866.0,20.0,12.0,4857.655555555555,4760.738888888889,0.08078703703703705,0.08508873456790123,1.0,1.0,2020.0,1,1.0,False,0.0,0.9800486746006877,0.6,0.0,0.0,65.97312648142346,8.698296388975931,추가 관찰
투싼,SUV,2021.0,2025-01,2026-08,20,714050.0,1469235.0,7.0,9.0,1133.4126984126983,2915.1488095238096,0.024382716049382715,0.047660383597883604,0.04808365695293245,0.04029776459116476,2026.0,5,0.19569866433706795,True,5.0,2.5720100133043906,1.2857142857142858,-0.007785892361767688,0.19569866433706795,64.65740409900607,13.246915659526726,추가 관찰
K5,MIDSIZE,2020.0,2025-01,2026-08,20,847090.0,1670331.0293208514,12.0,23.0,376.4844444444444,1008.6540032130746,0.013146604938271605,0.03263805018786903,0.07742894927473734,0.04136018902961883,2026.0,5,0.5952717455594867,True,6.0,2.679138588850557,1.9166666666666667,-0.036068760245118514,0.5952717455594867,62.659973116862034,20.371826593197042,추가 관찰
K3,COMPACT,2020.0,2025-01,2026-08,20,283050.0,620920.0,5.0,7.0,314.5,862.3888888888889,0.011674382716049383,0.04291087962962963,0.03455329759326792,0.03508441041028067,2024.0,6,0.5096633022446754,True,4.0,2.7420950362126835,1.4,0.0005311128170127494,0.5096633022446754,62.54806283840892,15.64494953367013,추가 관찰
투싼,SUV,2026.0,2025-12,2026-08,9,8913552.126896553,7135068.9055420235,58.0,48.0,32770.41223123733,24774.544810909803,0.4777547998366013,0.39889805169753084,0.14739237277815234,0.19569866433706795,2026.0,5,0.19569866433706795,False,0.0,0.7560034532398794,0.8275862068965517,0.04830629155891561,0.0,61.50250990770059,11.988154998673188,추가 관찰
스타리아,RV,2023.0,2025-01,2026-08,20,2316445.4347826084,2892653.2824223954,14.0,13.0,2573.828260869565,4017.574003364438,0.03858796296296297,0.04617091049382716,0.252479810991865,0.14209477991939715,2026.0,4,0.4927162961157018,True,3.0,1.5609332077219111,0.9285714285714286,-0.11038503107246786,0.4927162961157018,60.90783524620088,19.23471711320567,추가 관찰
랭글러,IMPORTED,2023.0,2025-01,2026-08,20,3995190.0,2688709.5588235296,25.0,11.0,11097.75,9335.797079248367,0.12138117283950617,0.08402054398148148,1.0,1.0,2023.0,1,1.0,False,0.0,0.8412333201998934,0.44,0.0,0.0,60.536676776886395,16.756833793003732,추가 관찰
베리뉴티볼리,SUV,2020.0,2025-01,2026-08,20,524770.0,328035.0,4.0,3.0,1457.6944444444443,1139.0104166666667,0.028530092592592593,0.024739583333333332,1.0,1.0,2020.0,1,1.0,False,0.0,0.7813780322808088,0.75,0.0,0.0,59.71652908655221,12.651768870171692,추가 관찰
스포티지,SUV,2022.0,2025-01,2026-08,20,1972638.1506849318,2214220.0,19.0,12.0,1217.6778707931678,10251.018518518518,0.026984739368998627,0.1387281378600823,0.19755703289236043,0.07842781525004548,2026.0,3,0.5290696863856692,True,4.0,8.418497834604842,0.631578947368421,-0.11912921764231495,0.5290696863856692,59.59115664932901,28.069635054109217,추가 관찰
아반떼,COMPACT,2021.0,2025-01,2026-08,20,2265787.1273337943,2854630.730994152,29.0,23.0,1678.3608350620698,2643.176602772363,0.0720843621399177,0.06145833333333333,0.15669986152521603,0.06951856637806875,2026.0,6,0.29586802377985083,True,5.0,1.5748559830250162,0.7931034482758621,-0.08718129514714729,0.29586802377985083,59.0842750610024,22.063203197066414,추가 관찰
GV70,SUV,2023.0,2025-01,2026-08,20,2438777.2818791945,2323566.4539007093,14.0,13.0,5419.505070842654,6454.351260835304,0.06998148148148148,0.11117283950617285,0.3738670219856438,0.2121293373697321,2025.0,3,0.6620254626333314,True,2.0,1.1909484678887376,0.9285714285714286,-0.1617376846159117,0.6620254626333314,58.705039203849275,21.82846075270787,추가 관찰
카니발,RV,2026.0,2025-12,2026-08,9,18914221.68261335,14772381.25,74.0,54.0,35287.72701980103,25646.495225694445,0.33873212064676617,0.25579909336419754,0.1318233510246519,0.16807330751477997,2026.0,7,0.16807330751477997,False,0.0,0.7267822949124325,0.7297297297297297,0.03624995649012808,0.0,58.41091557827769,14.968025083470268,추가 관찰
GV80,SUV,2023.0,2025-01,2026-08,20,1102425.0,2320915.620689655,8.0,7.0,3062.2916666666665,8058.734794061303,0.05071373456790123,0.083984375,0.11651553940393762,0.11502396293290305,2025.0,3,0.8069526595906042,True,2.0,2.631602626810957,0.875,-0.001491576471034567,0.8069526595906042,58.23716108807675,18.66395295270045,추가 관찰
더 뉴 그랜저,LUXURY,2020.0,2025-01,2026-08,20,1745850.0,1152730.0,16.0,7.0,2771.190476190476,2287.1626984126983,0.062471340388007064,0.04698522927689594,1.0,1.0,2020.0,1,1.0,False,0.0,0.8253357963169803,0.4375,0.0,0.0,57.910282337343304,17.36324712890569,추가 관찰
코나,SUV,2024.0,2025-01,2026-08,20,3747708.541666667,2632718.96205373,40.0,23.0,8328.241203703705,7313.108227927029,0.1915740740740741,0.18253279320987656,0.48067638734222157,0.21158116851310524,2024.0,3,0.21158116851310524,False,0.0,0.8781095610769258,0.575,-0.26909521882911636,0.0,57.571104091578405,23.52997411547225,추가 관찰
K8,LUXURY,2023.0,2025-01,2026-08,20,1757335.9259259258,929110.0,16.0,6.0,6508.651577503429,4301.435185185185,0.12384259259259259,0.11207561728395062,0.7604532517790842,1.0,2023.0,2,1.0,False,0.0,0.6608796206041679,0.375,0.23954674822091582,0.0,57.145061517800954,24.369213278854122,추가 관찰
GV80,SUV,2021.0,2025-01,2026-08,20,1386110.0,1574330.0,9.0,4.0,5133.740740740741,7288.564814814815,0.07518004115226337,0.2009870113168724,0.14649826910963737,0.07802337747649267,2025.0,3,0.8069526595906042,True,4.0,1.419737611012113,0.4444444444444444,-0.0684748916331447,0.8069526595906042,56.16376603170791,33.954396670295964,신형 전환 영향 큼
G80,LUXURY,2024.0,2025-01,2026-08,20,1314760.0,1458090.3935161056,11.0,9.0,4869.481481481482,6750.418488500489,0.06620370370370371,0.09870113168724279,0.16227087397273968,0.10033824362285607,2025.0,4,0.7106212634988327,True,1.0,1.3862704918731419,0.8181818181818182,-0.06193263034988361,0.7106212634988327,56.08478739729137,18.77298780284147,추가 관찰
레이,URBAN,2024.0,2025-01,2026-08,20,696509.9999999999,967490.0000000001,11.0,6.0,1547.7999999999997,2687.4722222222226,0.05375,0.056192129629629634,0.07395444174324559,0.04735442550499949,2026.0,5,0.19382535662714373,True,2.0,1.7363174972362212,0.5454545454545454,-0.026600016238246094,0.19382535662714373,55.6001785044336,17.06229008984609,추가 관찰
레이,URBAN,2026.0,2026-01,2026-08,8,6217031.115384616,3960012.0217570215,100.0,41.0,15016.983370494241,11000.033393769505,0.45883990874932906,0.2874421296296296,0.2343344893494199,0.19382535662714373,2026.0,5,0.19382535662714373,False,0.0,0.7325061979746649,0.41,-0.04050913272227616,0.0,55.31149221782793,22.782648379777775,추가 관찰
카니발,RV,2021.0,2025-01,2026-08,20,1619460.0,1413980.0,10.0,6.0,1199.6,3927.722222222222,0.019526748971193414,0.0513599537037037,0.04188073977025265,0.016087609122581274,2026.0,7,0.16807330751477997,True,5.0,3.274193249601719,0.6,-0.025793130647671372,0.16807330751477997,55.04436851197767,21.552824838628553,추가 관찰
K5,MIDSIZE,2022.0,2025-01,2026-08,20,1063980.0,1264705.5821917807,17.0,12.0,695.4117647058823,1951.7061453576862,0.02261029411764706,0.05792931241426612,0.09725395583625712,0.03131622476506022,2026.0,5,0.5952717455594867,True,4.0,2.806547493747307,0.7058823529411765,-0.06593773107119691,0.5952717455594867,53.187454985745866,25.448938367416645,추가 관찰
쏠라티,RV,2019.0,2025-01,2026-08,20,500650.00000000006,752495.0,2.0,1.0,1854.2592592592596,3483.7731481481483,0.015612139917695472,0.014274691358024692,0.08069585568392822,0.07457319568830278,2026.0,5,0.32241105414991444,True,7.0,1.878795066413662,0.5,-0.006122659995625432,0.32241105414991444,52.28196543418111,25.081072212073735,신형 전환 영향 큼
카니발,RV,2018.0,2025-01,2026-08,20,487865.0,328795.0,5.0,3.0,318.86601307189545,570.8246527777778,0.006413398692810457,0.009000048225308642,0.012616642033773176,0.003740877128006839,2026.0,7,0.16807330751477997,True,8.0,1.790170884875939,0.6,-0.008875764905766336,0.16807330751477997,52.00890490349099,20.876130208952354,신형 전환 영향 큼
머스탱,IMPORTED,2023.0,2025-01,2026-08,20,2146880.0,2251256.788990826,13.0,11.0,5963.555555555556,7816.86385066259,0.08242669753086419,0.07841435185185185,0.16184422034468313,0.10716493454510564,2024.0,4,0.8928350654548943,True,1.0,1.310772370248236,0.8461538461538461,-0.05467928579957748,0.8928350654548943,51.929847759543186,20.65662049072959,추가 관찰
K3,COMPACT,2018.0,2025-01,2025-04,4,71060.0,71060.0,1.0,1.0,394.77777777777777,530.2985074626865,0.020370370370370372,0.027363184079601994,0.008674641678069663,0.007111294564965698,2024.0,6,0.5096633022446754,True,6.0,1.3432835820895521,1.0,-0.001563347113103965,0.5096633022446754,51.50622672035088,17.70748341819429,신형 전환 영향 큼
팰리세이드,SUV,2025.0,2025-05,2026-08,16,10800645.824829176,10885230.949844096,60.0,46.0,29270.042885715924,15118.376319227911,0.38862917795844626,0.18704185956790123,0.48283480110982624,0.35348486473160395,2026.0,3,0.6465151352683961,True,1.0,0.5165136374503172,0.7666666666666667,-0.12934993637822229,0.6465151352683961,51.17096190671723,38.4604138400604,추가 관찰
쏠라티,RV,2024.0,2025-01,2026-08,20,894275.0,863075.0,3.0,2.0,9936.388888888889,11987.152777777777,0.0757716049382716,0.055844907407407406,0.1441411891376109,0.08553181199699922,2026.0,5,0.32241105414991444,True,2.0,1.2063892538648626,0.6666666666666666,-0.05860937714061168,0.32241105414991444,50.58582786189428,17.84720756453985,신형 전환 영향 큼
K3,COMPACT,2021.0,2025-01,2026-08,20,791875.0,776575.0,14.0,13.0,879.8611111111111,1078.576388888889,0.03320216049382716,0.04726755401234567,0.09666805345935005,0.04387952717638941,2024.0,6,0.5096633022446754,True,3.0,1.2258484609313338,0.9285714285714286,-0.052788526282960636,0.5096633022446754,50.4786844413664,17.185062013559985,추가 관찰
아반떼,COMPACT,2025.0,2025-04,2026-08,17,16444801.076480204,11122871.940789472,208.0,71.0,16661.39926695056,10298.955500730994,0.44160615782956214,0.1775507973251029,0.4315501845395596,0.2708743036130775,2026.0,6,0.29586802377985083,True,1.0,0.6181326871603114,0.34134615384615385,-0.1606758809264821,0.29586802377985083,47.50371783125341,39.403488466223074,추가 관찰
쏘나타,MIDSIZE,2020.0,2025-01,2026-08,20,1623402.5,1738701.2426035502,24.0,14.0,858.9431216931217,1149.9346842616073,0.02847957084068195,0.0358194628159906,0.11245995632344381,0.12382225816899342,2024.0,3,0.8761777418310065,True,4.0,1.338778616673584,0.5833333333333334,0.011362301845549608,0.8761777418310065,47.35622617757051,29.47599946079843,추가 관찰
쏘울 부스터,COMPACT,2019.0,2025-01,2025-04,4,159800.0,40400.0,2.0,1.0,443.8888888888889,150.7462686567164,0.005613425925925925,0.00015547263681592015,1.0,1.0,2019.0,1,,False,0.0,0.33960360898884795,0.5,0.0,0.0,44.60007923461541,33.113873685390324,추가 관찰
볼보 XC40,IMPORTED,2022.0,2025-01,2026-08,20,1249360.7291666665,307895.0,8.0,2.0,6940.892939814814,2138.159722222222,0.1197145061728395,0.031828703703703706,1.0,1.0,2022.0,1,1.0,False,0.0,0.308052543204804,0.25,0.0,0.0,42.430948230334316,39.21816098783186,추가 관찰
디올뉴 그랜저,LUXURY,2023.0,2025-01,2026-08,20,2562600.0,660335.0,21.0,4.0,5694.666666666667,1834.263888888889,0.10453703703703705,0.027546296296296294,1.0,1.0,2023.0,1,1.0,False,0.0,0.32210206430968547,0.19047619047619047,0.0,0.0,41.708175151352975,39.916903939637194,추가 관찰
미니,IMPORTED,2024.0,2025-01,2026-08,20,2292270.0,1641315.0,21.0,9.0,6367.416666666667,5699.010416666667,0.10666666666666666,0.06529706790123456,0.4294843944931435,0.12780967116172604,2025.0,3,0.6410275075167764,True,1.0,0.8950270910494837,0.42857142857142855,-0.3016747233314175,0.6410275075167764,39.21818701748235,38.78502478784784,신형 전환 영향 큼
XM3,SUV,2022.0,2025-01,2026-08,20,541225.0,46800.0,7.0,1.0,3006.8055555555557,325.0,0.07743055555555556,0.009548611111111112,1.0,1.0,2022.0,1,1.0,False,0.0,0.10808813340108088,0.14285714285714285,0.0,0.0,34.99973501745379,48.35977247381931,추가 관찰
BMW X7 xdrive40i 하이브리드,SUPERCAR,2025.0,2025-06,2026-08,15,0.0,1595040.0,0.0,3.0,0.0,22153.333333333332,0.0,0.0763888888888889,,1.0,2025.0,1,1.0,False,0.0,,,,0.0,34.583333333333336,55.0,추가 관찰
레이,URBAN,2018.0,2025-01,2025-04,4,209369.99999999997,80966.34831460673,5.0,3.0,105.74242424242422,54.929679996341065,0.005841400112233445,0.0034227536559626117,0.022230608990227458,0.005643596183347745,2026.0,5,0.19382535662714373,True,8.0,0.5194668118295617,0.6,-0.016587012806879714,0.19382535662714373,28.61374777644333,38.389522447647686,신형 전환 영향 큼
K8,LUXURY,2021.0,2025-01,2025-04,4,553570.0,156750.0,4.0,1.0,1025.1296296296296,389.92537313432837,0.01875,0.0076181592039800995,0.2395467482209158,0.07202442627432691,2023.0,2,1.0,True,2.0,0.38036689396560025,0.25,-0.1675223219465889,1.0,15.546627462409223,62.388051589067544,신형 전환 영향 큼
엑센트,URBAN,2019.0,2025-01,2025-04,4,22000.0,0.0,1.0,0.0,244.44444444444446,0.0,0.0027777777777777766,0.0,1.0,,2019.0,1,,False,0.0,0.0,0.0,,0.0,10.0,55.0,추가 관찰
아우디Q5 40 TDI quattro,IMPORTED,2026.0,2026-07,2026-08,2,0.0,0.0,0.0,0.0,0.0,0.0,0.0,0.0,,,2026.0,1,,False,0.0,,,,0.0,10.0,55.0,추가 관찰
폭스바겐 제타,IMPORTED,2022.0,2025-01,2025-04,4,0.0,0.0,0.0,0.0,0.0,0.0,0.0,0.0,,,2022.0,1,,False,0.0,,,,0.0,10.0,55.0,추가 관찰
아우디 Q4 e-tron,IMPORTED,2026.0,2026-07,2026-08,2,0.0,0.0,0.0,0.0,0.0,0.0,0.0,0.0,,,2026.0,1,,False,0.0,,,,0.0,10.0,55.0,추가 관찰
셀토스,SUV,2020.0,2025-01,2026-08,20,170145.0,0.0,1.0,0.0,472.625,0.0,0.010725308641975307,0.0,1.0,,2020.0,1,,False,0.0,0.0,0.0,,0.0,10.0,55.0,추가 관찰
더 뉴 K7,LUXURY,2021.0,2025-01,2025-04,4,741235.0,0.0,4.0,0.0,2058.9861111111113,0.0,0.03292824074074074,0.0,1.0,,2021.0,1,,False,0.0,0.0,0.0,,0.0,10.0,55.0,추가 관찰
그랜져IG,LUXURY,2019.0,2025-01,2025-04,4,0.0,0.0,0.0,0.0,0.0,0.0,0.0,0.0,,,2019.0,1,,False,0.0,,,,0.0,10.0,55.0,추가 관찰
BMW X6 xdrive30d M sport,SUPERCAR,2026.0,2025-11,2026-08,10,0.0,0.0,0.0,0.0,0.0,0.0,0.0,0.0,,,2026.0,1,,False,0.0,,,,0.0,10.0,55.0,추가 관찰
카니발,RV,2019.0,2025-01,2026-08,20,684705.0,0.0,5.0,0.0,845.3148148148148,0.0,0.01787551440329218,0.0,0.017707107260686177,0.0,2026.0,7,0.16807330751477997,True,7.0,0.0,0.0,-0.017707107260686177,0.16807330751477997,8.3192669248522,68.22938390314914,신형 전환 영향 큼
코나,SUV,2018.0,2025-01,2025-04,4,0.0,0.0,0.0,0.0,0.0,0.0,0.0,0.0,0.0,0.0,2024.0,3,0.21158116851310524,True,6.0,,,0.0,0.21158116851310524,7.884188314868947,68.17371752769658,신형 전환 영향 큼
쏘렌토,SUV,2021.0,2025-01,2026-08,20,0.0,1083000.0,0.0,3.0,0.0,5013.888888888889,0.0,0.03742283950617284,0.0,0.04471880102628112,2024.0,5,0.6984395137632284,True,3.0,,,0.04471880102628112,0.6984395137632284,7.049727273789331,71.47659270644843,신형 전환 영향 큼
아반떼,COMPACT,2020.0,2025-01,2026-08,20,419230.0,0.0,8.0,0.0,931.6222222222223,0.0,0.03945987654320987,0.0,0.028993581150987987,0.0,2026.0,6,0.29586802377985083,True,6.0,0.0,0.0,-0.028993581150987987,0.29586802377985083,7.041319762201493,70.59776360273727,신형 전환 영향 큼
아반떼,COMPACT,2019.0,2025-01,2025-04,4,0.0,0.0,0.0,0.0,0.0,0.0,0.0,0.0,0.0,0.0,2026.0,6,0.29586802377985083,True,7.0,,,0.0,0.29586802377985083,7.041319762201493,69.43802035669776,신형 전환 영향 큼
쏠라티,RV,2023.0,2025-01,2026-08,20,1188330.0,0.0,4.0,0.0,3300.9166666666665,0.0,0.024826388888888887,0.0,0.19153761347225087,0.0,2026.0,5,0.32241105414991444,True,3.0,0.0,0.0,-0.19153761347225087,0.32241105414991444,6.775889458500855,73.49767035113875,신형 전환 영향 큼
스타리아,RV,2022.0,2025-01,2026-03,15,914664.4736842106,0.0,9.0,0.0,635.1836622807018,0.0,0.011301118827160495,0.0,0.09969339660203812,0.0,2026.0,4,0.4927162961157018,True,4.0,0.0,0.0,-0.09969339660203812,0.4927162961157018,5.072837038842982,74.37848030581705,신형 전환 영향 큼
벤츠,IMPORTED,2019.0,2025-01,2025-04,4,0.0,0.0,0.0,0.0,0.0,0.0,0.0,0.0,0.0,0.0,2024.0,4,0.4977660104898143,True,5.0,,,0.0,0.4977660104898143,5.022339895101857,72.46649015734721,신형 전환 영향 큼
K3,COMPACT,2019.0,2025-01,2026-08,20,0.0,0.0,0.0,0.0,0.0,0.0,0.0,0.0,0.0,0.0,2024.0,6,0.5096633022446754,True,5.0,,,0.0,0.5096633022446754,4.9033669775532465,72.64494953367013,신형 전환 영향 큼
K5,MIDSIZE,2021.0,2025-01,2026-08,20,578760.0,0.0,10.0,0.0,643.0666666666667,0.0,0.024891975308641977,0.0,0.05290202774468709,0.0,2026.0,5,0.5952717455594867,True,5.0,0.0,0.0,-0.05290202774468709,0.5952717455594867,4.0472825444051335,76.04515729317978,신형 전환 영향 큼
팰리세이드,SUV,2023.0,2025-01,2026-03,15,3225499.9999999995,0.0,25.0,0.0,2756.8376068376065,0.0,0.053823599240265904,0.0,1.0,0.0,2026.0,3,0.6465151352683961,True,3.0,0.0,0.0,-1.0,0.6465151352683961,3.534848647316039,90.69772702902594,신형 전환 영향 큼
BMW 420i,IMPORTED,2022.0,2025-01,2026-03,15,1704775.0,0.0,11.0,0.0,4735.486111111111,0.0,0.07026427469135803,0.0,0.24694361579811452,0.0,2026.0,3,0.6608676055924351,True,4.0,0.0,0.0,-0.24694361579811452,0.6608676055924351,3.3913239440756495,82.79075871581111,신형 전환 영향 큼
쏘렌토,SUV,2018.0,2025-01,2025-04,4,0.0,0.0,0.0,0.0,0.0,0.0,0.0,0.0,0.0,0.0,2024.0,5,0.6984395137632284,True,6.0,,,0.0,0.6984395137632284,3.0156048623677156,75.47659270644843,신형 전환 영향 큼
G80,LUXURY,2019.0,2025-01,2025-04,4,0.0,0.0,0.0,0.0,0.0,0.0,0.0,0.0,0.0,0.0,2025.0,4,0.7106212634988327,True,6.0,,,0.0,0.7106212634988327,2.893787365011673,75.6593189524825,신형 전환 영향 큼
쏘나타,MIDSIZE,2021.0,2025-01,2026-08,20,943580.0,0.0,7.0,0.0,1048.4222222222222,0.0,0.025563271604938275,0.0,0.06536577687152455,0.0,2024.0,3,0.8761777418310065,True,3.0,0.0,0.0,-0.06536577687152455,0.8761777418310065,1.238222581689935,76.75729720232607,신형 전환 영향 큼
머스탱,IMPORTED,2021.0,2025-01,2026-03,15,441655.0,0.0,3.0,0.0,1635.7592592592594,0.0,0.01898148148148148,0.0,0.03329450604427403,0.0,2024.0,4,0.8928350654548943,True,3.0,0.0,0.0,-0.03329450604427403,0.8928350654548943,1.0716493454510567,75.72430622359438,신형 전환 영향 큼
머스탱,IMPORTED,2020.0,2025-01,2026-03,15,1229214.810810811,0.0,10.0,0.0,4552.647447447448,0.0,0.07217078189300412,0.0,0.09266531557041514,0.0,2024.0,4,0.8928350654548943,True,4.0,0.0,0.0,-0.09266531557041514,0.8928350654548943,1.0716493454510567,80.09913860464002,신형 전환 영향 큼
싼타페,SUV,2019.0,2025-01,2025-04,4,0.0,0.0,0.0,0.0,0.0,0.0,0.0,0.0,0.0,0.0,2024.0,2,1.0,True,5.0,,,0.0,1.0,0.0,80.0,신형 전환 영향 큼
베뉴,SUV,2019.0,2025-01,2025-04,4,0.0,0.0,0.0,0.0,0.0,0.0,0.0,0.0,0.0,0.0,2022.0,2,1.0,True,3.0,,,0.0,1.0,0.0,76.0,신형 전환 영향 큼
모닝,URBAN,2018.0,2025-01,2025-04,4,0.0,0.0,0.0,0.0,0.0,0.0,0.0,0.0,0.0,0.0,2022.0,2,1.0,True,4.0,,,0.0,1.0,0.0,78.0,신형 전환 영향 큼
QM6,SUV,2020.0,2025-01,2026-03,15,224745.0,0.0,3.0,0.0,624.2916666666666,0.0,0.009731867283950618,0.0,0.3581870531993319,0.0,2021.0,2,1.0,True,1.0,0.0,0.0,-0.3581870531993319,1.0,0.0,86.32748212797327,신형 전환 영향 큼
