model_family,vehicle_class,model_count,fleet_vehicle_days,booked_vehicle_days,revenue_krw,old_fleet_vehicle_days,old_booked_vehicle_days,old_revenue_krw,reservation_count,old_reservation_count,old_active_months,avg_long_hold_score,max_long_hold_score,utilization_rate,revenue_per_fleet_day,old_utilization_rate,old_revenue_per_fleet_day,class_family_old_revenue_median,old_revenue_vs_class_family_median,long_hold_family_score,decline_family_score,family_holding_signal
K3,COMPACT,7,36704,4412.085416666667,145755503.05628416,8356.0,304.7861111111111,9285326.858108107,1844.0,111.0,8.0,24.16197088564643,77.01724052717971,0.12020720947762278,3971.10677463721,0.0364751210042019,1111.2167135122197,407.6530612244898,2.725888308490551,70.13967913586924,15.881219748949526,길게 보유 가능 차종
테슬라 모델3,IMPORTED,1,2940,388.99652777777777,26180921.0,1115.0,141.69444444444446,8346207.229508197,190.0,67.0,8.0,71.60400771539638,71.60400771539638,0.13231174414210128,8905.075170068027,0.12708021923268562,7485.387649783136,4470.455311973019,1.6744128119870385,68.42791899653298,0.0,길게 보유 가능 차종
더뉴그랜드스타렉스12인,RV,1,1176,82.96180555555556,5904315.0,1176.0,82.96180555555556,5904315.0,35.0,35.0,16.0,54.28707710075551,54.28707710075551,0.07054575302343159,5020.676020408163,0.07054575302343159,5020.676020408163,4913.735827664399,1.0217635209735307,54.55629568160037,7.363561744142102,추가 관찰 차종
코나,EV,1,20580,1960.0069444444443,70310414.32924737,7805.0,723.0472222222222,27200453.69743589,754.0,272.0,8.0,40.52451294419113,40.52451294419113,0.09523843267465716,3416.44384495857,0.09263897786319311,3485.0036768015234,3485.0036768015234,1.0,53.77316297719885,1.8402555342017235,길게 보유 가능 차종
SM6,MIDSIZE,1,1176,77.75347222222223,2251885.0,446.0,33.27777777777778,996655.0,30.0,13.0,6.0,57.61028730096466,57.61028730096466,0.06611689814814815,1914.8681972789116,0.07461385151968111,2234.652466367713,1406.7139850498831,1.5885620603170945,51.76693477107895,11.596537120079724,추가 관찰 차종
쏠라티,RV,5,7291,447.83124999999995,101498305.0,1764.0,47.87430555555556,8667830.0,196.0,20.0,12.0,10.217748956207148,51.088744781035736,0.06142247291180907,13921.040323686737,0.02713962899974805,4913.735827664399,4913.735827664399,1.0,45.871593864700884,18.21509275006299,추가 관찰 차종
K5,MIDSIZE,11,43861,6384.8388888888885,261204223.71472478,5129.0,226.76388888888894,7215036.029320851,2682.0,92.0,8.0,8.386077973704776,81.71442589366255,0.1455698431154987,5955.2728782910735,0.04421210545698751,1406.7139850498831,1406.7139850498831,1.0,45.15322160615473,13.946973635753125,길게 보유 가능 차종
벤츠,IMPORTED,4,6272,1025.7756944444445,116916765.0,1186.0,63.63194444444444,5301960.0,501.0,31.0,8.0,14.408074708831235,57.63229883532494,0.1635484206703515,18641.065848214286,0.05365256698519767,4470.455311973019,4470.455311973019,1.0,44.50204848881347,11.586858253700584,추가 관찰 차종
카니발,RV,21,65408,8894.352777777778,745581858.624071,10713.0,356.09791666666666,25141770.0,3387.0,128.0,16.0,6.609644323681426,44.06291382746802,0.13598264398510546,11398.939863993257,0.03323979433087526,2346.8468216185943,4913.735827664399,0.4776094816505631,42.70410794657099,40.197624743005846,길면 수익률 하락 차종
쏘나타,MIDSIZE,5,29988,5826.154861111111,234115356.76095238,4683.0,198.4402777777778,5855800.0,2420.0,73.0,8.0,12.29224064831325,52.35960107116669,0.19428287518711188,7806.968012570108,0.04237460554725129,1250.4377535767671,1406.7139850498831,0.8889068900046697,42.70404373460137,19.405538562977043,추가 관찰 차종
엑센트,URBAN,1,98,0.25,22000.0,98.0,0.25,22000.0,1.0,1.0,1.0,49.88317797215606,49.88317797215606,0.002551020408163265,224.48979591836735,0.002551020408163265,224.48979591836735,97.1103896103896,2.3116969957491524,38.2126158025206,51.11224489795919,추가 관찰 차종
더 뉴 그랜저,LUXURY,2,4116,443.49513888888885,23619620.0,1561.0,109.85069444444444,5961590.195471897,182.0,43.0,7.0,57.30866467085792,61.75241984293307,0.10774906192635783,5738.488824101069,0.07037200156594775,3819.0840457859686,0.0,,31.285981857503504,52.40699960851306,추가 관찰 차종
아반떼,COMPACT,6,31402,7476.089583333333,302230844.44806737,1899.0,26.083333333333332,618820.0,3241.0,12.0,4.0,6.2146106994305335,37.2876641965832,0.2380768608156593,9624.573098785662,0.013735299280322976,325.8662453923117,407.6530612244898,0.7993715156056708,26.29479076959357,41.59445697766407,길면 수익률 하락 차종
레이,URBAN,4,17285,4719.779166666667,149372597.33039886,2156.0,11.56597222222222,209370.0,2150.0,5.0,3.0,6.717446862942077,26.869787451768307,0.27305635907819886,8641.747025189405,0.005364551123479694,97.1103896103896,97.1103896103896,1.0,24.630200535459352,42.40886221913008,길면 수익률 하락 차종
쏘울 부스터,COMPACT,1,392,2.0208333333333335,159800.0,392.0,2.0208333333333335,159800.0,2.0,2.0,2.0,24.663017851842337,24.663017851842337,0.0051551870748299325,407.6530612244898,0.0051551870748299325,407.6530612244898,407.6530612244898,1.0,21.48331572909495,47.211203231292515,길면 수익률 하락 차종
베리뉴티볼리,SUV,1,2352,129.45833333333334,5468090.0,892.0,27.23611111111111,1227400.0,55.0,13.0,6.0,11.601135380378723,11.601135380378723,0.05504180839002268,2324.8681972789113,0.030533756851021426,1376.0089686098654,0.0,,20.591821421545923,67.61656078724465,추가 관찰 차종
셀토스,SUV,1,2352,86.01736111111111,3614085.0,892.0,21.395833333333332,843294.3558282208,36.0,8.0,3.0,7.651854820569086,7.651854820569086,0.036572007275132275,1536.6007653061224,0.023986360239162927,945.3972598971086,0.0,,13.579295806440417,80.50340994020927,길면 수익률 하락 차종
스타리아,RV,7,22643,2334.8229166666665,195256969.9355346,0.0,0.0,0.0,908.0,0.0,0.0,0.0,0.0,0.10311455711110129,8623.281806100544,,,4913.735827664399,,0.0,100.0,추가 관찰 차종
스포티지,SUV,6,17744,3627.4402777777777,215266631.20382375,0.0,0.0,0.0,1470.0,0.0,0.0,0.0,0.0,0.20443193630397755,12131.798422217298,,,0.0,,0.0,100.0,추가 관찰 차종
쏘렌토,SUV,9,20874,3598.8944444444446,212190444.92648304,294.0,0.0,0.0,1370.0,0.0,0.0,0.0,0.0,0.17241038825545868,10165.298693421626,0.0,0.0,0.0,,0.0,100.0,길면 수익률 하락 차종
싼타페,SUV,3,11956,2804.0465277777776,173852996.08199644,196.0,0.0,0.0,1084.0,0.0,0.0,0.0,0.0,0.23453048910821156,14541.06691886889,0.0,0.0,0.0,,0.0,100.0,길면 수익률 하락 차종
볼보 XC40,IMPORTED,1,1176,131.35069444444446,11492615.0,0.0,0.0,0.0,57.0,0.0,0.0,0.0,0.0,0.11169276738473168,9772.63180272109,,,4470.455311973019,,0.0,100.0,추가 관찰 차종
벤츠,SUPERCAR,1,588,81.52569444444444,39691710.0,0.0,0.0,0.0,48.0,0.0,0.0,0.0,0.0,0.1386491402116402,67502.90816326531,,,,,0.0,100.0,추가 관찰 차종
BMW 420i,IMPORTED,3,6240,1171.8986111111112,139289334.0,0.0,0.0,0.0,576.0,0.0,0.0,0.0,0.0,0.1878042646011396,22322.008653846155,,,4470.455311973019,,0.0,100.0,추가 관찰 차종
아우디 Q4 e-tron,IMPORTED,1,41,0.0,0.0,0.0,0.0,0.0,0.0,0.0,0.0,0.0,0.0,0.0,0.0,,,4470.455311973019,,0.0,100.0,추가 관찰 차종
아우디Q5 40 TDI quattro,IMPORTED,1,21,0.0,0.0,0.0,0.0,0.0,0.0,0.0,0.0,0.0,0.0,0.0,0.0,,,4470.455311973019,,0.0,100.0,추가 관찰 차종
아이오닉,EV,1,5880,981.3756944444444,44685995.0,0.0,0.0,0.0,370.0,0.0,0.0,0.0,0.0,0.1669006283068783,7599.659013605442,,,3485.0036768015234,,0.0,100.0,추가 관찰 차종
캐스퍼,URBAN,1,5880,1346.6729166666669,42812525.0,0.0,0.0,0.0,582.0,0.0,0.0,0.0,0.0,0.2290260062358277,7281.041666666667,,,97.1103896103896,,0.0,100.0,추가 관찰 차종
코나,SUV,2,4214,859.68125,36786353.41772152,1274.0,0.0,0.0,374.0,0.0,0.0,0.0,0.0,0.2040059919316564,8729.557052140844,0.0,0.0,0.0,,0.0,100.0,길면 수익률 하락 차종
테슬라 모델Y RWD,IMPORTED,1,708,138.4,15506008.0,0.0,0.0,0.0,64.0,0.0,0.0,0.0,0.0,0.19548022598870057,21901.141242937854,,,4470.455311973019,,0.0,100.0,추가 관찰 차종
투싼,SUV,6,20853,5148.513888888889,286666181.05304027,0.0,0.0,0.0,2124.0,0.0,0.0,0.0,0.0,0.24689559722288826,13746.999522996224,,,0.0,,0.0,100.0,추가 관찰 차종
팰리세이드,SUV,4,12379,2456.175694444444,188461733.65185124,0.0,0.0,0.0,988.0,0.0,0.0,0.0,0.0,0.19841470994785074,15224.310013074662,,,0.0,,0.0,100.0,추가 관찰 차종
포르쉐,SUPERCAR,2,1143,146.99999999999997,57929331.0,0.0,0.0,0.0,82.0,0.0,0.0,0.0,0.0,0.12860892388451442,50681.82939632546,,,,,0.0,100.0,추가 관찰 차종
아우디A5 카브리올레,IMPORTED,1,588,63.04097222222222,6139865.0,0.0,0.0,0.0,30.0,0.0,0.0,0.0,0.0,0.10721253779289494,10441.947278911564,,,4470.455311973019,,0.0,100.0,추가 관찰 차종
모닝,URBAN,2,9984,1128.6215277777778,29015828.71631206,490.0,0.0,0.0,478.0,0.0,0.0,0.0,0.0,0.11304302161235756,2906.232844181897,0.0,0.0,97.1103896103896,0.0,0.0,100.0,길면 수익률 하락 차종
베뉴,SUV,2,1372,185.77083333333337,6897383.450704225,196.0,0.0,0.0,83.0,0.0,0.0,0.0,0.0,0.13540148202138,5027.247413049727,0.0,0.0,0.0,,0.0,100.0,길면 수익률 하락 차종
XM3,SUV,1,1176,113.09375,5009330.0,0.0,0.0,0.0,44.0,0.0,0.0,0.0,0.0,0.09616815476190477,4259.634353741497,,,0.0,,0.0,100.0,추가 관찰 차종
BMW X6 xdrive30d M sport,SUPERCAR,1,257,0.0,0.0,0.0,0.0,0.0,0.0,0.0,0.0,0.0,0.0,0.0,0.0,,,,,0.0,100.0,추가 관찰 차종
BMW X7 xdrive40i 하이브리드,SUPERCAR,1,419,21.65277777777778,9355460.0,0.0,0.0,0.0,10.0,0.0,0.0,0.0,0.0,0.05167727393264386,22328.066825775655,,,,,0.0,100.0,추가 관찰 차종
BMW Z4 로드스터,IMPORTED,1,1176,206.28194444444443,20578019.0,0.0,0.0,0.0,109.0,0.0,0.0,0.0,0.0,0.17540981670445954,17498.315476190477,,,4470.455311973019,,0.0,100.0,추가 관찰 차종
EV3,EV,1,5430,1147.8729166666667,70222725.8737864,0.0,0.0,0.0,506.0,0.0,0.0,0.0,0.0,0.21139464395334562,12932.362039371345,,,3485.0036768015234,,0.0,100.0,추가 관찰 차종
EV4,EV,1,744,160.94791666666666,12275508.0,0.0,0.0,0.0,69.0,0.0,0.0,0.0,0.0,0.21632784498207885,16499.33870967742,,,3485.0036768015234,,0.0,100.0,추가 관찰 차종
EV6,EV,1,12348,2469.8152777777777,118548970.54016264,0.0,0.0,0.0,939.0,0.0,0.0,0.0,0.0,0.2000174342223662,9600.661689355575,,,3485.0036768015234,,0.0,100.0,추가 관찰 차종
G80,LUXURY,4,6609,1511.4458333333334,128574266.9032143,196.0,0.0,0.0,677.0,0.0,0.0,0.0,0.0,0.228695087506935,19454.42077518752,0.0,0.0,0.0,,0.0,100.0,길면 수익률 하락 차종
GV70,SUV,3,7924,1354.2701388888888,112684895.0,0.0,0.0,0.0,568.0,0.0,0.0,0.0,0.0,0.17090738754276738,14220.708606764261,,,0.0,,0.0,100.0,추가 관찰 차종
GV80,SUV,4,8041,1542.0520833333333,157987364.59912717,0.0,0.0,0.0,658.0,0.0,0.0,0.0,0.0,0.1917736703560917,19647.725979247254,,,0.0,,0.0,100.0,추가 관찰 차종
K8,LUXURY,3,2352,305.1979166666667,16532965.0,0.0,0.0,0.0,126.0,0.0,0.0,0.0,0.0,0.1297610189909297,7029.321853741497,,,0.0,,0.0,100.0,추가 관찰 차종
QM6,SUV,2,3530,231.94930555555555,12098840.0,306.0,0.0,0.0,83.0,0.0,0.0,0.0,0.0,0.06570801857097891,3427.4334277620396,0.0,0.0,0.0,,0.0,100.0,길면 수익률 하락 차종
그랜저 GN7,LUXURY,1,927,217.01388888888889,17679938.146299485,0.0,0.0,0.0,95.0,0.0,0.0,0.0,0.0,0.23410344000958888,19072.209435058776,,,0.0,,0.0,100.0,추가 관찰 차종
미니,IMPORTED,5,11352,1870.1118055555555,148454695.00613105,0.0,0.0,0.0,871.0,0.0,0.0,0.0,0.0,0.16473853114478115,13077.404422668345,,,4470.455311973019,,0.0,100.0,추가 관찰 차종
그랜져IG,LUXURY,1,490,0.0,0.0,490.0,0.0,0.0,0.0,0.0,0.0,0.0,0.0,0.0,0.0,0.0,0.0,0.0,,0.0,100.0,길면 수익률 하락 차종
니로 하이브리드,SUV,1,4704,518.3986111111111,24201353.77862595,0.0,0.0,0.0,194.0,0.0,0.0,0.0,0.0,0.11020378637566138,5144.845616204496,,,0.0,,0.0,100.0,추가 관찰 차종
더 K8,LUXURY,1,788,207.27430555555551,14982629.27152318,0.0,0.0,0.0,81.0,0.0,0.0,0.0,0.0,0.2630384588268471,19013.488923252768,,,0.0,,0.0,100.0,추가 관찰 차종
더 뉴 K7,LUXURY,1,392,11.854166666666666,741235.0,0.0,0.0,0.0,4.0,0.0,0.0,0.0,0.0,0.03024022108843537,1890.905612244898,,,0.0,,0.0,100.0,추가 관찰 차종
더 뉴 셀토스,SUV,1,6468,1746.0638888888889,75392605.0,0.0,0.0,0.0,714.0,0.0,0.0,0.0,0.0,0.2699542190613619,11656.24690785405,,,0.0,,0.0,100.0,추가 관찰 차종
더뉴그랜저 하이브리드,LUXURY,1,2940,661.7805555555556,49165490.0,0.0,0.0,0.0,287.0,0.0,0.0,0.0,0.0,0.22509542705971278,16722.955782312925,,,0.0,,0.0,100.0,추가 관찰 차종
디올뉴 그랜저,LUXURY,1,2940,494.8611111111111,29404315.0,0.0,0.0,0.0,197.0,0.0,0.0,0.0,0.0,0.16832010582010581,10001.46768707483,,,0.0,,0.0,100.0,추가 관찰 차종
랭글러,IMPORTED,1,2352,407.9569444444445,39893750.0,0.0,0.0,0.0,190.0,0.0,0.0,0.0,0.0,0.17345108182161756,16961.628401360544,,,4470.455311973019,,0.0,100.0,추가 관찰 차종
레이,SUV,1,4704,561.7388888888889,22898115.242494226,0.0,0.0,0.0,207.0,0.0,0.0,0.0,0.0,0.11941728080120938,4867.796607673092,,,0.0,,0.0,100.0,추가 관찰 차종
머스탱,IMPORTED,4,9708,1857.7041666666664,196300797.45972252,231.0,0.0,0.0,877.0,0.0,0.0,0.0,0.0,0.19135807238016753,20220.51889778765,0.0,0.0,4470.455311973019,0.0,0.0,100.0,길면 수익률 하락 차종
BMW 520i M스포츠,IMPORTED,1,720,90.49513888888887,10490245.0,0.0,0.0,0.0,44.0,0.0,0.0,0.0,0.0,0.12568769290123455,14569.784722222223,,,4470.455311973019,,0.0,100.0,추가 관찰 차종
폭스바겐 제타,IMPORTED,1,294,0.0,0.0,0.0,0.0,0.0,0.0,0.0,0.0,0.0,0.0,0.0,0.0,,,4470.455311973019,,0.0,100.0,추가 관찰 차종
