model_family,vehicle_class,model_year_latest,fleet_vehicle_days,booked_vehicle_days,revenue_krw,avg_age_years,utilization_rate,revenue_per_fleet_day,reservation_count,unique_joined_users,avg_reservation_price_krw,family_year_rank_by_revenue_per_fleet_day
BMW 420i,IMPORTED,2022.0,1768,152.08125,14662125.0,3.6043805612594113,0.08601880656108597,8293.057126696833,67.0,53.0,218837.68656716417,3.0
BMW 420i,IMPORTED,2024.0,2940,590.8069444444444,67992224.0,1.8056125941136205,0.20095474300831442,23126.60680272109,277.0,223.0,245459.29241877256,2.0
BMW 420i,IMPORTED,2026.0,1532,429.0104166666667,56634985.0,0.25007387650878565,0.28003290905134903,36968.00587467363,232.0,187.0,244116.3146551724,1.0
BMW 520i M스포츠,IMPORTED,2026.0,720,90.49513888888889,10490245.0,0.3627652292950034,0.12568769290123458,14569.784722222223,44.0,37.0,238414.6590909091,1.0
BMW X6 xdrive30d M sport,SUPERCAR,2026.0,257,0.0,0.0,0.263696577952844,0.0,0.0,,,,1.0
BMW X7 xdrive40i 하이브리드,SUPERCAR,2025.0,419,21.65277777777778,9355460.0,1.0349075975359343,0.05167727393264386,22328.066825775655,10.0,8.0,935546.0,1.0
BMW Z4 로드스터,IMPORTED,2021.0,1176,206.28194444444443,20578019.0,4.803559206023271,0.17540981670445954,17498.315476190477,109.0,96.0,188789.16513761468,1.0
EV3,EV,2025.0,5430,1147.8729166666667,70222725.8737864,0.8131086976241723,0.21139464395334562,12932.362039371345,506.0,416.0,138871.5909090909,1.0
EV4,EV,2026.0,744,160.94791666666666,12275508.0,0.4394250513347022,0.21632784498207885,16499.33870967742,69.0,63.0,177905.91304347827,1.0
EV6,EV,2022.0,12348,2469.8152777777777,118548970.54016265,3.8042436687200545,0.2000174342223662,9600.661689355577,939.0,732.0,126473.48668796592,1.0
G80,LUXURY,2019.0,196,0.0,0.0,6.134154688569473,0.0,0.0,,,,4.0
G80,LUXURY,2021.0,1764,231.51805555555555,15402769.411764706,4.803559206023271,0.13124606324011084,8731.72869147659,104.0,78.0,150519.13461538462,3.0
G80,LUXURY,2024.0,1764,257.4638888888889,21513025.110497236,1.8056125941136205,0.14595458553791887,12195.592466268274,120.0,87.0,180438.325,2.0
G80,LUXURY,2025.0,2885,1022.4638888888888,91658472.38095237,0.8035592060232717,0.35440689389562874,31770.70099859701,453.0,335.0,202581.2582781457,1.0
GV70,SUV,2021.0,2352,233.81527777777777,17599195.0,4.803559206023271,0.09941125755857898,7482.650935374149,93.0,81.0,189238.6559139785,3.0
GV70,SUV,2023.0,2940,379.06944444444446,27040210.0,2.8049281314168377,0.12893518518518518,9197.350340136054,157.0,125.0,172230.63694267516,2.0
GV70,SUV,2025.0,2632,741.3854166666666,68045490.0,0.8583162217659138,0.28168138931104353,25853.149696048633,318.0,250.0,213979.5283018868,1.0
GV80,SUV,2021.0,1764,165.4361111111111,12242715.0,4.803559206023271,0.09378464348702444,6940.31462585034,54.0,40.0,226716.94444444444,3.0
GV80,SUV,2023.0,2352,254.74652777777777,24110075.620689657,2.8049281314168377,0.10831059854497355,10250.88249178982,104.0,80.0,231835.24038461538,2.0
GV80,SUV,2025.0,3925,1121.8694444444445,121634573.97843751,0.8123577591762435,0.28582661004954,30989.70037667198,500.0,378.0,244173.518,1.0
K3,COMPACT,2018.0,196,3.666666666666667,71060.0,7.13347022587269,0.01870748299319728,362.55102040816325,1.0,1.0,71060.0,6.0
K3,COMPACT,2019.0,5930,180.91805555555555,6184100.0,6.7091033538672145,0.030508946973955405,1042.849915682968,71.0,54.0,87100.0,5.0
K3,COMPACT,2020.0,5880,277.99305555555554,7451725.0,5.805612594113621,0.0472777305366591,1267.3001700680272,108.0,80.0,68997.45370370371,4.0
K3,COMPACT,2021.0,5880,475.84583333333336,13922340.0,4.803559206023271,0.08092616213151928,2367.7448979591836,196.0,151.0,71032.3469387755,3.0
K3,COMPACT,2022.0,13084,2042.6055555555556,63289325.833333336,3.8042436687200545,0.15611476272971228,4837.154221440946,811.0,607.0,78040.71516646116,2.0
K3,COMPACT,2024.0,5734,1431.05625,54836952.222950816,1.8056125941136205,0.24957381409138474,9563.472658345103,657.0,472.0,83951.30593607305,1.0
K5,MIDSIZE,2020.0,13810,619.0909722222223,21479936.02932085,5.8056125941136205,0.044829179740928475,1555.3900093642903,248.0,181.0,87910.96774193548,5.0
K5,MIDSIZE,2021.0,5880,367.25347222222223,13763640.0,4.803559206023271,0.062458073507180654,2340.7551020408164,133.0,109.0,103486.01503759398,4.0
K5,MIDSIZE,2022.0,8828,964.1006944444445,32311715.0,3.718477170178691,0.10920941260131904,3660.139895786135,379.0,276.0,85255.18469656992,3.0
K5,MIDSIZE,2024.0,10584,3196.7965277777776,139902720.29254678,1.8056125941136205,0.3020404882632065,13218.322023105327,1381.0,1009.0,101441.64228819696,1.0
K5,MIDSIZE,2026.0,4759,1237.5972222222222,53746212.39285714,0.3600273785078713,0.2600540496369452,11293.593694653739,541.0,414.0,99584.5471349353,2.0
K8,LUXURY,2021.0,588,10.125,553570.0,4.132785763175907,0.01721938775510204,941.4455782312925,4.0,3.0,138392.5,2.0
K8,LUXURY,2023.0,1764,295.0729166666667,15979395.0,2.8049281314168377,0.16727489606953894,9058.61394557823,122.0,92.0,130978.64754098361,1.0
QM6,SUV,2020.0,1766,14.636805555555556,839680.0,5.605749486652978,0.008288111866112998,475.46998867497166,7.0,6.0,119954.28571428571,2.0
QM6,SUV,2021.0,1764,217.3125,11259160.0,4.803559206023271,0.12319302721088435,6382.743764172335,76.0,63.0,148146.84210526315,1.0
SM6,MIDSIZE,2020.0,1176,77.75347222222223,2251885.0,5.805612594113621,0.06611689814814815,1914.8681972789116,30.0,20.0,75062.83333333333,1.0
XM3,SUV,2022.0,1176,113.09375,5009330.0,3.8042436687200545,0.09616815476190477,4259.634353741497,44.0,39.0,113848.40909090909,1.0
그랜저 GN7,LUXURY,2026.0,927,217.01388888888889,17679938.146299485,0.35318275154004103,0.23410344000958888,19072.209435058776,95.0,75.0,188176.87368421053,1.0
그랜져IG,LUXURY,2019.0,490,0.0,0.0,6.134154688569473,0.0,0.0,,,,1.0
니로 하이브리드,SUV,2022.0,4704,518.3986111111111,24201353.778625954,3.8042436687200545,0.11020378637566138,5144.845616204497,194.0,149.0,124845.3350515464,1.0
더 K8,LUXURY,2026.0,788,207.27430555555554,14982629.27152318,0.3394934976043805,0.2630384588268471,19013.488923252768,81.0,70.0,185245.92592592593,1.0
더 뉴 K7,LUXURY,2021.0,392,11.854166666666666,741235.0,4.132785763175907,0.03024022108843537,1890.905612244898,4.0,2.0,185308.75,1.0
더 뉴 그랜저,LUXURY,2020.0,4116,443.4951388888889,23619620.0,5.805612594113621,0.10774906192635784,5738.488824101069,182.0,139.0,129778.13186813187,1.0
더 뉴 셀토스,SUV,2024.0,6468,1746.0638888888889,75392605.0,1.8056125941136205,0.2699542190613619,11656.24690785405,714.0,566.0,105591.8837535014,1.0
더뉴그랜드스타렉스12인,RV,2019.0,1176,82.96180555555556,5904315.0,6.804928131416838,0.07054575302343159,5020.676020408163,35.0,29.0,168694.7142857143,1.0
더뉴그랜저 하이브리드,LUXURY,2024.0,2940,661.7805555555556,49165490.0,1.8056125941136205,0.22509542705971278,16722.955782312925,287.0,220.0,171308.3275261324,1.0
디올뉴 그랜저,LUXURY,2023.0,2940,494.8611111111111,29404315.0,2.8049281314168377,0.16832010582010581,10001.46768707483,197.0,154.0,149260.48223350252,1.0
랭글러,IMPORTED,2023.0,2352,407.95694444444445,39893750.0,2.8049281314168377,0.17345108182161753,16961.628401360544,190.0,150.0,209967.1052631579,1.0
레이,URBAN,2018.0,2156,11.565972222222221,209370.0,7.13347022587269,0.005364551123479695,97.1103896103896,5.0,4.0,41874.0,5.0
레이,SUV,2022.0,4704,561.7388888888889,22898115.242494226,3.8042436687200545,0.11941728080120938,4867.796607673092,207.0,159.0,111406.66666666667,3.0
레이,URBAN,2024.0,2940,359.99861111111113,10330065.0,1.8056125941136205,0.12244850718065005,3513.627551020408,160.0,130.0,64562.90625,4.0
레이,URBAN,2025.0,11110,3952.89375,125249785.35856788,0.8035592060232717,0.35579601710171016,11273.608043075417,1793.0,1296.0,70044.79085331847,2.0
레이,URBAN,2026.0,1079,395.3208333333333,13583376.971830986,0.31211498973305957,0.366377046648131,12588.857249148274,192.0,148.0,72157.94270833333,1.0
머스탱,IMPORTED,2020.0,1326,111.925,9515275.0,5.605749486652978,0.08440799396681749,7175.92383107089,55.0,46.0,173005.0,4.0
머스탱,IMPORTED,2021.0,1326,125.52986111111112,12032895.0,4.6036960985626285,0.09466807021954081,9074.581447963801,58.0,50.0,207463.7068965517,3.0
머스탱,IMPORTED,2023.0,2352,322.7347222222222,31914151.788990825,2.8049281314168377,0.13721714380196523,13568.942087155963,144.0,127.0,222618.78472222222,2.0
머스탱,IMPORTED,2024.0,4704,1297.5145833333333,142838475.6707317,1.8056125941136205,0.2758321818310658,30365.32220891405,620.0,524.0,230660.9435483871,1.0
모닝,URBAN,2018.0,490,0.0,0.0,7.13347022587269,0.0,0.0,,,,2.0
모닝,URBAN,2022.0,9494,1128.6215277777778,29015828.71631206,3.8042436687200545,0.11887734651124687,3056.2280088805624,478.0,350.0,60726.219665271965,1.0
미니,IMPORTED,2022.0,3528,396.55902777777777,25884894.0,3.8042436687200545,0.11240335254472159,7336.988095238095,183.0,156.0,141447.50819672132,3.0
미니,IMPORTED,2024.0,2352,345.9243055555556,26343800.0,1.8056125941136205,0.14707666052532126,11200.595238095239,174.0,144.0,151401.14942528735,2.0
미니,IMPORTED,2025.0,5472,1127.6284722222222,96226001.00613107,0.9274504145186373,0.20607245471897334,17585.16100258243,514.0,433.0,187313.64785992217,1.0
베뉴,SUV,2019.0,196,0.0,0.0,6.134154688569473,0.0,0.0,,,,2.0
베뉴,SUV,2022.0,1176,185.77083333333334,6897383.450704225,3.8042436687200545,0.15796839569160998,5865.121981891348,83.0,66.0,84170.78313253012,1.0
베리뉴티볼리,SUV,2020.0,2352,129.45833333333334,5468090.0,5.805612594113621,0.05504180839002268,2324.8681972789113,55.0,45.0,99419.81818181818,1.0
벤츠,IMPORTED,2019.0,294,0.0,0.0,6.134154688569473,0.0,0.0,,,,5.0
벤츠,IMPORTED,2020.0,2352,225.34027777777777,20109180.0,5.805612594113621,0.09580794123204837,8549.82142857143,110.0,89.0,182810.72727272726,4.0
벤츠,IMPORTED,2021.0,1176,259.6375,24722390.0,4.803559206023271,0.2207801870748299,21022.440476190477,120.0,103.0,206019.91666666666,3.0
벤츠,SUPERCAR,2021.0,588,81.52569444444444,39691710.0,4.803559206023271,0.1386491402116402,67502.90816326531,48.0,40.0,857476.875,1.0
벤츠,IMPORTED,2024.0,2450,540.7979166666667,72085195.0,1.8056125941136205,0.22073384353741496,29422.52857142857,271.0,208.0,265997.0295202952,2.0
볼보 XC40,IMPORTED,2022.0,1176,131.35069444444446,11492615.0,3.8042436687200545,0.11169276738473168,9772.63180272109,57.0,42.0,201624.8245614035,1.0
셀토스,SUV,2020.0,2352,86.01736111111111,3614085.0,5.805612594113621,0.036572007275132275,1536.6007653061224,36.0,27.0,100391.25,1.0
스타리아,RV,2022.0,7030,265.0104166666667,22235770.0,3.5996275648815224,0.037697072072072076,3162.9829302987196,96.0,83.0,231622.60416666666,4.0
스타리아,RV,2023.0,5880,516.9631944444444,41947012.0,2.8049281314168377,0.08791891061980348,7133.845578231292,191.0,154.0,219617.86387434555,3.0
스타리아,RV,2024.0,8820,1326.3479166666666,106850892.25,1.8056125941136207,0.15037958238851096,12114.613633786848,522.0,399.0,205028.86973180078,2.0
스타리아,RV,2026.0,913,226.5013888888889,24223295.685534593,0.35318275154004103,0.2480847632956067,26531.5396336633,99.0,78.0,247766.9797979798,1.0
스포티지,SUV,2022.0,8394,625.7048611111111,35957715.0,3.6842171829896144,0.07454191816906255,4283.740171551108,233.0,188.0,154324.95708154506,3.0
스포티지,SUV,2025.0,7304,2404.85625,143315191.0881775,0.8131416837782341,0.3292519509857612,19621.46646880853,972.0,778.0,147883.02366255145,1.0
스포티지,SUV,2026.0,2046,596.8791666666667,35993725.11564626,0.3214566685633705,0.29172979797979803,17592.24101448986,265.0,204.0,136036.04150943397,2.0
싼타페,SUV,2019.0,196,0.0,0.0,6.134154688569473,0.0,0.0,,,,2.0
싼타페,SUV,2024.0,11760,2804.0465277777776,173852996.08199644,1.8056125941136205,0.23843933059334843,14783.41803418337,1084.0,911.0,160631.98985239852,1.0
쏘나타,MIDSIZE,2020.0,12348,1691.4222222222222,59168540.0,5.805612594113621,0.13697944786380162,4791.7508908325235,734.0,576.0,80611.08991825613,2.0
쏘나타,MIDSIZE,2021.0,5880,463.24097222222224,17704405.0,4.803559206023271,0.07878247826908541,3010.953231292517,160.0,125.0,110652.53125,3.0
쏘나타,MIDSIZE,2024.0,11760,3671.491666666667,157242411.76095238,1.8056125941136205,0.3122016723356009,13370.953381033365,1526.0,1125.0,103186.37876802096,1.0
쏘렌토,SUV,2018.0,294,0.0,0.0,7.13347022587269,0.0,0.0,,,,5.0
쏘렌토,SUV,2021.0,1764,107.65625,6723085.0,4.803559206023271,0.0610296201814059,3811.2726757369614,41.0,35.0,163977.68292682926,4.0
쏘렌토,SUV,2022.0,1764,198.60763888888889,10522576.0875,3.8042436687200545,0.11258936444948349,5965.1791879251705,71.0,61.0,151993.84507042254,3.0
쏘렌토,SUV,2023.0,4116,548.7319444444445,31494372.0,2.8049281314168377,0.13331679894179896,7651.693877551021,208.0,175.0,151415.25,2.0
쏘렌토,SUV,2024.0,12936,2743.898611111111,163450411.83898306,1.8056125941136207,0.21211337439016012,12635.313221937466,1050.0,845.0,155921.26,1.0
쏘울 부스터,COMPACT,2019.0,392,2.0208333333333335,159800.0,6.134154688569473,0.0051551870748299325,407.6530612244898,2.0,0.0,79900.0,1.0
쏠라티,RV,2019.0,1764,47.87430555555556,8667830.0,6.804928131416838,0.02713962899974805,4913.735827664399,20.0,19.0,433391.5,5.0
쏠라티,RV,2023.0,2352,81.98125,18550725.0,2.8049281314168377,0.034855973639455785,7887.213010204082,35.0,31.0,530020.7142857143,4.0
쏠라티,RV,2024.0,588,51.173611111111114,11393735.0,1.8056125941136205,0.0870299508692366,19377.100340136054,26.0,18.0,438220.57692307694,3.0
쏠라티,RV,2025.0,2348,230.14930555555554,52167620.0,0.8049281314168377,0.09801929538141207,22217.89608177172,97.0,82.0,537810.5154639175,2.0
쏠라티,RV,2026.0,239,36.65277777777778,10718395.0,0.2835565712714682,0.1533589028358903,44846.8410041841,18.0,12.0,595466.3888888889,1.0
아반떼,COMPACT,2019.0,784,0.0,0.0,6.134154688569473,0.0,0.0,,,,6.0
아반떼,COMPACT,2020.0,2940,150.07986111111111,4731160.0,5.805612594113621,0.05104757180650038,1609.2380952380952,65.0,47.0,72787.07692307692,5.0
아반떼,COMPACT,2021.0,8820,1164.8631944444444,36014470.0,4.803559206023271,0.13207065696649029,4083.2732426303855,464.0,374.0,77617.3922413793,4.0
아반떼,COMPACT,2024.0,9408,2952.809027777778,112494946.9447779,1.8056125941136205,0.31386150380291006,11957.371061307176,1277.0,925.0,88316.2920908379,2.0
아반떼,COMPACT,2025.0,7012,2574.0819444444446,121845862.56578948,0.9349760438056126,0.36709668346326935,17376.763058441167,1152.0,892.0,105815.25434027778,1.0
아반떼,COMPACT,2026.0,2438,634.2555555555556,27144404.9375,0.36139630390143734,0.2601540424756176,11133.882254922068,283.0,222.0,96690.40282685512,3.0
아우디 Q4 e-tron,IMPORTED,2026.0,41,0.0,0.0,0.5530458590006844,0.0,0.0,,,,1.0
아우디A5 카브리올레,IMPORTED,2021.0,588,63.04097222222222,6139865.0,4.803559206023271,0.10721253779289494,10441.947278911564,30.0,26.0,204662.16666666666,1.0
아우디Q5 40 TDI quattro,IMPORTED,2026.0,21,0.0,0.0,0.5804243668720055,0.0,0.0,,,,1.0
아이오닉,EV,2021.0,5880,981.3756944444444,44685995.0,4.803559206023271,0.1669006283068783,7599.659013605442,370.0,308.0,120772.95945945945,1.0
엑센트,URBAN,2019.0,98,0.25,22000.0,6.134154688569473,0.002551020408163265,224.48979591836735,1.0,0.0,22000.0,1.0
카니발,RV,2018.0,6012,146.29236111111112,9485680.0,7.723500272624972,0.02433339339838841,1577.7910844976714,53.0,43.0,178975.09433962265,7.0
카니발,RV,2019.0,4701,209.80555555555554,15656090.0,6.719161632875474,0.044629984164125835,3330.374388427994,75.0,66.0,208747.86666666667,6.0
카니발,RV,2021.0,3920,222.24166666666667,15784040.0,4.707734428473648,0.056694302721088434,4026.5408163265306,81.0,66.0,194864.6913580247,5.0
카니발,RV,2023.0,21168,1767.2597222222223,121477909.69433041,2.8049281314168377,0.08348732625766356,5738.75234761576,644.0,536.0,189754.47826086957,4.0
카니발,RV,2024.0,15876,2788.9493055555554,235700710.29411766,1.805612594113621,0.17567078014333304,14846.353634046212,1044.0,832.0,226028.71168582374,3.0
카니발,RV,2025.0,11883,3202.567361111111,291098138.6356229,0.8546372347707051,0.2695083195414551,24497.024205640235,1269.0,1027.0,229775.695035461,2.0
카니발,RV,2026.0,1848,557.2368055555555,56379290.0,0.2933767122678827,0.3015350679413179,30508.27380952381,221.0,176.0,255109.90950226245,1.0
캐스퍼,URBAN,2022.0,5880,1346.6729166666667,42812525.0,3.8042436687200545,0.22902600623582767,7281.041666666667,582.0,448.0,73561.03951890035,1.0
코나,SUV,2018.0,1274,0.0,0.0,7.13347022587269,0.0,0.0,,,,3.0
코나,EV,2020.0,20580,1960.0069444444443,70310414.32924737,5.805612594113621,0.09523843267465716,3416.44384495857,754.0,594.0,93628.44429708223,2.0
코나,SUV,2024.0,2940,859.68125,36786353.41772152,1.8056125941136205,0.29240858843537415,12512.365108068543,374.0,286.0,98428.64973262032,1.0
테슬라 모델3,IMPORTED,2020.0,2940,388.99652777777777,26180921.0,5.805612594113621,0.13231174414210128,8905.075170068027,190.0,158.0,137794.32105263157,1.0
테슬라 모델Y RWD,IMPORTED,2026.0,708,138.4,15506008.0,0.4394250513347022,0.19548022598870057,21901.141242937854,64.0,57.0,242281.375,1.0
투싼,SUV,2021.0,4116,288.2916666666667,11697280.0,4.803559206023271,0.0700417071590541,2841.904761904762,105.0,77.0,111402.66666666667,5.0
투싼,SUV,2023.0,4116,594.7763888888888,27625003.125,2.8049281314168377,0.14450349584278155,6711.613975947522,222.0,189.0,124544.38288288288,4.0
투싼,SUV,2024.0,2940,636.6631944444445,33395820.0,1.8056125941136205,0.21655210695389268,11359.122448979591,249.0,208.0,134119.7590361446,3.0
투싼,SUV,2025.0,8753,3255.0402777777776,190331222.09470692,0.8448436322810335,0.3718771024537619,21744.68434761875,1384.0,1078.0,137748.69869942198,2.0
투싼,SUV,2026.0,928,373.7423611111111,23616855.833333332,0.2921121574736246,0.40273961326628355,25449.198096264365,164.0,123.0,144208.99390243902,1.0
팰리세이드,SUV,2023.0,5746,552.6909722222222,36914050.0,2.6050650239561945,0.09618708183470626,6424.3038635572575,203.0,162.0,181842.61083743843,3.0
팰리세이드,SUV,2025.0,3881,1130.2145833333334,98381405.42964739,1.0597866334338557,0.291217362363652,25349.498951210353,466.0,369.0,211768.02575107297,1.0
팰리세이드,SUV,2026.0,2752,773.2701388888889,53166278.22220385,0.3189596167008898,0.2809847888404393,19319.14179585896,319.0,249.0,167839.7931034483,2.0
포르쉐,SUPERCAR,2022.0,686,90.21527777777777,35433936.0,3.8042436687200545,0.13150915127955942,51652.967930029154,56.0,47.0,632748.8571428572,1.0
포르쉐,SUPERCAR,2025.0,457,56.78472222222222,22495395.0,0.9828884325804244,0.12425540967663506,49224.0590809628,26.0,16.0,865207.5,2.0
폭스바겐 제타,IMPORTED,2022.0,294,0.0,0.0,3.1334702258726903,0.0,0.0,,,,1.0
