model_name,vehicle_class,model_family,model_year_latest,fleet_vehicle_days,booked_vehicle_days,revenue_krw,avg_vehicle_age_years,last_observed_age_years,utilization_rate,revenue_per_fleet_day,old_fleet_vehicle_days,old_booked_vehicle_days,old_revenue_krw,old_utilization_rate,old_revenue_per_fleet_day,reservation_count,unique_joined_users,active_months,avg_reservation_price_krw,avg_rental_hours,old_reservation_count,old_unique_joined_users,old_active_months,old_avg_reservation_price_krw,old_repeat_user_share,old_high_value_user_share,old_revenue_share,class_old_revenue_per_fleet_day_median,old_revenue_vs_class_median,long_hold_score,holding_period_signal,recommended_holding_period_proxy
20년 K5(LPG),MIDSIZE,K5,2020.0,4704,442.0284722222222,14954926.029320851,5.805612594113621,6.609171800136893,0.09396863780234316,3179.1934586141265,1784.0,213.94444444444446,6520221.029320851,0.11992401594419533,3654.8324155385935,177.0,124.0,19.0,86310.22598870056,60.62531073446328,87.0,62.0,8.0,78646.03448275862,0.26436781609195403,0.13793103448275862,0.43599152657373286,1034.9617232543242,3.53136964722364,81.71442589366255,길게 보유 검토,6년+ 장기 보유 검증
20년 올뉴k3(휘),COMPACT,K3,2020.0,5880,277.99305555555554,7451725.0,5.805612594113621,6.609171800136893,0.0472777305366591,1267.3001700680272,2230.0,120.20138888888889,3030166.858108108,0.05390196811160937,1358.8192188825597,108.0,80.0,18.0,68997.45370370371,61.7762037037037,39.0,28.0,7.0,70058.84615384616,0.4358974358974359,0.23076923076923078,0.4066396516387961,407.6530612244898,3.333273678360221,77.01724052717971,추가 관찰,4-6년 구간 모니터링
20년 테슬라 모델3(전기),IMPORTED,테슬라 모델3,2020.0,2940,388.99652777777777,26180921.0,5.805612594113621,6.609171800136893,0.13231174414210128,8905.075170068027,1115.0,141.69444444444446,8346207.229508197,0.12708021923268562,7485.387649783136,190.0,158.0,20.0,137794.32105263157,49.13647368421053,67.0,56.0,8.0,120988.5223880597,0.23880597014925373,0.11940298507462686,0.31878967243009504,2971.95067264574,2.5186782939164223,71.60400771539638,길게 보유 검토,6년+ 장기 보유 검증
19년 올뉴K3(휘),COMPACT,K3,2019.0,5734,180.91805555555555,6184100.0,6.804928131416838,7.60848733744011,0.03155180599155137,1078.4966864318103,5734.0,180.91805555555555,6184100.0,0.03155180599155137,1078.4966864318103,71.0,54.0,8.0,87100.0,61.155352112676056,71.0,54.0,8.0,87100.0,0.29577464788732394,0.09859154929577464,1.0,407.6530612244898,2.6456239116474944,70.94652330115994,길게 보유 검토,6년+ 장기 보유 검증
20년 더 뉴 그랜저(LPG),LUXURY,더 뉴 그랜저,2020.0,1764,166.48958333333334,8642520.0,5.805612594113621,6.609171800136893,0.09438184996220711,4899.3877551020405,669.0,54.80902777777778,2738388.3644859814,0.0819267978741073,4093.256150203261,70.0,53.0,18.0,123464.57142857143,57.08242857142857,20.0,15.0,7.0,131629.25,0.3,0.25,0.31685068295890334,1806.7274837364996,2.2655636708077207,61.75241984293307,추가 관찰,4-6년 구간 모니터링
20년 벤츠 C클래스 카브리올레(휘),IMPORTED,벤츠,2020.0,2352,225.34027777777777,20109180.0,5.805612594113621,6.609171800136893,0.09580794123204837,8549.82142857143,892.0,63.63194444444444,5301960.0,0.07133626058794221,5943.90134529148,110.0,89.0,19.0,182810.72727272726,49.16509090909091,31.0,29.0,8.0,171030.96774193548,0.22580645161290322,0.12903225806451613,0.26365868722643093,2971.95067264574,2.0,57.63229883532494,추가 관찰,4-6년 구간 모니터링
20년 SM6(휘),MIDSIZE,SM6,2020.0,1176,77.75347222222223,2251885.0,5.805612594113621,6.609171800136893,0.06611689814814815,1914.8681972789116,446.0,33.27777777777778,996655.0,0.07461385151968111,2234.652466367713,30.0,20.0,15.0,75062.83333333333,62.202999999999996,13.0,9.0,6.0,76665.76923076923,0.23076923076923078,0.07692307692307693,0.4425869882343015,1034.9617232543242,2.1591643595679,57.61028730096466,추가 관찰,4-6년 구간 모니터링
19년 더뉴그랜드스타렉스12인(경유),RV,더뉴그랜드스타렉스12인,2019.0,1176,82.96180555555556,5904315.0,6.804928131416838,7.60848733744011,0.07054575302343159,5020.676020408163,1176.0,82.96180555555556,5904315.0,0.07054575302343159,5020.676020408163,35.0,29.0,16.0,168694.7142857143,56.888285714285715,35.0,29.0,16.0,168694.7142857143,0.42857142857142855,0.4,1.0,3064.497444633731,1.6383358482481079,54.28707710075551,추가 관찰,4-6년 구간 모니터링
20년 더 뉴 그랜저(휘),LUXURY,더 뉴 그랜저,2020.0,2352,277.00555555555553,14977100.0,5.805612594113621,6.609171800136893,0.11777447089947089,6367.81462585034,892.0,55.041666666666664,3223201.8309859154,0.0617059043348281,3613.454967472999,112.0,87.0,16.0,133724.10714285713,59.35830357142857,23.0,18.0,4.0,131748.26086956522,0.34782608695652173,0.2608695652173913,0.21520867397466234,1806.7274837364996,2.0,52.86490949878277,추가 관찰,4-6년 구간 모니터링
20년 쏘나타DN8(LPG),MIDSIZE,쏘나타,2020.0,8232,1553.8326388888888,54336310.0,5.805612594113621,6.609171800136893,0.18875517965122557,6600.6207482993195,3122.0,185.04097222222222,5489560.0,0.05927001032101929,1758.3472133247917,684.0,536.0,20.0,79439.04970760235,54.52048245614036,68.0,58.0,8.0,80728.82352941176,0.29411764705882354,0.14705882352941177,0.10102931170703347,1034.9617232543242,1.6989490275986834,52.35960107116669,길게 보유 검토,6년+ 장기 보유 검증
18/19년 쏠라티(15인/경유),RV,쏠라티,2019.0,1764,47.87430555555556,8667830.0,6.804928131416838,7.60848733744011,0.02713962899974805,4913.735827664399,1764.0,47.87430555555556,8667830.0,0.02713962899974805,4913.735827664399,20.0,19.0,12.0,433391.5,57.4495,20.0,19.0,12.0,433391.5,0.4,0.85,1.0,3064.497444633731,1.6034393620620848,51.088744781035736,추가 관찰,4-6년 구간 모니터링
19년 엑센트(휘),URBAN,엑센트,2019.0,98,0.25,22000.0,6.134154688569473,6.26694045174538,0.002551020408163265,224.48979591836735,98.0,0.25,22000.0,0.002551020408163265,224.48979591836735,1.0,0.0,1.0,22000.0,6.0,1.0,0.0,1.0,22000.0,0.0,0.0,1.0,97.1103896103896,2.3116969957491524,49.88317797215606,교체/매각 검토,6년 전후 교체 검토
19년 더뉴카니발리무진7인(경유),RV,카니발,2019.0,2940,147.83333333333334,10259510.0,6.804928131416838,7.60848733744011,0.05028344671201814,3489.6292517006805,2940.0,147.83333333333334,10259510.0,0.05028344671201814,3489.6292517006805,55.0,52.0,16.0,186536.54545454544,64.50927272727273,55.0,52.0,16.0,186536.54545454544,0.21818181818181817,0.2727272727272727,1.0,3064.497444633731,1.1387280670804283,44.06291382746802,길게 보유 검토,6년+ 장기 보유 검증
20년 코나(전기),EV,코나,2020.0,20580,1960.0069444444443,70310414.32924737,5.805612594113621,6.609171800136893,0.09523843267465716,3416.44384495857,7805.0,723.0472222222222,27200453.69743589,0.09263897786319311,3485.0036768015234,754.0,594.0,20.0,93628.44429708223,62.58912466843501,272.0,227.0,8.0,100638.35294117648,0.22058823529411764,0.13602941176470587,0.38686237247959415,3485.0036768015234,1.0,40.52451294419113,길게 보유 검토,6년+ 장기 보유 검증
20년 올뉴아반떼CN7(휘),COMPACT,아반떼,2020.0,2940,150.07986111111111,4731160.0,5.805612594113621,6.609171800136893,0.05104757180650038,1609.2380952380952,1115.0,26.083333333333332,618820.0,0.023393124065769804,554.9955156950673,65.0,47.0,16.0,72787.07692307692,55.414153846153845,12.0,10.0,4.0,51568.333333333336,0.16666666666666666,0.0,0.13079667565671,407.6530612244898,1.3614408144710035,37.2876641965832,추가 관찰,4-6년 구간 모니터링
19년 더뉴카니발하이리무진7인(경유),RV,카니발,2019.0,1761,61.97222222222222,5396580.0,6.605065023956194,7.208761122518823,0.0351914947315288,3064.497444633731,1761.0,61.97222222222222,5396580.0,0.0351914947315288,3064.497444633731,20.0,14.0,7.0,269829.0,74.36699999999999,20.0,14.0,7.0,269829.0,0.25,0.35,1.0,3064.497444633731,1.0,34.04721592127133,추가 관찰,4-6년 구간 모니터링
18년 올뉴카니발리무진7인(경유),RV,카니발,2018.0,4116,104.9798611111111,7524825.0,7.804243668720056,8.607802874743326,0.02550531125148472,1828.188775510204,4116.0,104.9798611111111,7524825.0,0.02550531125148472,1828.188775510204,37.0,33.0,15.0,203373.64864864864,68.09513513513514,37.0,33.0,15.0,203373.64864864864,0.21621621621621623,0.2702702702702703,1.0,3064.497444633731,0.596570500886389,31.344388492987886,추가 관찰,4-6년 구간 모니터링
18년 뉴레이(휘),URBAN,레이,2018.0,2156,11.565972222222221,209370.0,7.13347022587269,7.266255989048597,0.005364551123479695,97.1103896103896,2156.0,11.565972222222221,209370.0,0.005364551123479695,97.1103896103896,5.0,4.0,3.0,41874.0,55.516,5.0,4.0,3.0,41874.0,0.0,0.0,1.0,97.1103896103896,1.0,26.869787451768307,교체/매각 검토,6년 전후 교체 검토
19년 쏘울 부스터(휘),COMPACT,쏘울 부스터,2019.0,392,2.0208333333333335,159800.0,6.134154688569473,6.26694045174538,0.0051551870748299325,407.6530612244898,392.0,2.0208333333333335,159800.0,0.0051551870748299325,407.6530612244898,2.0,0.0,2.0,79900.0,24.25,2.0,0.0,2.0,79900.0,0.0,0.0,1.0,407.6530612244898,1.0,24.663017851842334,교체/매각 검토,6년 전후 교체 검토
16/18년 올뉴카니발9인(경유),RV,카니발,2018.0,1176,39.90972222222222,1855555.0,7.804243668720056,8.607802874743326,0.033936838624338626,1577.8528911564626,1176.0,39.90972222222222,1855555.0,0.033936838624338626,1577.8528911564626,14.0,9.0,8.0,132539.64285714287,68.41642857142857,14.0,9.0,8.0,132539.64285714287,0.2857142857142857,0.14285714285714285,1.0,3064.497444633731,0.5148814510906038,24.403861730147263,추가 관찰,4-6년 구간 모니터링
18년 뉴k3(휘),COMPACT,K3,2018.0,196,3.666666666666667,71060.0,7.13347022587269,7.266255989048597,0.01870748299319728,362.55102040816325,196.0,3.666666666666667,71060.0,0.01870748299319728,362.55102040816325,1.0,1.0,1.0,71060.0,88.0,1.0,1.0,1.0,71060.0,1.0,1.0,1.0,407.6530612244898,0.8893617021276595,21.17003237118535,교체/매각 검토,6년 전후 교체 검토
20년 베리뉴티볼리(경유),SUV,베리뉴티볼리,2020.0,2352,129.45833333333334,5468090.0,5.805612594113621,6.609171800136893,0.05504180839002268,2324.8681972789113,892.0,27.23611111111111,1227400.0,0.030533756851021426,1376.0089686098654,55.0,45.0,18.0,99419.81818181818,56.491090909090914,13.0,11.0,6.0,94415.38461538461,0.38461538461538464,0.3076923076923077,0.22446594697600075,0.0,,11.601135380378723,추가 관찰,4-6년 구간 모니터링
20년 K5(휘),MIDSIZE,K5,2020.0,5880,177.0625,6525010.0,5.805612594113621,6.609171800136893,0.03011267006802721,1109.6955782312925,2230.0,12.819444444444445,694815.0,0.005748629795714997,311.5762331838565,71.0,58.0,13.0,91901.54929577465,59.85225352112676,5.0,4.0,1.0,138963.0,0.2,0.2,0.1064848942760241,1034.9617232543242,0.3010509724013165,10.53243181708999,교체/매각 검토,6년 전후 교체 검토
20년 쏘나타DN8(휘),MIDSIZE,쏘나타,2020.0,4116,137.58958333333334,4832230.0,5.805612594113621,6.609171800136893,0.033427984288953674,1174.011175898931,1561.0,13.399305555555555,366240.0,0.008583795999715283,234.61883408071748,50.0,41.0,13.0,96644.6,66.0432,5.0,3.0,1.0,73248.0,0.4,0.2,0.07579109438085521,1034.9617232543242,0.22669324749806607,9.10160217039955,교체/매각 검토,6년 전후 교체 검토
20년 셀토스(휘),SUV,셀토스,2020.0,2352,86.01736111111111,3614085.0,5.805612594113621,6.609171800136893,0.036572007275132275,1536.6007653061224,892.0,21.395833333333332,843294.3558282208,0.023986360239162927,945.3972598971086,36.0,27.0,12.0,100391.25,57.345,8.0,7.0,3.0,73756.25,0.375,0.125,0.23333550700335517,0.0,,7.651854820569086,교체/매각 검토,6년 전후 교체 검토
16/18년 올뉴그랜드카니발11인(경유),RV,카니발,2018.0,720,1.4027777777777777,105300.0,7.32785763175907,7.655030800821355,0.0019483024691358023,146.25,720.0,1.4027777777777777,105300.0,0.0019483024691358023,146.25,2.0,2.0,2.0,52650.0,16.835,2.0,2.0,2.0,52650.0,0.5,0.0,1.0,3064.497444633731,0.047723975184283375,4.944150825435432,교체/매각 검토,6년 전후 교체 검토
24년 더 뉴 카니발 9인승(휘),RV,카니발,2024.0,2940,541.3638888888889,40320315.0,1.8056125941136205,2.6091718001368926,0.18413737717309148,13714.392857142857,0.0,0.0,0.0,,,210.0,165.0,20.0,192001.5,61.870285714285714,0.0,0.0,0.0,,,,0.0,3064.497444633731,,0.0,추가 관찰,6년 도달 전 추가 관찰
24년 쏘나타 디엣지(휘),MIDSIZE,쏘나타,2024.0,8820,2961.0979166666666,121966356.88,1.8056125941136205,2.6091718001368926,0.3357253873771731,13828.385133786847,0.0,0.0,0.0,,,1236.0,910.0,20.0,98689.89401294498,57.50441747572816,0.0,0.0,0.0,,,,0.0,1034.9617232543242,,0.0,추가 관찰,6년 도달 전 추가 관찰
24년 벤츠 CLE 컨버터블(휘),IMPORTED,벤츠,2024.0,2450,540.7979166666667,72085195.0,1.8056125941136205,2.6091718001368926,0.22073384353741496,29422.52857142857,0.0,0.0,0.0,,,271.0,208.0,20.0,265997.0295202952,47.89361623616236,0.0,0.0,0.0,,,,0.0,2971.95067264574,,0.0,추가 관찰,6년 도달 전 추가 관찰
24년 스타리아  11인승(경유),RV,스타리아,2024.0,4704,744.3520833333333,53584587.25,1.8056125941136205,2.6091718001368926,0.15823811295351473,11391.28130314626,0.0,0.0,0.0,,,291.0,209.0,20.0,184738.02405498282,61.565154639175255,0.0,0.0,0.0,,,,0.0,3064.497444633731,,0.0,추가 관찰,6년 도달 전 추가 관찰
24년 스타리아 11인승 4륜(경유),RV,스타리아,2024.0,1176,185.79166666666666,15815755.0,1.8056125941136205,2.6091718001368926,0.1579861111111111,13448.7712585034,0.0,0.0,0.0,,,77.0,65.0,19.0,205399.41558441558,57.90909090909091,0.0,0.0,0.0,,,,0.0,3064.497444633731,,0.0,추가 관찰,6년 도달 전 추가 관찰
24년 스타리아라운지 4륜 7인승(경유),RV,스타리아,2024.0,2940,396.20416666666665,37450550.0,1.8056125941136205,2.6091718001368926,0.13476332199546484,12738.28231292517,0.0,0.0,0.0,,,154.0,129.0,20.0,243185.3896103896,61.74616883116883,0.0,0.0,0.0,,,,0.0,3064.497444633731,,0.0,추가 관찰,6년 도달 전 추가 관찰
24년 싼타페 하이브리드 4륜 (7인/휘),SUV,싼타페,2024.0,5292,1252.3979166666666,81475553.33333333,1.8056125941136205,2.6091718001368926,0.2366587144116906,15395.985134794657,0.0,0.0,0.0,,,467.0,396.0,20.0,174761.27408993576,64.48944325481799,0.0,0.0,0.0,,,,0.0,0.0,,0.0,추가 관찰,6년 도달 전 추가 관찰
24년 쏘나타 디엣지 하이브리드(휘),MIDSIZE,쏘나타,2024.0,2940,710.39375,35276054.88095238,1.8056125941136205,2.6091718001368926,0.24163052721088435,11998.658122772918,0.0,0.0,0.0,,,290.0,225.0,20.0,122350.70689655172,58.99475862068965,0.0,0.0,0.0,,,,0.0,1034.9617232543242,,0.0,추가 관찰,6년 도달 전 추가 관찰
24년 쏠라티(15인/경유),RV,쏠라티,2024.0,588,51.173611111111114,11393735.0,1.8056125941136205,2.6091718001368926,0.0870299508692366,19377.100340136054,0.0,0.0,0.0,,,26.0,18.0,16.0,438220.57692307694,47.237307692307695,0.0,0.0,0.0,,,,0.0,3064.497444633731,,0.0,추가 관찰,6년 도달 전 추가 관찰
24년 디올뉴 싼타페 4륜(7인/휘),SUV,싼타페,2024.0,6468,1551.648611111111,92377442.7486631,1.8056125941136205,2.6091718001368926,0.23989619837834122,14282.226770046862,0.0,0.0,0.0,,,617.0,524.0,20.0,149937.7017828201,60.44097244732577,0.0,0.0,0.0,,,,0.0,0.0,,0.0,추가 관찰,6년 도달 전 추가 관찰
24년 카니발 하이리무진 9인승(경유),RV,카니발,2024.0,2940,706.8673611111111,78146815.29411764,1.8056125941136205,2.6091718001368926,0.24043107520786092,26580.549419767907,0.0,0.0,0.0,,,276.0,223.0,20.0,284130.72463768115,61.647971014492754,0.0,0.0,0.0,,,,0.0,3064.497444633731,,0.0,추가 관찰,6년 도달 전 추가 관찰
24년 코나(휘),SUV,코나,2024.0,2940,859.68125,36786353.41772152,1.8056125941136205,2.6091718001368926,0.29240858843537415,12512.365108068543,0.0,0.0,0.0,,,374.0,286.0,20.0,98428.64973262032,55.189518716577545,0.0,0.0,0.0,,,,0.0,0.0,,0.0,추가 관찰,6년 도달 전 추가 관찰
25년 BMW X7 xdrive40i 하이브리드(휘),SUPERCAR,BMW X7 xdrive40i 하이브리드,2025.0,419,21.65277777777778,9355460.0,1.0349075975359343,1.6071184120465434,0.05167727393264386,22328.066825775655,0.0,0.0,0.0,,,10.0,8.0,7.0,935546.0,51.967,0.0,0.0,0.0,,,,0.0,,,0.0,추가 관찰,6년 도달 전 추가 관찰
25년 BMW 미니 컨버터블(휘),IMPORTED,미니,2025.0,2280,553.0777777777778,49293640.03267974,0.9842573579739905,1.6071184120465434,0.24257797270955167,21620.017558192867,0.0,0.0,0.0,,,265.0,225.0,16.0,186147.11320754717,50.12588679245283,0.0,0.0,0.0,,,,0.0,2971.95067264574,,0.0,추가 관찰,6년 도달 전 추가 관찰
25년 BMW 미니 컨트리맨 4륜(휘),IMPORTED,미니,2025.0,3192,574.5506944444444,46932360.97345133,0.8788501026694044,1.6071184120465434,0.17999708472570314,14703.120605717835,0.0,0.0,0.0,,,249.0,212.0,19.0,188555.140562249,55.410682730923696,0.0,0.0,0.0,,,,0.0,2971.95067264574,,0.0,추가 관찰,6년 도달 전 추가 관찰
25년 EV3(전기),EV,EV3,2025.0,5430,1147.8729166666667,70222725.8737864,0.8131086976241723,1.6071184120465434,0.21139464395334562,12932.362039371345,0.0,0.0,0.0,,,506.0,416.0,20.0,138871.5909090909,54.46337944664032,0.0,0.0,0.0,,,,0.0,3485.0036768015234,,0.0,추가 관찰,6년 도달 전 추가 관찰
24년 레이(휘),URBAN,레이,2024.0,2940,359.99861111111113,10330065.0,1.8056125941136205,2.6091718001368926,0.12244850718065005,3513.627551020408,0.0,0.0,0.0,,,160.0,130.0,19.0,64562.90625,53.999874999999996,0.0,0.0,0.0,,,,0.0,97.1103896103896,,0.0,추가 관찰,6년 도달 전 추가 관찰
24년 더뉴그랜저 하이브리드(휘),LUXURY,더뉴그랜저 하이브리드,2024.0,2940,661.7805555555556,49165490.0,1.8056125941136205,2.6091718001368926,0.22509542705971278,16722.955782312925,0.0,0.0,0.0,,,287.0,220.0,20.0,171308.3275261324,55.34062717770035,0.0,0.0,0.0,,,,0.0,1806.7274837364996,,0.0,추가 관찰,6년 도달 전 추가 관찰
24년 더 뉴 카니발 하이브리드 9인승(휘),RV,카니발,2024.0,1176,187.54166666666666,14929955.0,1.8056125941136205,2.6091718001368926,0.15947420634920634,12695.539965986394,0.0,0.0,0.0,,,65.0,57.0,18.0,229691.61538461538,69.24615384615385,0.0,0.0,0.0,,,,0.0,3064.497444633731,,0.0,추가 관찰,6년 도달 전 추가 관찰
24년 더 뉴 셀토스(휘),SUV,더 뉴 셀토스,2024.0,6468,1746.0638888888889,75392605.0,1.8056125941136205,2.6091718001368926,0.2699542190613619,11656.24690785405,0.0,0.0,0.0,,,714.0,566.0,20.0,105591.8837535014,58.69131652661064,0.0,0.0,0.0,,,,0.0,0.0,,0.0,추가 관찰,6년 도달 전 추가 관찰
24년 더 뉴 카니발 9인승(경유),RV,카니발,2024.0,6468,933.9076388888889,67852620.0,1.8056125941136205,2.6091718001368926,0.14438893613000756,10490.510204081633,0.0,0.0,0.0,,,342.0,282.0,19.0,198399.47368421053,65.53754385964912,0.0,0.0,0.0,,,,0.0,3064.497444633731,,0.0,추가 관찰,6년 도달 전 추가 관찰
24년 더 뉴 아반떼(휘),COMPACT,아반떼,2024.0,9408,2952.809027777778,112494946.9447779,1.8056125941136205,2.6091718001368926,0.31386150380291006,11957.371061307176,0.0,0.0,0.0,,,1277.0,925.0,20.0,88316.2920908379,55.57795614722005,0.0,0.0,0.0,,,,0.0,407.6530612244898,,0.0,추가 관찰,6년 도달 전 추가 관찰
25년 GV70 4륜(5인/휘),SUV,GV70,2025.0,2632,741.3854166666666,68045490.0,0.8583162217659138,1.6071184120465434,0.28168138931104353,25853.149696048633,0.0,0.0,0.0,,,318.0,250.0,19.0,213979.5283018868,55.95364779874213,0.0,0.0,0.0,,,,0.0,0.0,,0.0,추가 관찰,6년 도달 전 추가 관찰
24년 더 뉴 쏘렌토 하이브리드(7인/휘),SUV,쏘렌토,2024.0,2940,642.4333333333333,41498970.0,1.8056125941136205,2.6091718001368926,0.21851473922902492,14115.295918367347,0.0,0.0,0.0,,,253.0,207.0,20.0,164027.54940711462,60.942411067193675,0.0,0.0,0.0,,,,0.0,0.0,,0.0,추가 관찰,6년 도달 전 추가 관찰
24년 더 뉴 쏘렌토 하이브리드 4륜(5인/휘),SUV,쏘렌토,2024.0,2352,576.5611111111111,36846976.0,1.8056125941136205,2.6091718001368926,0.24513652683295542,15666.231292517006,0.0,0.0,0.0,,,234.0,200.0,20.0,157465.7094017094,59.134529914529914,0.0,0.0,0.0,,,,0.0,0.0,,0.0,추가 관찰,6년 도달 전 추가 관찰
24년 더 뉴 쏘렌토 4륜(7인/휘),SUV,쏘렌토,2024.0,7644,1524.9041666666667,85104465.83898304,1.8056125941136205,2.6091718001368926,0.19949034100819815,11133.498932363036,0.0,0.0,0.0,,,563.0,445.0,20.0,151636.54884547068,65.17092362344583,0.0,0.0,0.0,,,,0.0,0.0,,0.0,추가 관찰,6년 도달 전 추가 관찰
24년 더 뉴 K5(휘),MIDSIZE,K5,2024.0,4704,1466.3465277777777,63822167.85776418,1.8056125941136205,2.6091718001368926,0.31172332648337114,13567.637724864833,0.0,0.0,0.0,,,645.0,456.0,20.0,99090.63720930232,54.6075503875969,0.0,0.0,0.0,,,,0.0,1034.9617232543242,,0.0,추가 관찰,6년 도달 전 추가 관찰
24년 더 올뉴머스탱컨버터블2.3 (휘),IMPORTED,머스탱,2024.0,4704,1297.5145833333333,142838475.6707317,1.8056125941136205,2.6091718001368926,0.2758321818310658,30365.32220891405,0.0,0.0,0.0,,,620.0,524.0,20.0,230660.9435483871,50.28208064516129,0.0,0.0,0.0,,,,0.0,2971.95067264574,,0.0,추가 관찰,6년 도달 전 추가 관찰
24년 더 뉴 K5 하이브리드(휘),MIDSIZE,K5,2024.0,5880,1730.45,76080552.43478261,1.8056125941136205,2.6091718001368926,0.2942942176870748,12938.869461697723,0.0,0.0,0.0,,,736.0,569.0,20.0,103501.96603260869,56.49570652173912,0.0,0.0,0.0,,,,0.0,1034.9617232543242,,0.0,추가 관찰,6년 도달 전 추가 관찰
24년 더 뉴 K3(휘),COMPACT,K3,2024.0,5734,1431.05625,54836952.222950816,1.8056125941136205,2.6091718001368926,0.24957381409138474,9563.472658345103,0.0,0.0,0.0,,,657.0,472.0,20.0,83951.30593607305,52.51663622526636,0.0,0.0,0.0,,,,0.0,407.6530612244898,,0.0,추가 관찰,6년 도달 전 추가 관찰
24년 G80 4륜(휘),LUXURY,G80,2024.0,1764,257.4638888888889,21513025.110497236,1.8056125941136205,2.6091718001368926,0.14595458553791887,12195.592466268274,0.0,0.0,0.0,,,120.0,87.0,19.0,180438.325,51.9345,0.0,0.0,0.0,,,,0.0,1806.7274837364996,,0.0,추가 관찰,6년 도달 전 추가 관찰
24년 BMW 미니 컨버터블(휘),IMPORTED,미니,2024.0,2352,345.9243055555556,26343800.0,1.8056125941136205,2.6091718001368926,0.14707666052532126,11200.595238095239,0.0,0.0,0.0,,,174.0,144.0,20.0,151401.14942528735,47.71379310344828,0.0,0.0,0.0,,,,0.0,2971.95067264574,,0.0,추가 관찰,6년 도달 전 추가 관찰
24년 더 뉴 카니발리무진 7인(경유),RV,카니발,2024.0,2352,419.26875,34451005.0,1.8056125941136205,2.6091718001368926,0.17826052295918368,14647.536139455782,0.0,0.0,0.0,,,151.0,118.0,20.0,228152.35099337748,66.63874172185432,0.0,0.0,0.0,,,,0.0,3064.497444633731,,0.0,추가 관찰,6년 도달 전 추가 관찰
24년 더 뉴 투싼 4륜(휘),SUV,투싼,2024.0,2940,636.6631944444445,33395820.0,1.8056125941136205,2.6091718001368926,0.21655210695389268,11359.122448979591,0.0,0.0,0.0,,,249.0,208.0,20.0,134119.7590361446,61.365100401606426,0.0,0.0,0.0,,,,0.0,0.0,,0.0,추가 관찰,6년 도달 전 추가 관찰
25년 G80 4륜(휘),LUXURY,G80,2025.0,2885,1022.4638888888888,91658472.38095237,0.8035592060232717,1.6071184120465434,0.35440689389562874,31770.70099859701,0.0,0.0,0.0,,,453.0,335.0,20.0,202581.2582781457,54.25980132450331,0.0,0.0,0.0,,,,0.0,1806.7274837364996,,0.0,추가 관찰,6년 도달 전 추가 관찰
25년 투싼 하이브리드 4륜(휘),SUV,투싼,2025.0,5225,1872.329861111111,110927976.12455766,0.891170431211499,1.6071184120465434,0.3583406432748538,21230.23466498711,0.0,0.0,0.0,,,783.0,638.0,18.0,141817.77650063857,57.43869731800766,0.0,0.0,0.0,,,,0.0,0.0,,0.0,추가 관찰,6년 도달 전 추가 관찰
25년 GV80 4륜(7인/휘),SUV,GV80,2025.0,2749,788.7694444444444,84646878.6680927,0.8213552361396304,1.6071184120465434,0.28692959055818273,30791.88019937894,0.0,0.0,0.0,,,351.0,261.0,20.0,241821.65527065526,54.03413105413105,0.0,0.0,0.0,,,,0.0,0.0,,0.0,추가 관찰,6년 도달 전 추가 관찰
25년 GV80 쿠페 4륜(5인/휘),SUV,GV80,2025.0,1176,333.1,36987695.31034483,0.8035592060232717,1.6071184120465434,0.2832482993197279,31452.121862538123,0.0,0.0,0.0,,,149.0,121.0,20.0,249713.8120805369,54.11684563758389,0.0,0.0,0.0,,,,0.0,0.0,,0.0,추가 관찰,6년 도달 전 추가 관찰
26년 그랜저 GN7(휘),LUXURY,그랜저 GN7,2026.0,927,217.01388888888889,17679938.146299485,0.35318275154004103,0.6078028747433265,0.23410344000958888,19072.209435058776,0.0,0.0,0.0,,,95.0,75.0,7.0,188176.87368421053,55.38789473684211,0.0,0.0,0.0,,,,0.0,1806.7274837364996,,0.0,추가 관찰,6년 도달 전 추가 관찰
26년 더 K5 고급형 (휘),MIDSIZE,K5,2026.0,2730,720.8993055555555,30613752.64285714,0.3600273785078713,0.6078028747433265,0.2640656796906797,11213.828806907379,0.0,0.0,0.0,,,313.0,245.0,7.0,98094.71246006389,55.40766773162939,0.0,0.0,0.0,,,,0.0,1034.9617232543242,,0.0,추가 관찰,6년 도달 전 추가 관찰
26년 더 K5 하이브리드(휘),MIDSIZE,K5,2026.0,1119,309.3041666666667,15550870.0,0.3600273785078713,0.6078028747433265,0.27641123026511766,13897.113494191242,0.0,0.0,0.0,,,130.0,109.0,7.0,119622.07692307692,57.1023076923077,0.0,0.0,0.0,,,,0.0,1034.9617232543242,,0.0,추가 관찰,6년 도달 전 추가 관찰
26년 더 K5(휘),MIDSIZE,K5,2026.0,910,207.39375,7581589.75,0.3600273785078713,0.6078028747433265,0.2279052197802198,8331.417307692307,0.0,0.0,0.0,,,98.0,69.0,7.0,77762.5,50.90255102040816,0.0,0.0,0.0,,,,0.0,1034.9617232543242,,0.0,추가 관찰,6년 도달 전 추가 관찰
26년 더 K8(휘),LUXURY,더 K8,2026.0,788,207.27430555555554,14982629.27152318,0.3394934976043805,0.6078028747433265,0.2630384588268471,19013.488923252768,0.0,0.0,0.0,,,81.0,70.0,8.0,185245.92592592593,61.476543209876546,0.0,0.0,0.0,,,,0.0,1806.7274837364996,,0.0,추가 관찰,6년 도달 전 추가 관찰
26년 레이(휘),URBAN,레이,2026.0,1079,395.3208333333333,13583376.971830986,0.31211498973305957,0.6078028747433265,0.366377046648131,12588.857249148274,0.0,0.0,0.0,,,192.0,148.0,8.0,72157.94270833333,49.95161458333333,0.0,0.0,0.0,,,,0.0,97.1103896103896,,0.0,추가 관찰,6년 도달 전 추가 관찰
26년 스타리아 11인승 하이브리드(휘),RV,스타리아,2026.0,913,226.5013888888889,24223295.685534593,0.35318275154004103,0.6078028747433265,0.2480847632956067,26531.5396336633,0.0,0.0,0.0,,,99.0,78.0,7.0,247766.9797979798,55.45989898989899,0.0,0.0,0.0,,,,0.0,3064.497444633731,,0.0,추가 관찰,6년 도달 전 추가 관찰
26년 스포티지 4륜(휘),SUV,스포티지,2026.0,1813,507.41041666666666,29405543.448979594,0.3586584531143053,0.6078028747433265,0.2798733682662254,16219.273827346715,0.0,0.0,0.0,,,221.0,173.0,7.0,133125.86425339367,55.12610859728507,0.0,0.0,0.0,,,,0.0,0.0,,0.0,추가 관찰,6년 도달 전 추가 관찰
26년 쏠라티(15인/경유),RV,쏠라티,2026.0,239,36.65277777777778,10718395.0,0.2835565712714682,0.6078028747433265,0.1533589028358903,44846.8410041841,0.0,0.0,0.0,,,18.0,12.0,9.0,595466.3888888889,48.870555555555555,0.0,0.0,0.0,,,,0.0,3064.497444633731,,0.0,추가 관찰,6년 도달 전 추가 관찰
26년 아반떼(휘),COMPACT,아반떼,2026.0,2438,634.2555555555556,27144404.9375,0.36139630390143734,0.6078028747433265,0.2601540424756176,11133.882254922068,0.0,0.0,0.0,,,283.0,222.0,7.0,96690.40282685512,54.15070671378092,0.0,0.0,0.0,,,,0.0,407.6530612244898,,0.0,추가 관찰,6년 도달 전 추가 관찰
26년 아우디 Q4 e-tron,IMPORTED,아우디 Q4 e-tron,2026.0,41,0.0,0.0,0.5530458590006844,0.6078028747433265,0.0,0.0,0.0,0.0,0.0,,,,,,,,0.0,0.0,0.0,,,,,2971.95067264574,,0.0,추가 관찰,6년 도달 전 추가 관찰
26년 아우디Q5 40 TDI quattro,IMPORTED,아우디Q5 40 TDI quattro,2026.0,21,0.0,0.0,0.5804243668720055,0.6078028747433265,0.0,0.0,0.0,0.0,0.0,,,,,,,,0.0,0.0,0.0,,,,,2971.95067264574,,0.0,추가 관찰,6년 도달 전 추가 관찰
26년 카니발리무진 7인승(휘),RV,카니발,2026.0,1848,557.2368055555555,56379290.0,0.2933767122678827,0.6078028747433265,0.3015350679413179,30508.27380952381,0.0,0.0,0.0,,,221.0,176.0,9.0,255109.90950226245,60.5145701357466,0.0,0.0,0.0,,,,0.0,3064.497444633731,,0.0,추가 관찰,6년 도달 전 추가 관찰
26년 테슬라 모델Y RWD(전기),IMPORTED,테슬라 모델Y RWD,2026.0,708,138.4,15506008.0,0.4394250513347022,0.6078028747433265,0.19548022598870057,21901.141242937854,0.0,0.0,0.0,,,64.0,57.0,5.0,242281.375,51.9003125,0.0,0.0,0.0,,,,0.0,2971.95067264574,,0.0,추가 관찰,6년 도달 전 추가 관찰
26년 투싼(휘),SUV,투싼,2026.0,928,373.7423611111111,23616855.833333332,0.2921121574736246,0.6078028747433265,0.40273961326628355,25449.198096264365,0.0,0.0,0.0,,,164.0,123.0,9.0,144208.99390243902,54.74585365853658,0.0,0.0,0.0,,,,0.0,0.0,,0.0,추가 관찰,6년 도달 전 추가 관찰
26년 EV4(전기),EV,EV4,2026.0,744,160.94791666666666,12275508.0,0.4394250513347022,0.6078028747433265,0.21632784498207885,16499.33870967742,0.0,0.0,0.0,,,69.0,63.0,5.0,177905.91304347827,55.98202898550725,0.0,0.0,0.0,,,,0.0,3485.0036768015234,,0.0,추가 관찰,6년 도달 전 추가 관찰
26년 BMW X6 xdrive30d M sport(경유),SUPERCAR,BMW X6 xdrive30d M sport,2026.0,257,0.0,0.0,0.263696577952844,0.6078028747433265,0.0,0.0,0.0,0.0,0.0,,,,,,,,0.0,0.0,0.0,,,,,,,0.0,추가 관찰,6년 도달 전 추가 관찰
26년 BMW 520i  M스포츠(휘),IMPORTED,BMW 520i M스포츠,2026.0,720,90.49513888888889,10490245.0,0.3627652292950034,0.6078028747433265,0.12568769290123458,14569.784722222223,0.0,0.0,0.0,,,44.0,37.0,7.0,238414.6590909091,49.36113636363636,0.0,0.0,0.0,,,,0.0,2971.95067264574,,0.0,추가 관찰,6년 도달 전 추가 관찰
25년 카니발리무진 7인승(경유),RV,카니발,2025.0,2240,550.1284722222222,48229889.31239059,0.8227241615331964,1.6071184120465434,0.2455930679563492,21531.200585888655,0.0,0.0,0.0,,,218.0,184.0,20.0,222324.22018348624,60.84,0.0,0.0,0.0,,,,0.0,3064.497444633731,,0.0,추가 관찰,6년 도달 전 추가 관찰
25년 더뉴스포티지 하이브리드 4륜(휘),SUV,스포티지,2025.0,7304,2404.85625,143315191.0881775,0.8131416837782341,1.6071184120465434,0.3292519509857612,19621.46646880853,0.0,0.0,0.0,,,972.0,778.0,20.0,147883.02366255145,59.511368312757206,0.0,0.0,0.0,,,,0.0,0.0,,0.0,추가 관찰,6년 도달 전 추가 관찰
25년 레이(휘),URBAN,레이,2025.0,11110,3952.89375,125249785.35856788,0.8035592060232717,1.6071184120465434,0.35579601710171016,11273.608043075417,0.0,0.0,0.0,,,1793.0,1296.0,20.0,70044.79085331847,52.998906860011154,0.0,0.0,0.0,,,,0.0,97.1103896103896,,0.0,추가 관찰,6년 도달 전 추가 관찰
25년 쏠라티(15인/경유),RV,쏠라티,2025.0,2348,230.14930555555554,52167620.0,0.8049281314168377,1.6071184120465434,0.09801929538141207,22217.89608177172,0.0,0.0,0.0,,,97.0,82.0,19.0,537810.5154639175,56.94432989690722,0.0,0.0,0.0,,,,0.0,3064.497444633731,,0.0,추가 관찰,6년 도달 전 추가 관찰
25년 아반떼 하이브리드(휘),COMPACT,아반떼,2025.0,7012,2574.0819444444446,121845862.56578948,0.9349760438056126,1.6071184120465434,0.36709668346326935,17376.763058441167,0.0,0.0,0.0,,,1152.0,892.0,17.0,105815.25434027778,53.64888020833334,0.0,0.0,0.0,,,,0.0,407.6530612244898,,0.0,추가 관찰,6년 도달 전 추가 관찰
25년 카니발 리무진 하이브리드 7인(휘),RV,카니발,2025.0,2199,585.0958333333333,57590850.0,1.0061601642710472,1.6071184120465434,0.2660735940579051,26189.56343792633,0.0,0.0,0.0,,,228.0,196.0,15.0,252591.44736842104,61.589035087719296,0.0,0.0,0.0,,,,0.0,3064.497444633731,,0.0,추가 관찰,6년 도달 전 추가 관찰
25년 카니발 하이브리드 9인승(휘),RV,카니발,2025.0,4578,1264.3715277777778,112757210.0,0.8035592060232717,1.6071184120465434,0.2761842568321926,24630.23372651813,0.0,0.0,0.0,,,505.0,403.0,20.0,223281.60396039605,60.08906930693069,0.0,0.0,0.0,,,,0.0,3064.497444633731,,0.0,추가 관찰,6년 도달 전 추가 관찰
25년 카니발리무진 7인승(휘),RV,카니발,2025.0,2866,802.9715277777777,72520189.32323232,0.8227241615331964,1.6071184120465434,0.28017150306272776,25303.6250255521,0.0,0.0,0.0,,,318.0,262.0,20.0,228838.4182389937,60.76839622641509,0.0,0.0,0.0,,,,0.0,3064.497444633731,,0.0,추가 관찰,6년 도달 전 추가 관찰
26년 BMW 420i 컨버터블(휘),IMPORTED,BMW 420i,2026.0,1532,429.0104166666667,56634985.0,0.25007387650878565,0.6078028747433265,0.28003290905134903,36968.00587467363,0.0,0.0,0.0,,,232.0,187.0,10.0,244116.3146551724,44.380387931034484,0.0,0.0,0.0,,,,0.0,2971.95067264574,,0.0,추가 관찰,6년 도달 전 추가 관찰
25년 투싼 4륜(휘),SUV,투싼,2025.0,3528,1382.7104166666666,79403245.97014925,0.8035592060232717,1.6071184120465434,0.3919247212773998,22506.588993806476,0.0,0.0,0.0,,,601.0,457.0,20.0,132447.38768718802,55.31129783693843,0.0,0.0,0.0,,,,0.0,0.0,,0.0,추가 관찰,6년 도달 전 추가 관찰
23년 팰리세이드 4륜(8인/경유),SUV,팰리세이드,2023.0,5746,552.6909722222222,36914050.0,2.6050650239561945,3.2087611225188226,0.09618708183470626,6424.3038635572575,0.0,0.0,0.0,,,203.0,162.0,10.0,181842.61083743843,65.34295566502463,0.0,0.0,0.0,,,,0.0,0.0,,0.0,추가 관찰,6년 도달 전 추가 관찰
25년 팰리세이드 4륜(휘),SUV,팰리세이드,2025.0,2249,697.1270833333333,61430105.42964738,0.9869952087611226,1.6071184120465434,0.30997202460352746,27314.408817095322,0.0,0.0,0.0,,,288.0,225.0,16.0,214349.30555555556,58.39256944444445,0.0,0.0,0.0,,,,0.0,0.0,,0.0,추가 관찰,6년 도달 전 추가 관찰
25년 팰리세이드 하이브리드 4륜 (휘),SUV,팰리세이드,2025.0,1632,433.0875,36951300.0,1.160848733744011,1.6071184120465434,0.26537224264705883,22641.727941176472,0.0,0.0,0.0,,,178.0,146.0,12.0,207591.57303370786,58.39393258426967,0.0,0.0,0.0,,,,0.0,0.0,,0.0,추가 관찰,6년 도달 전 추가 관찰
25년 포르쉐 카이엔 하이브리드 쿠페 4륜,SUPERCAR,포르쉐,2025.0,457,56.78472222222222,22495395.0,0.9828884325804244,1.6071184120465434,0.12425540967663506,49224.0590809628,0.0,0.0,0.0,,,26.0,16.0,11.0,865207.5,52.41653846153846,0.0,0.0,0.0,,,,0.0,,,0.0,추가 관찰,6년 도달 전 추가 관찰
26년  스포티지(휘),SUV,스포티지,2026.0,233,89.46875,6588181.666666667,0.2921121574736246,0.6078028747433265,0.38398605150214593,28275.457796852646,0.0,0.0,0.0,,,44.0,31.0,9.0,150653.06818181818,49.05113636363637,0.0,0.0,0.0,,,,0.0,0.0,,0.0,추가 관찰,6년 도달 전 추가 관찰
24년 BMW 420i 컨버터블(휘),IMPORTED,BMW 420i,2024.0,2940,590.8069444444444,67992224.0,1.8056125941136205,2.6091718001368926,0.20095474300831442,23126.60680272109,0.0,0.0,0.0,,,277.0,223.0,20.0,245459.29241877256,51.189133574007215,0.0,0.0,0.0,,,,0.0,2971.95067264574,,0.0,추가 관찰,6년 도달 전 추가 관찰
23년 4세대 카니발 9인승(경유),RV,카니발,2023.0,12348,821.7388888888889,50307889.69433041,2.8049281314168377,3.6084873374401094,0.0665483389122845,4074.1731206940726,0.0,0.0,0.0,,,286.0,244.0,20.0,178433.0909090909,69.78758741258741,0.0,0.0,0.0,,,,0.0,3064.497444633731,,0.0,추가 관찰,6년 도달 전 추가 관찰
23년 투싼 하이브리드(휘),SUV,투싼,2023.0,4116,594.7763888888888,27625003.125,2.8049281314168377,3.6084873374401094,0.14450349584278155,6711.613975947522,0.0,0.0,0.0,,,222.0,189.0,20.0,124544.38288288288,64.34747747747747,0.0,0.0,0.0,,,,0.0,0.0,,0.0,추가 관찰,6년 도달 전 추가 관찰
23년 카니발 하이리무진 9인승(경유),RV,카니발,2023.0,1764,164.54861111111111,15229290.0,2.8049281314168377,3.6084873374401094,0.09328152557319225,8633.384353741496,0.0,0.0,0.0,,,64.0,53.0,19.0,237957.65625,61.7059375,0.0,0.0,0.0,,,,0.0,3064.497444633731,,0.0,추가 관찰,6년 도달 전 추가 관찰
21년 4세대 카니발 리무진 7인승(경유),RV,카니발,2021.0,2940,211.65833333333333,15328720.0,4.803559206023271,5.607118412046543,0.07199263038548753,5213.850340136054,0.0,0.0,0.0,,,77.0,65.0,20.0,199074.2857142857,65.97168831168831,0.0,0.0,0.0,,,,0.0,3064.497444633731,,0.0,추가 관찰,6년 도달 전 추가 관찰
21년 4세대카니발 9인승(경유),RV,카니발,2021.0,980,10.583333333333334,455320.0,4.132785763175907,4.265571526351814,0.010799319727891157,464.61224489795916,0.0,0.0,0.0,,,4.0,1.0,1.0,113830.0,63.5,0.0,0.0,0.0,,,,0.0,3064.497444633731,,0.0,추가 관찰,6년 도달 전 추가 관찰
21년 G80(휘),LUXURY,G80,2021.0,1764,231.51805555555555,15402769.411764706,4.803559206023271,5.607118412046543,0.13124606324011084,8731.72869147659,0.0,0.0,0.0,,,104.0,78.0,19.0,150519.13461538462,53.95625,0.0,0.0,0.0,,,,0.0,1806.7274837364996,,0.0,추가 관찰,6년 도달 전 추가 관찰
21년 GV70(5인/휘),SUV,GV70,2021.0,2352,233.81527777777777,17599195.0,4.803559206023271,5.607118412046543,0.09941125755857898,7482.650935374149,0.0,0.0,0.0,,,93.0,81.0,19.0,189238.6559139785,60.339569892473115,0.0,0.0,0.0,,,,0.0,0.0,,0.0,추가 관찰,6년 도달 전 추가 관찰
21년 GV80(5인/휘),SUV,GV80,2021.0,1764,165.4361111111111,12242715.0,4.803559206023271,5.607118412046543,0.09378464348702444,6940.31462585034,0.0,0.0,0.0,,,54.0,40.0,18.0,226716.94444444444,73.52722222222222,0.0,0.0,0.0,,,,0.0,0.0,,0.0,추가 관찰,6년 도달 전 추가 관찰
21년 K3(휘),COMPACT,K3,2021.0,5880,475.84583333333336,13922340.0,4.803559206023271,5.607118412046543,0.08092616213151928,2367.7448979591836,0.0,0.0,0.0,,,196.0,151.0,19.0,71032.3469387755,58.26678571428572,0.0,0.0,0.0,,,,0.0,407.6530612244898,,0.0,추가 관찰,6년 도달 전 추가 관찰
21년 K5(휘),MIDSIZE,K5,2021.0,5880,367.25347222222223,13763640.0,4.803559206023271,5.607118412046543,0.062458073507180654,2340.7551020408164,0.0,0.0,0.0,,,133.0,109.0,13.0,103486.01503759398,66.27127819548872,0.0,0.0,0.0,,,,0.0,1034.9617232543242,,0.0,추가 관찰,6년 도달 전 추가 관찰
21년 K8(LPG),LUXURY,K8,2021.0,294,1.9583333333333335,135850.0,4.132785763175907,4.265571526351814,0.006660997732426305,462.0748299319728,0.0,0.0,0.0,,,1.0,1.0,1.0,135850.0,47.0,0.0,0.0,0.0,,,,0.0,1806.7274837364996,,0.0,추가 관찰,6년 도달 전 추가 관찰
21년 K8(휘),LUXURY,K8,2021.0,294,8.166666666666666,417720.0,4.132785763175907,4.265571526351814,0.027777777777777776,1420.8163265306123,0.0,0.0,0.0,,,3.0,2.0,2.0,139240.0,65.33333333333333,0.0,0.0,0.0,,,,0.0,1806.7274837364996,,0.0,추가 관찰,6년 도달 전 추가 관찰
21년 QM6(휘),SUV,QM6,2021.0,1764,217.3125,11259160.0,4.803559206023271,5.607118412046543,0.12319302721088435,6382.743764172335,0.0,0.0,0.0,,,76.0,63.0,19.0,148146.84210526315,68.62513157894738,0.0,0.0,0.0,,,,0.0,0.0,,0.0,추가 관찰,6년 도달 전 추가 관찰
21년 더 뉴 K7(휘),LUXURY,더 뉴 K7,2021.0,392,11.854166666666666,741235.0,4.132785763175907,4.265571526351814,0.03024022108843537,1890.905612244898,0.0,0.0,0.0,,,4.0,2.0,1.0,185308.75,71.125,0.0,0.0,0.0,,,,0.0,1806.7274837364996,,0.0,추가 관찰,6년 도달 전 추가 관찰
21년 머스탱 컨버터블(휘),IMPORTED,머스탱,2021.0,1326,125.52986111111112,12032895.0,4.6036960985626285,5.207392197125257,0.09466807021954081,9074.581447963801,0.0,0.0,0.0,,,58.0,50.0,8.0,207463.7068965517,51.94344827586207,0.0,0.0,0.0,,,,0.0,2971.95067264574,,0.0,추가 관찰,6년 도달 전 추가 관찰
21년 벤츠 C클래스 카브리올레(휘),IMPORTED,벤츠,2021.0,1176,259.6375,24722390.0,4.803559206023271,5.607118412046543,0.2207801870748299,21022.440476190477,0.0,0.0,0.0,,,120.0,103.0,19.0,206019.91666666666,51.9275,0.0,0.0,0.0,,,,0.0,2971.95067264574,,0.0,추가 관찰,6년 도달 전 추가 관찰
21년 벤츠G63 AMG 지바겐(휘),SUPERCAR,벤츠,2021.0,588,81.52569444444444,39691710.0,4.803559206023271,5.607118412046543,0.1386491402116402,67502.90816326531,0.0,0.0,0.0,,,48.0,40.0,17.0,857476.875,42.76291666666666,0.0,0.0,0.0,,,,0.0,,,0.0,추가 관찰,6년 도달 전 추가 관찰
21년 쏘나타DN8(휘),MIDSIZE,쏘나타,2021.0,5880,463.24097222222224,17704405.0,4.803559206023271,5.607118412046543,0.07878247826908541,3010.953231292517,0.0,0.0,0.0,,,160.0,125.0,12.0,110652.53125,69.4861875,0.0,0.0,0.0,,,,0.0,1034.9617232543242,,0.0,추가 관찰,6년 도달 전 추가 관찰
21년 4세대 쏘렌토(7인/휘),SUV,쏘렌토,2021.0,1764,107.65625,6723085.0,4.803559206023271,5.607118412046543,0.0610296201814059,3811.2726757369614,0.0,0.0,0.0,,,41.0,35.0,14.0,163977.68292682926,63.01829268292683,0.0,0.0,0.0,,,,0.0,0.0,,0.0,추가 관찰,6년 도달 전 추가 관찰
21년 4세대 더올뉴투싼(휘),SUV,투싼,2021.0,4116,288.2916666666667,11697280.0,4.803559206023271,5.607118412046543,0.0700417071590541,2841.904761904762,0.0,0.0,0.0,,,105.0,77.0,20.0,111402.66666666667,65.89533333333334,0.0,0.0,0.0,,,,0.0,0.0,,0.0,추가 관찰,6년 도달 전 추가 관찰
21/22년 트레일블레이저(휘),SUV,레이,2022.0,4704,561.7388888888889,22898115.242494226,3.8042436687200545,4.607802874743326,0.11941728080120938,4867.796607673092,0.0,0.0,0.0,,,207.0,159.0,20.0,111406.66666666667,65.60251207729468,0.0,0.0,0.0,,,,0.0,0.0,,0.0,추가 관찰,6년 도달 전 추가 관찰
19년 G80(휘),LUXURY,G80,2019.0,196,0.0,0.0,6.134154688569473,6.26694045174538,0.0,0.0,196.0,0.0,0.0,0.0,0.0,,,,,,0.0,0.0,0.0,,,,,1806.7274837364996,0.0,0.0,교체/매각 검토,6년 전후 교체 검토
18/19년 그랜져IG(휘),LUXURY,그랜져IG,2019.0,490,0.0,0.0,6.134154688569473,6.26694045174538,0.0,0.0,490.0,0.0,0.0,0.0,0.0,,,,,,0.0,0.0,0.0,,,,,1806.7274837364996,0.0,0.0,교체/매각 검토,6년 전후 교체 검토
18/19년 올뉴 K3(휘),COMPACT,K3,2019.0,196,0.0,0.0,6.134154688569473,6.26694045174538,0.0,0.0,196.0,0.0,0.0,0.0,0.0,,,,,,0.0,0.0,0.0,,,,,407.6530612244898,0.0,0.0,교체/매각 검토,6년 전후 교체 검토
18년 모닝(휘),URBAN,모닝,2018.0,490,0.0,0.0,7.13347022587269,7.266255989048597,0.0,0.0,490.0,0.0,0.0,0.0,0.0,,,,,,0.0,0.0,0.0,,,,,97.1103896103896,0.0,0.0,교체/매각 검토,6년 전후 교체 검토
18년 올뉴 쏘렌토(7인/경유),SUV,쏘렌토,2018.0,294,0.0,0.0,7.13347022587269,7.266255989048597,0.0,0.0,294.0,0.0,0.0,0.0,0.0,,,,,,0.0,0.0,0.0,,,,,0.0,,0.0,교체/매각 검토,6년 전후 교체 검토
18년 코나(휘),SUV,코나,2018.0,1274,0.0,0.0,7.13347022587269,7.266255989048597,0.0,0.0,1274.0,0.0,0.0,0.0,0.0,,,,,,0.0,0.0,0.0,,,,,0.0,,0.0,교체/매각 검토,6년 전후 교체 검토
19/20년 머스탱 컨버터블(휘),IMPORTED,머스탱,2020.0,1326,111.925,9515275.0,5.605749486652978,6.209445585215605,0.08440799396681749,7175.92383107089,231.0,0.0,0.0,0.0,0.0,55.0,46.0,10.0,173005.0,48.839999999999996,0.0,0.0,0.0,,,,0.0,2971.95067264574,0.0,0.0,교체/매각 검토,6년 전후 교체 검토
19년 더뉴 아반떼(휘),COMPACT,아반떼,2019.0,784,0.0,0.0,6.134154688569473,6.26694045174538,0.0,0.0,784.0,0.0,0.0,0.0,0.0,,,,,,0.0,0.0,0.0,,,,,407.6530612244898,0.0,0.0,교체/매각 검토,6년 전후 교체 검토
21/22년 BMW 420i 컨버터블(휘),IMPORTED,BMW 420i,2022.0,1768,152.08125,14662125.0,3.6043805612594113,4.20807665982204,0.08601880656108597,8293.057126696833,0.0,0.0,0.0,,,67.0,53.0,11.0,218837.68656716417,54.47701492537313,0.0,0.0,0.0,,,,0.0,2971.95067264574,,0.0,추가 관찰,6년 도달 전 추가 관찰
19년 베뉴(휘),SUV,베뉴,2019.0,196,0.0,0.0,6.134154688569473,6.26694045174538,0.0,0.0,196.0,0.0,0.0,0.0,0.0,,,,,,0.0,0.0,0.0,,,,,0.0,,0.0,교체/매각 검토,6년 전후 교체 검토
19년 벤츠 E클래스 카브리올레[경유],IMPORTED,벤츠,2019.0,294,0.0,0.0,6.134154688569473,6.26694045174538,0.0,0.0,294.0,0.0,0.0,0.0,0.0,,,,,,0.0,0.0,0.0,,,,,2971.95067264574,0.0,0.0,교체/매각 검토,6년 전후 교체 검토
19년 싼타페TM 2륜 (5인/경유),SUV,싼타페,2019.0,196,0.0,0.0,6.134154688569473,6.26694045174538,0.0,0.0,196.0,0.0,0.0,0.0,0.0,,,,,,0.0,0.0,0.0,,,,,0.0,,0.0,교체/매각 검토,6년 전후 교체 검토
20/21년 BMW Z4 로드스터(휘),IMPORTED,BMW Z4 로드스터,2021.0,1176,206.28194444444443,20578019.0,4.803559206023271,5.607118412046543,0.17540981670445954,17498.315476190477,0.0,0.0,0.0,,,109.0,96.0,20.0,188789.16513761468,45.419999999999995,0.0,0.0,0.0,,,,0.0,2971.95067264574,,0.0,추가 관찰,6년 도달 전 추가 관찰
20년 K5(LPG) 청주지점,MIDSIZE,K5,2020.0,3226,0.0,0.0,5.805612594113621,6.609171800136893,0.0,0.0,1115.0,0.0,0.0,0.0,0.0,,,,,,0.0,0.0,0.0,,,,,1034.9617232543242,0.0,0.0,교체/매각 검토,6년 전후 교체 검토
20년 QM6(LPG),SUV,QM6,2020.0,1766,14.636805555555556,839680.0,5.605749486652978,6.209445585215605,0.008288111866112998,475.46998867497166,306.0,0.0,0.0,0.0,0.0,7.0,6.0,4.0,119954.28571428571,50.18285714285714,0.0,0.0,0.0,,,,0.0,0.0,,0.0,교체/매각 검토,6년 전후 교체 검토
21년 아우디A5 카브리올레(휘),IMPORTED,아우디A5 카브리올레,2021.0,588,63.04097222222222,6139865.0,4.803559206023271,5.607118412046543,0.10721253779289494,10441.947278911564,0.0,0.0,0.0,,,30.0,26.0,14.0,204662.16666666666,50.433,0.0,0.0,0.0,,,,0.0,2971.95067264574,,0.0,추가 관찰,6년 도달 전 추가 관찰
21년 아이오닉5(전기),EV,아이오닉,2021.0,5880,981.3756944444444,44685995.0,4.803559206023271,5.607118412046543,0.1669006283068783,7599.659013605442,0.0,0.0,0.0,,,370.0,308.0,19.0,120772.95945945945,63.656864864864865,0.0,0.0,0.0,,,,0.0,3485.0036768015234,,0.0,추가 관찰,6년 도달 전 추가 관찰
21년 올뉴아반떼CN7(휘),COMPACT,아반떼,2021.0,8820,1164.8631944444444,36014470.0,4.803559206023271,5.607118412046543,0.13207065696649029,4083.2732426303855,0.0,0.0,0.0,,,464.0,374.0,20.0,77617.3922413793,60.25163793103448,0.0,0.0,0.0,,,,0.0,407.6530612244898,,0.0,추가 관찰,6년 도달 전 추가 관찰
23년 GV70(5인/휘),SUV,GV70,2023.0,2940,379.06944444444446,27040210.0,2.8049281314168377,3.6084873374401094,0.12893518518518518,9197.350340136054,0.0,0.0,0.0,,,157.0,125.0,20.0,172230.63694267516,57.94700636942675,0.0,0.0,0.0,,,,0.0,0.0,,0.0,추가 관찰,6년 도달 전 추가 관찰
22년 폭스바겐 제타(휘),IMPORTED,폭스바겐 제타,2022.0,294,0.0,0.0,3.1334702258726903,3.266255989048597,0.0,0.0,0.0,0.0,0.0,,,,,,,,0.0,0.0,0.0,,,,,2971.95067264574,,0.0,추가 관찰,6년 도달 전 추가 관찰
23년 4세대 쏘렌토(5인/경유),SUV,쏘렌토,2023.0,1764,247.59861111111113,14667590.0,2.8049281314168377,3.6084873374401094,0.1403620244394054,8314.960317460318,0.0,0.0,0.0,,,98.0,78.0,18.0,149669.2857142857,60.63642857142857,0.0,0.0,0.0,,,,0.0,0.0,,0.0,추가 관찰,6년 도달 전 추가 관찰
23년 4세대 쏘렌토(5인/휘),SUV,쏘렌토,2023.0,1764,236.76527777777778,13225777.0,2.8049281314168377,3.6084873374401094,0.1342206790123457,7497.606009070295,0.0,0.0,0.0,,,86.0,78.0,19.0,153788.10465116278,66.07395348837208,0.0,0.0,0.0,,,,0.0,0.0,,0.0,추가 관찰,6년 도달 전 추가 관찰
23년 4세대 쏘렌토(7인/휘),SUV,쏘렌토,2023.0,588,64.36805555555556,3601005.0,2.8049281314168377,3.6084873374401094,0.10946948223733938,6124.158163265306,0.0,0.0,0.0,,,24.0,19.0,13.0,150041.875,64.36833333333334,0.0,0.0,0.0,,,,0.0,0.0,,0.0,추가 관찰,6년 도달 전 추가 관찰
23년 4세대 카니발 9인승(휘),RV,카니발,2023.0,4116,398.7708333333333,26378055.0,2.8049281314168377,3.6084873374401094,0.09688309847748623,6408.662536443148,0.0,0.0,0.0,,,145.0,118.0,20.0,181917.62068965516,66.00351724137931,0.0,0.0,0.0,,,,0.0,3064.497444633731,,0.0,추가 관찰,6년 도달 전 추가 관찰
23년 4세대 카니발 리무진 7인승(경유),RV,카니발,2023.0,2940,382.2013888888889,29562675.0,2.8049281314168377,3.6084873374401094,0.1300004724111867,10055.331632653062,0.0,0.0,0.0,,,149.0,125.0,20.0,198407.21476510068,61.56268456375839,0.0,0.0,0.0,,,,0.0,3064.497444633731,,0.0,추가 관찰,6년 도달 전 추가 관찰
23년 GV80 4륜(7인/휘),SUV,GV80,2023.0,2352,254.74652777777777,24110075.620689657,2.8049281314168377,3.6084873374401094,0.10831059854497355,10250.88249178982,0.0,0.0,0.0,,,104.0,80.0,20.0,231835.24038461538,58.792500000000004,0.0,0.0,0.0,,,,0.0,0.0,,0.0,추가 관찰,6년 도달 전 추가 관찰
22년 캐스퍼(휘),URBAN,캐스퍼,2022.0,5880,1346.6729166666667,42812525.0,3.8042436687200545,4.607802874743326,0.22902600623582767,7281.041666666667,0.0,0.0,0.0,,,582.0,448.0,20.0,73561.03951890035,55.53292096219931,0.0,0.0,0.0,,,,0.0,97.1103896103896,,0.0,추가 관찰,6년 도달 전 추가 관찰
23년 K8(LPG),LUXURY,K8,2023.0,1764,295.0729166666667,15979395.0,2.8049281314168377,3.6084873374401094,0.16727489606953894,9058.61394557823,0.0,0.0,0.0,,,122.0,92.0,19.0,130978.64754098361,58.04713114754098,0.0,0.0,0.0,,,,0.0,1806.7274837364996,,0.0,추가 관찰,6년 도달 전 추가 관찰
23년 디올뉴 그랜저(휘),LUXURY,디올뉴 그랜저,2023.0,2940,494.8611111111111,29404315.0,2.8049281314168377,3.6084873374401094,0.16832010582010581,10001.46768707483,0.0,0.0,0.0,,,197.0,154.0,19.0,149260.48223350252,60.28766497461929,0.0,0.0,0.0,,,,0.0,1806.7274837364996,,0.0,추가 관찰,6년 도달 전 추가 관찰
23년 머스탱컨버터블(휘),IMPORTED,머스탱,2023.0,2352,322.7347222222222,31914151.788990825,2.8049281314168377,3.6084873374401094,0.13721714380196523,13568.942087155963,0.0,0.0,0.0,,,144.0,127.0,20.0,222618.78472222222,53.99395833333333,0.0,0.0,0.0,,,,0.0,2971.95067264574,,0.0,추가 관찰,6년 도달 전 추가 관찰
23년 스타리아  9인승 4륜(경유),RV,스타리아,2023.0,5880,516.9631944444444,41947012.0,2.8049281314168377,3.6084873374401094,0.08791891061980348,7133.845578231292,0.0,0.0,0.0,,,191.0,154.0,20.0,219617.86387434555,64.95879581151831,0.0,0.0,0.0,,,,0.0,3064.497444633731,,0.0,추가 관찰,6년 도달 전 추가 관찰
23년 쏠라티(15인/경유),RV,쏠라티,2023.0,2352,81.98125,18550725.0,2.8049281314168377,3.6084873374401094,0.034855973639455785,7887.213010204082,0.0,0.0,0.0,,,35.0,31.0,13.0,530020.7142857143,56.215714285714284,0.0,0.0,0.0,,,,0.0,3064.497444633731,,0.0,추가 관찰,6년 도달 전 추가 관찰
23년 지프 랭글러 파워탑(휘),IMPORTED,랭글러,2023.0,2352,407.95694444444445,39893750.0,2.8049281314168377,3.6084873374401094,0.17345108182161753,16961.628401360544,0.0,0.0,0.0,,,190.0,150.0,20.0,209967.1052631579,51.53152631578947,0.0,0.0,0.0,,,,0.0,2971.95067264574,,0.0,추가 관찰,6년 도달 전 추가 관찰
22년 포르쉐 718박스터 컨버터블(휘),SUPERCAR,포르쉐,2022.0,686,90.21527777777777,35433936.0,3.8042436687200545,4.607802874743326,0.13150915127955942,51652.967930029154,0.0,0.0,0.0,,,56.0,47.0,18.0,632748.8571428572,38.66375,0.0,0.0,0.0,,,,0.0,,,0.0,추가 관찰,6년 도달 전 추가 관찰
22년 쏘렌토 하이브리드(7인/휘),SUV,쏘렌토,2022.0,1764,198.60763888888889,10522576.0875,3.8042436687200545,4.607802874743326,0.11258936444948349,5965.1791879251705,0.0,0.0,0.0,,,71.0,61.0,18.0,151993.84507042254,68.62802816901409,0.0,0.0,0.0,,,,0.0,0.0,,0.0,추가 관찰,6년 도달 전 추가 관찰
22년 BMW 미니 컨버터블(휘),IMPORTED,미니,2022.0,2352,316.4916666666667,20256209.0,3.8042436687200545,4.607802874743326,0.13456278344671202,8612.3337585034,0.0,0.0,0.0,,,148.0,132.0,20.0,136866.27702702704,51.32317567567568,0.0,0.0,0.0,,,,0.0,2971.95067264574,,0.0,추가 관찰,6년 도달 전 추가 관찰
22년 니로 하이브리드(휘),SUV,니로 하이브리드,2022.0,4704,518.3986111111111,24201353.778625954,3.8042436687200545,4.607802874743326,0.11020378637566138,5144.845616204497,0.0,0.0,0.0,,,194.0,149.0,20.0,124845.3350515464,64.17572164948454,0.0,0.0,0.0,,,,0.0,0.0,,0.0,추가 관찰,6년 도달 전 추가 관찰
22년 BMW 미니 컨버터블S(휘),IMPORTED,미니,2022.0,1176,80.06736111111111,5628685.0,3.8042436687200545,4.607802874743326,0.06808449074074074,4786.296768707483,0.0,0.0,0.0,,,35.0,24.0,16.0,160819.57142857142,54.90342857142857,0.0,0.0,0.0,,,,0.0,2971.95067264574,,0.0,추가 관찰,6년 도달 전 추가 관찰
22년 EV6(전기),EV,EV6,2022.0,12348,2469.8152777777777,118548970.54016265,3.8042436687200545,4.607802874743326,0.2000174342223662,9600.661689355577,0.0,0.0,0.0,,,939.0,732.0,20.0,126473.48668796592,63.20725239616613,0.0,0.0,0.0,,,,0.0,3485.0036768015234,,0.0,추가 관찰,6년 도달 전 추가 관찰
22년 K5(LPG),MIDSIZE,K5,2022.0,3536,82.13055555555556,3774090.0,3.6043805612594113,4.20807665982204,0.023226967068878834,1067.33314479638,0.0,0.0,0.0,,,37.0,30.0,4.0,102002.43243243243,53.273783783783784,0.0,0.0,0.0,,,,0.0,1034.9617232543242,,0.0,추가 관찰,6년 도달 전 추가 관찰
22년 K5(휘),MIDSIZE,K5,2022.0,5292,881.9701388888889,28537625.0,3.8042436687200545,4.607802874743326,0.16666102397749222,5392.597316704459,0.0,0.0,0.0,,,342.0,246.0,20.0,83443.34795321638,61.89266081871345,0.0,0.0,0.0,,,,0.0,1034.9617232543242,,0.0,추가 관찰,6년 도달 전 추가 관찰
22년 XM3(휘),SUV,XM3,2022.0,1176,113.09375,5009330.0,3.8042436687200545,4.607802874743326,0.09616815476190477,4259.634353741497,0.0,0.0,0.0,,,44.0,39.0,15.0,113848.40909090909,61.68772727272728,0.0,0.0,0.0,,,,0.0,0.0,,0.0,추가 관찰,6년 도달 전 추가 관찰
22년 k3(휘),COMPACT,K3,2022.0,13084,2042.6055555555556,63289325.833333336,3.8042436687200545,4.607802874743326,0.15611476272971228,4837.154221440946,0.0,0.0,0.0,,,811.0,607.0,20.0,78040.71516646116,60.447743526510486,0.0,0.0,0.0,,,,0.0,407.6530612244898,,0.0,추가 관찰,6년 도달 전 추가 관찰
22년 모닝(휘),URBAN,모닝,2022.0,9494,1128.6215277777778,29015828.71631206,3.8042436687200545,4.607802874743326,0.11887734651124687,3056.2280088805624,0.0,0.0,0.0,,,478.0,350.0,20.0,60726.219665271965,56.68085774058578,0.0,0.0,0.0,,,,0.0,97.1103896103896,,0.0,추가 관찰,6년 도달 전 추가 관찰
22년 스포티지(휘),SUV,스포티지,2022.0,2210,128.42638888888888,8531795.0,3.6043805612594113,4.20807665982204,0.058111488185017594,3860.5407239819006,0.0,0.0,0.0,,,46.0,34.0,8.0,185473.80434782608,67.005,0.0,0.0,0.0,,,,0.0,0.0,,0.0,추가 관찰,6년 도달 전 추가 관찰
22년 베뉴(휘),SUV,베뉴,2022.0,1176,185.77083333333334,6897383.450704225,3.8042436687200545,4.607802874743326,0.15796839569160998,5865.121981891348,0.0,0.0,0.0,,,83.0,66.0,20.0,84170.78313253012,54.138674698795185,0.0,0.0,0.0,,,,0.0,0.0,,0.0,추가 관찰,6년 도달 전 추가 관찰
22년 볼보 XC40(휘),IMPORTED,볼보 XC40,2022.0,1176,131.35069444444446,11492615.0,3.8042436687200545,4.607802874743326,0.11169276738473168,9772.63180272109,0.0,0.0,0.0,,,57.0,42.0,18.0,201624.8245614035,55.30543859649123,0.0,0.0,0.0,,,,0.0,2971.95067264574,,0.0,추가 관찰,6년 도달 전 추가 관찰
22년 스타리아 11인승(경유),RV,스타리아,2022.0,2175,67.48819444444445,5841395.0,3.594798083504449,4.188911704312115,0.031029054916985953,2685.6988505747127,0.0,0.0,0.0,,,26.0,25.0,8.0,224669.03846153847,62.29692307692308,0.0,0.0,0.0,,,,0.0,3064.497444633731,,0.0,추가 관찰,6년 도달 전 추가 관찰
22년 스타리아 9인승(경유),RV,스타리아,2022.0,4855,197.5222222222222,16394375.0,3.6043805612594113,4.20807665982204,0.040684288820231146,3376.8022657054585,0.0,0.0,0.0,,,70.0,59.0,9.0,234205.35714285713,67.722,0.0,0.0,0.0,,,,0.0,3064.497444633731,,0.0,추가 관찰,6년 도달 전 추가 관찰
22년 스포티지 하이브리드(휘),SUV,스포티지,2022.0,1764,192.9986111111111,9380010.0,3.8042436687200545,4.607802874743326,0.10940964348702444,5317.465986394558,0.0,0.0,0.0,,,78.0,61.0,19.0,120256.53846153847,59.384230769230776,0.0,0.0,0.0,,,,0.0,0.0,,0.0,추가 관찰,6년 도달 전 추가 관찰
22년 스포티지(경유),SUV,스포티지,2022.0,4420,304.27986111111113,18045910.0,3.6043805612594113,4.20807665982204,0.06884159753645049,4082.785067873303,0.0,0.0,0.0,,,109.0,93.0,10.0,165558.80733944953,66.99733944954129,0.0,0.0,0.0,,,,0.0,0.0,,0.0,추가 관찰,6년 도달 전 추가 관찰
26년 팰리세이드4륜(휘),SUV,팰리세이드,2026.0,2752,773.2701388888889,53166278.22220385,0.3189596167008898,0.6078028747433265,0.2809847888404393,19319.14179585896,0.0,0.0,0.0,,,319.0,249.0,8.0,167839.7931034483,58.54235109717868,0.0,0.0,0.0,,,,0.0,0.0,,0.0,추가 관찰,6년 도달 전 추가 관찰
