model_name,vehicle_class,fleet_vehicle_days,booked_hours,revenue_krw,observed_days,stockout_days,max_peak_concurrent,avg_fleet_count,avg_daily_peak,fleet_hours,booked_vehicle_days,utilization_rate,stockout_day_rate,revenue_per_booked_hour,stockout_period_count,avg_stockout_period_days,max_stockout_period_days
22년 포르쉐 718박스터 컨버터블(휘),SUPERCAR,686,2165.1666666666665,35433936.0,588,128,1.0,1.1666666666666667,0.23129251700680273,16464,90.21527777777777,0.13150915127955942,0.21768707482993196,16365.454237549073,39.0,3.282051282051282,14.0
26년  스포티지(휘),SUV,233,2147.25,6628735.0,232,123,2.0,1.0043103448275863,0.5344827586206896,5592,89.46875,0.38398605150214593,0.5301724137931034,3087.0811503085342,22.0,5.590909090909091,22.0
21년 벤츠G63 AMG 지바겐(휘),SUPERCAR,588,1956.6166666666666,41158890.0,588,122,1.0,1.0,0.20748299319727892,14112,81.52569444444444,0.1386491402116402,0.20748299319727892,21035.745376798386,41.0,2.975609756097561,7.0
21년 아우디A5 카브리올레(휘),IMPORTED,588,1512.9833333333333,6139865.0,588,88,1.0,1.0,0.14965986394557823,14112,63.04097222222222,0.10721253779289494,0.14965986394557823,4058.1180669538107,23.0,3.8260869565217392,12.0
23년 4세대 쏘렌토(7인/휘),SUV,588,1544.8333333333333,3601005.0,588,86,1.0,1.0,0.14625850340136054,14112,64.36805555555556,0.10946948223733938,0.14625850340136054,2330.9990290214696,21.0,4.095238095238095,9.0
25년 GV80 쿠페 4륜(5인/휘),SUV,1176,7994.4,37207358.0,588,83,2.0,2.0,0.7840136054421769,28224,333.09999999999997,0.28324829931972784,0.141156462585034,4654.17767437206,34.0,2.4411764705882355,6.0
25년 포르쉐 카이엔 하이브리드 쿠페 4륜,SUPERCAR,457,1362.8333333333333,22495395.0,457,82,1.0,1.0,0.17943107221006566,10968,56.78472222222222,0.12425540967663506,0.17943107221006566,16506.343402225757,22.0,3.727272727272727,11.0
24년 쏠라티(15인/경유),RV,588,1228.1666666666667,11393735.0,588,78,1.0,1.0,0.1326530612244898,14112,51.173611111111114,0.0870299508692366,0.1326530612244898,9277.026733613788,26.0,3.0,4.0
21년 벤츠 C클래스 카브리올레(휘),IMPORTED,1176,6231.3,24722390.0,588,66,3.0,2.0,0.6054421768707483,28224,259.6375,0.2207801870748299,0.11224489795918367,3967.453019434147,28.0,2.357142857142857,7.0
26년 쏠라티(15인/경유),RV,239,879.6666666666666,10718395.0,239,53,2.0,1.0,0.22594142259414227,5736,36.65277777777778,0.1533589028358903,0.2217573221757322,12184.609700644183,16.0,3.3125,7.0
20/21년 BMW Z4 로드스터(휘),IMPORTED,1176,4950.766666666666,20578019.0,588,42,2.0,2.0,0.5119047619047619,28224,206.28194444444443,0.17540981670445954,0.07142857142857142,4156.531782956175,20.0,2.1,4.0
24년 더 뉴 카니발 하이브리드 9인승(휘),RV,1176,4501.0,14929955.0,588,42,2.0,2.0,0.41496598639455784,28224,187.54166666666666,0.15947420634920634,0.07142857142857142,3317.0306598533657,10.0,4.2,8.0
16/18년 올뉴카니발9인(경유),RV,1176,957.8333333333334,1855555.0,588,42,2.0,2.0,0.08843537414965986,28224,39.90972222222222,0.033936838624338626,0.07142857142857142,1937.2420393248651,10.0,4.2,7.0
24년 스타리아 11인승 4륜(경유),RV,1176,4459.0,15815755.0,588,40,2.0,2.0,0.43537414965986393,28224,185.79166666666666,0.1579861111111111,0.06802721088435375,3546.9286835613366,17.0,2.3529411764705883,4.0
25년 BMW X7 xdrive40i 하이브리드(휘),SUPERCAR,419,519.6666666666666,9355460.0,419,32,1.0,1.0,0.07637231503579953,10056,21.652777777777775,0.051677273932643854,0.07637231503579953,18002.809493264915,10.0,3.2,5.0
25년 투싼 4륜(휘),SUV,3528,33185.05,79600880.0,588,31,7.0,6.0,3.0187074829931975,84672,1382.7104166666668,0.39192472127739986,0.05272108843537415,2398.697003620606,16.0,1.9375,4.0
22년 베뉴(휘),SUV,1176,4458.5,6986175.0,588,30,2.0,2.0,0.4387755102040816,28224,185.77083333333334,0.15796839569160998,0.05102040816326531,1566.9339463945273,16.0,1.875,4.0
22년 볼보 XC40(휘),IMPORTED,1176,3152.4166666666665,11492615.0,588,28,2.0,2.0,0.3129251700680272,28224,131.35069444444443,0.11169276738473166,0.047619047619047616,3645.6522773533534,11.0,2.5454545454545454,5.0
26년 투싼(휘),SUV,928,8969.816666666668,23650275.0,232,23,4.0,4.0,2.1077586206896552,22272,373.74236111111117,0.4027396132662836,0.09913793103448276,2636.650879152119,14.0,1.6428571428571428,4.0
25년 G80 4륜(휘),LUXURY,2885,24539.133333333335,91769310.0,588,20,5.0,4.906462585034014,2.261904761904762,69240,1022.463888888889,0.35440689389562874,0.034013605442176874,3739.712758125117,11.0,1.8181818181818181,4.0
25년 팰리세이드 4륜(휘),SUV,2249,16731.05,61732600.0,454,17,5.0,4.953744493392071,1.9889867841409692,53976,697.1270833333333,0.30997202460352746,0.037444933920704845,3689.702678552751,10.0,1.7,3.0
19년 더뉴그랜드스타렉스12인(경유),RV,1176,1991.0833333333333,5904315.0,588,17,2.0,2.0,0.1989795918367347,28224,82.96180555555556,0.07054575302343159,0.02891156462585034,2965.3781442263426,7.0,2.4285714285714284,5.0
22년 XM3(휘),SUV,1176,2714.25,5009330.0,588,15,2.0,2.0,0.2585034013605442,28224,113.09375,0.09616815476190477,0.025510204081632654,1845.5669153541494,8.0,1.875,4.0
24년 코나(휘),SUV,2940,20653.516666666666,37051145.0,588,13,5.0,5.0,1.9302721088435375,70560,860.5631944444444,0.29270856953892666,0.022108843537414966,1793.938804610353,8.0,1.625,2.0
23년 K8(LPG),LUXURY,1764,7081.75,15979395.0,588,13,3.0,3.0,0.673469387755102,42336,295.0729166666667,0.16727489606953894,0.022108843537414966,2256.418964239065,7.0,1.8571428571428572,3.0
25년 카니발리무진 7인승(휘),RV,2866,19271.316666666666,72770617.0,574,12,5.0,4.993031358885017,1.818815331010453,68784,802.9715277777777,0.28017150306272776,0.020905923344947737,3776.110281342133,5.0,2.4,5.0
24년 더 뉴 쏘렌토 하이브리드 4륜(5인/휘),SUV,2352,13837.466666666667,36846976.0,588,12,4.0,4.0,1.3010204081632653,56448,576.5611111111111,0.24513652683295542,0.02040816326530612,2662.841175166938,7.0,1.7142857142857142,3.0
25년 GV70 4륜(5인/휘),SUV,2632,17812.25,68135409.0,548,11,5.0,4.802919708029197,1.781021897810219,63168,742.1770833333334,0.2819821745187437,0.020072992700729927,3825.1994554309535,5.0,2.2,4.0
25년 카니발리무진 7인승(경유),RV,2240,13203.083333333334,48466680.0,574,10,4.0,3.902439024390244,1.2735191637630663,53760,550.1284722222223,0.24559306795634925,0.017421602787456445,3670.860720664996,6.0,1.6666666666666667,2.0
23년 4세대 쏘렌토(5인/경유),SUV,1764,5942.366666666667,14667590.0,588,10,3.0,3.0,0.5595238095238095,42336,247.59861111111113,0.1403620244394054,0.017006802721088437,2468.3078010444774,6.0,1.6666666666666667,2.0
26년 레이(휘),URBAN,1079,9487.7,13854325.0,217,10,5.0,4.972350230414746,2.391705069124424,25896,395.3208333333334,0.36637704664813103,0.04608294930875576,1460.240627338554,9.0,1.1111111111111112,2.0
24년 벤츠 CLE 컨버터블(휘),IMPORTED,2450,12979.15,72085195.0,588,9,4.0,4.166666666666667,1.2772108843537415,58800,540.7979166666667,0.22073384353741496,0.015306122448979591,5553.922637460851,6.0,1.5,2.0
25년 카니발 리무진 하이브리드 7인(휘),RV,2199,14042.3,57590850.0,440,8,5.0,4.997727272727273,1.75,52776,585.0958333333333,0.2660735940579051,0.01818181818181818,4101.240537518783,4.0,2.0,4.0
25년 팰리세이드 하이브리드 4륜 (휘),SUV,1632,10417.1,37191084.0,327,8,5.0,4.990825688073395,1.7431192660550459,39168,434.04583333333335,0.2659594566993464,0.024464831804281346,3570.195543865375,4.0,2.0,3.0
26년 스타리아 11인승 하이브리드(휘),RV,913,5436.033333333334,24528931.0,187,8,5.0,4.882352941176471,1.6149732620320856,21912,226.5013888888889,0.2480847632956067,0.0427807486631016,4512.284876840343,3.0,2.6666666666666665,3.0
20년 더 뉴 그랜저(휘),LUXURY,2352,6648.133333333333,14977100.0,588,8,4.0,4.0,0.6326530612244898,56448,277.00555555555553,0.11777447089947089,0.013605442176870748,2252.8278614548444,3.0,2.6666666666666665,4.0
25년 GV80 4륜(7인/휘),SUV,2749,18930.466666666667,84879401.0,575,7,5.0,4.780869565217391,1.8208695652173914,65976,788.7694444444445,0.2869295905581828,0.01217391304347826,4483.745831235011,5.0,1.4,2.0
26년 BMW 420i 컨버터블(휘),IMPORTED,1532,10296.25,56634985.0,271,7,5.0,5.6531365313653135,2.162361623616236,36768,429.0104166666667,0.28003290905134903,0.025830258302583026,5500.544858565012,4.0,1.75,3.0
24년 더뉴그랜저 하이브리드(휘),LUXURY,2940,15882.733333333334,49165490.0,588,7,5.0,5.0,1.5153061224489797,70560,661.7805555555556,0.22509542705971278,0.011904761904761904,3095.5307860527782,4.0,1.75,2.0
24년 BMW 미니 컨버터블(휘),IMPORTED,2352,8302.183333333332,26343800.0,588,7,4.0,4.0,0.8282312925170068,56448,345.9243055555555,0.14707666052532123,0.011904761904761904,3173.117111763773,4.0,1.75,2.0
23년 지프 랭글러 파워탑(휘),IMPORTED,2352,9790.966666666667,39893750.0,588,6,4.0,4.0,0.9523809523809523,56448,407.95694444444445,0.17345108182161753,0.01020408163265306,4074.546605885016,3.0,2.0,3.0
24년 쏘나타 디엣지 하이브리드(휘),MIDSIZE,2940,17049.45,35481705.0,588,6,5.0,5.0,1.5765306122448979,70560,710.3937500000001,0.24163052721088438,0.01020408163265306,2081.1055488593474,3.0,2.0,3.0
24년 G80 4륜(휘),LUXURY,1764,6179.133333333333,21652599.0,588,6,3.0,3.0,0.6173469387755102,42336,257.4638888888889,0.14595458553791887,0.01020408163265306,3504.148208486627,3.0,2.0,3.0
24년 카니발 하이리무진 9인승(경유),RV,2940,16983.816666666666,78717482.0,588,5,5.0,5.0,1.5612244897959184,70560,707.6590277777777,0.24070034958427813,0.008503401360544218,4634.852315292303,3.0,1.6666666666666667,2.0
21년 G80(휘),LUXURY,1764,5578.433333333333,15805989.0,588,5,3.0,3.0,0.5510204081632653,42336,232.43472222222223,0.13176571554547745,0.008503401360544218,2833.410037465716,2.0,2.5,3.0
21년 QM6(휘),SUV,1764,5215.5,11259160.0,588,5,3.0,3.0,0.4812925170068027,42336,217.3125,0.12319302721088435,0.008503401360544218,2158.788227399099,3.0,1.6666666666666667,3.0
25년 BMW 미니 컨버터블(휘),IMPORTED,2280,13273.866666666667,49328985.0,456,4,5.0,5.0,1.6359649122807018,54720,553.0777777777778,0.24257797270955167,0.008771929824561403,3716.2483426080316,2.0,2.0,3.0
26년 더 K8(휘),LUXURY,788,4974.583333333333,15004920.0,197,4,4.0,4.0,1.3604060913705585,18912,207.27430555555554,0.2630384588268471,0.02030456852791878,3016.316944467711,3.0,1.3333333333333333,2.0
23년 4세대 쏘렌토(5인/휘),SUV,1764,5682.366666666667,13225777.0,588,4,3.0,3.0,0.5340136054421769,42336,236.76527777777778,0.1342206790123457,0.006802721088435374,2327.5120695015576,3.0,1.3333333333333333,2.0
21년 머스탱 컨버터블(휘),IMPORTED,1326,3012.7166666666667,12032895.0,442,4,3.0,3.0,0.39592760180995473,31824,125.52986111111112,0.09466807021954081,0.00904977375565611,3994.034730558798,1.0,4.0,4.0
22년 쏘렌토 하이브리드(7인/휘),SUV,1764,4766.583333333333,10791563.0,588,4,3.0,3.0,0.44047619047619047,42336,198.60763888888889,0.11258936444948349,0.006802721088435374,2264.0038462210878,2.0,2.0,2.0
24년 BMW 420i 컨버터블(휘),IMPORTED,2940,14179.366666666667,67992224.0,588,3,5.0,5.0,1.370748299319728,70560,590.8069444444444,0.20095474300831442,0.00510204081632653,4795.152392796105,2.0,1.5,2.0
24년 더 뉴 K5(휘),MIDSIZE,4704,35215.98333333333,64066721.0,588,3,8.0,8.0,3.2210884353741496,112896,1467.3326388888888,0.31193295894746786,0.00510204081632653,1819.2512301469174,2.0,1.5,2.0
20년 쏘나타DN8(LPG),MIDSIZE,8232,37292.48333333333,54472540.0,588,3,14.0,14.0,3.2210884353741496,197568,1553.853472222222,0.18875771042544,0.00510204081632653,1460.684168257321,3.0,1.0,1.0
24년 더 뉴 쏘렌토 하이브리드(7인/휘),SUV,2940,15418.4,41498970.0,588,3,5.0,5.0,1.4319727891156462,70560,642.4333333333333,0.21851473922902492,0.00510204081632653,2691.5224666632075,2.0,1.5,2.0
22년 BMW 미니 컨버터블S(휘),IMPORTED,1176,1921.6166666666666,5628685.0,588,3,2.0,2.0,0.1989795918367347,28224,80.06736111111111,0.06808449074074074,0.00510204081632653,2929.140393939131,2.0,1.5,2.0
20년 SM6(휘),MIDSIZE,1176,1866.0833333333333,2251885.0,588,3,2.0,2.0,0.17687074829931973,28224,77.75347222222221,0.06611689814814814,0.00510204081632653,1206.7440718081543,1.0,3.0,3.0
24년 더 뉴 카니발 9인승(휘),RV,2940,12992.733333333334,40320315.0,588,2,5.0,5.0,1.2227891156462585,70560,541.3638888888889,0.18413737717309148,0.003401360544217687,3103.2973559579455,1.0,2.0,2.0
24년 더 뉴 카니발리무진 7인(경유),RV,2352,10062.45,34451005.0,588,2,4.0,4.0,0.9404761904761905,56448,419.26875,0.17826052295918368,0.003401360544217687,3423.719372518621,2.0,1.0,1.0
24년 더 뉴 투싼 4륜(휘),SUV,2940,15279.916666666666,33395820.0,588,2,5.0,5.0,1.4370748299319729,70560,636.6631944444445,0.21655210695389268,0.003401360544217687,2185.6022338690764,1.0,2.0,2.0
23년 4세대 카니발 리무진 7인승(경유),RV,2940,9184.333333333334,29728836.0,588,2,5.0,5.0,0.8639455782312925,70560,382.6805555555556,0.13016345427059714,0.003401360544217687,3236.9073422131887,2.0,1.0,1.0
22년 BMW 미니 컨버터블(휘),IMPORTED,2352,7619.3,20452384.0,588,2,4.0,4.0,0.7636054421768708,56448,317.47083333333336,0.13497909580498868,0.003401360544217687,2684.2864830102503,1.0,2.0,2.0
21년 4세대 카니발 리무진 7인승(경유),RV,2940,5079.8,15328720.0,588,2,5.0,5.0,0.47959183673469385,70560,211.65833333333333,0.07199263038548753,0.003401360544217687,3017.5833694239927,1.0,2.0,2.0
21년 GV80(5인/휘),SUV,1764,3970.4666666666667,12242715.0,588,2,3.0,3.0,0.3622448979591837,42336,165.4361111111111,0.09378464348702444,0.003401360544217687,3083.444851150998,1.0,2.0,2.0
22년 스포티지 하이브리드(휘),SUV,1764,4631.966666666666,9380010.0,588,2,3.0,3.0,0.44727891156462585,42336,192.9986111111111,0.10940964348702444,0.003401360544217687,2025.0599097575546,1.0,2.0,2.0
26년 더 K5(휘),MIDSIZE,910,4977.45,7620725.0,182,2,5.0,5.0,1.4945054945054945,21840,207.39374999999998,0.22790521978021977,0.01098901098901099,1531.0500356608304,1.0,2.0,2.0
19년 엑센트(휘),URBAN,98,6.0,22000.0,98,2,1.0,1.0,0.02040816326530612,2352,0.25,0.002551020408163265,0.02040816326530612,3666.6666666666665,1.0,2.0,2.0
24년 더 올뉴머스탱컨버터블2.3 (휘),IMPORTED,4704,31159.35,143224105.0,588,1,8.0,8.0,2.913265306122449,112896,1298.3062499999999,0.2760004783163265,0.0017006802721088435,4596.504901418034,1.0,1.0,1.0
25년 투싼 하이브리드 4륜(휘),SUV,5225,44959.416666666664,111276734.0,524,1,10.0,9.971374045801527,4.452290076335878,125400,1873.3090277777776,0.35852804359383306,0.0019083969465648854,2475.0484381284605,1.0,1.0,1.0
24년 더 뉴 K5 하이브리드(휘),MIDSIZE,5880,41530.8,76177447.0,588,1,10.0,10.0,3.738095238095238,141120,1730.45,0.2942942176870748,0.0017006802721088435,1834.2398171959123,1.0,1.0,1.0
25년 쏠라티(15인/경유),RV,2348,5523.583333333333,52167620.0,587,1,4.0,4.0,0.5434412265758092,56352,230.14930555555554,0.09801929538141207,0.0017035775127768314,9444.52484045683,1.0,1.0,1.0
23년 디올뉴 그랜저(휘),LUXURY,2940,11876.666666666666,29404315.0,588,1,5.0,5.0,1.1003401360544218,70560,494.8611111111111,0.16832010582010581,0.0017006802721088435,2475.8053606511367,1.0,1.0,1.0
26년 아반떼(휘),COMPACT,2438,15222.133333333333,27363384.0,181,1,11.0,13.469613259668508,4.50828729281768,58512,634.2555555555556,0.2601540424756176,0.0055248618784530384,1797.6050663069566,1.0,1.0,1.0
25년 더뉴스포티지 하이브리드 4륜(휘),SUV,7304,57716.55,143742299.0,581,0,12.0,12.571428571428571,5.135972461273666,175296,2404.8562500000003,0.32925195098576127,0.0,2490.4866801636617,0.0,0.0,0.0
25년 레이(휘),URBAN,11110,94900.95,125948919.0,588,0,19.0,18.89455782312925,8.16326530612245,266640,3954.2062499999997,0.3559141539153915,0.0,1327.1618355769886,0.0,0.0,0.0
24년 쏘나타 디엣지(휘),MIDSIZE,8820,71083.35,122016502.0,588,0,14.0,15.0,6.22108843537415,211680,2961.80625,0.3358056972789116,0.0,1716.5271754918697,0.0,0.0,0.0
25년 아반떼 하이브리드(휘),COMPACT,7012,61777.96666666667,121899173.0,492,0,14.0,14.252032520325203,6.441056910569106,168288,2574.0819444444446,0.36709668346326935,0.0,1973.1820190477836,0.0,0.0,0.0
22년 EV6(전기),EV,12348,59275.566666666666,118758604.0,588,0,12.0,21.0,5.13265306122449,296352,2469.8152777777777,0.2000174342223662,0.0,2003.500104315044,0.0,0.0,0.0
24년 더 뉴 아반떼(휘),COMPACT,9408,70888.91666666667,112912795.0,588,0,14.0,16.0,6.243197278911564,225792,2953.7048611111113,0.3139567241827287,0.0,1592.8130984274692,0.0,0.0,0.0
25년 카니발 하이브리드 9인승(휘),RV,4578,30344.916666666668,112757210.0,588,0,7.0,7.785714285714286,2.7738095238095237,109872,1264.3715277777778,0.2761842568321926,0.0,3715.851693995974,0.0,0.0,0.0
24년 디올뉴 싼타페 4륜(7인/휘),SUV,6468,37239.566666666666,92511562.0,588,0,10.0,11.0,3.318027210884354,155232,1551.648611111111,0.23989619837834122,0.0,2484.2276718221747,0.0,0.0,0.0
24년 더 뉴 쏘렌토 4륜(7인/휘),SUV,7644,36617.7,85493112.0,588,0,11.0,13.0,3.261904761904762,183456,1525.7375,0.19959935897435896,0.0,2334.7482774723703,0.0,0.0,0.0
24년 싼타페 하이브리드 4륜 (7인/휘),SUV,5292,30057.55,81613515.0,588,0,7.0,9.0,2.6700680272108843,127008,1252.3979166666666,0.2366587144116906,0.0,2715.2417612213903,0.0,0.0,0.0
24년 더 뉴 셀토스(휘),SUV,6468,41920.53333333333,75515213.0,588,0,9.0,11.0,3.739795918367347,155232,1746.6888888888889,0.2700508486222772,0.0,1801.3896054121449,0.0,0.0,0.0
20년 코나(전기),EV,20580,47040.166666666664,70595847.0,588,0,13.0,35.0,4.134353741496598,493920,1960.0069444444443,0.09523843267465716,0.0,1500.7567362643983,0.0,0.0,0.0
25년 EV3(전기),EV,5430,27548.95,70269025.0,581,0,9.0,9.345955249569707,2.6161790017211706,130320,1147.8729166666667,0.21139464395334562,0.0,2550.697032010294,0.0,0.0,0.0
24년 더 뉴 카니발 9인승(경유),RV,6468,22426.283333333333,68151395.0,588,0,8.0,11.0,2.0051020408163267,155232,934.4284722222222,0.14446946076410364,0.0,3038.9072494550664,0.0,0.0,0.0
22년 k3(휘),COMPACT,13084,49022.53333333333,63291020.0,588,0,19.0,22.25170068027211,4.280612244897959,314016,2042.6055555555556,0.15611476272971228,0.0,1291.0597575536692,0.0,0.0,0.0
26년 카니발리무진 7인승(휘),RV,1848,13373.683333333332,56379290.0,231,0,7.0,8.0,3.1298701298701297,44352,557.2368055555555,0.3015350679413179,0.0,4215.689021099896,0.0,0.0,0.0
24년 더 뉴 K3(휘),COMPACT,5734,34363.35,55533435.0,588,0,8.0,9.751700680272108,3.1615646258503403,137616,1431.8062499999999,0.24970461283571677,0.0,1616.065808484912,0.0,0.0,0.0
24년 스타리아  11인승(경유),RV,4704,17885.45,54348715.0,588,0,7.0,8.0,1.6921768707482994,112896,745.2270833333333,0.15842412485827664,0.0,3038.7110752035874,0.0,0.0,0.0
26년 팰리세이드4륜(휘),SUV,2752,18596.983333333334,54230175.0,212,0,10.0,12.981132075471699,4.6084905660377355,66048,774.8743055555556,0.2815676982396641,0.0,2916.0737538973613,0.0,0.0,0.0
23년 4세대 카니발 9인승(경유),RV,12348,19721.733333333334,51031864.0,588,0,9.0,21.0,1.760204081632653,296352,821.7388888888889,0.0665483389122845,0.0,2587.595275601198,0.0,0.0,0.0
25년 BMW 미니 컨트리맨 4륜(휘),IMPORTED,3192,13789.216666666667,46950230.0,533,0,5.0,5.988742964352721,1.4352720450281427,76608,574.5506944444445,0.17999708472570317,0.0,3404.85113367571,0.0,0.0,0.0
21년 아이오닉5(전기),EV,5880,23553.016666666666,44685995.0,588,0,6.0,10.0,2.130952380952381,141120,981.3756944444444,0.1669006283068783,0.0,1897.2514490358985,0.0,0.0,0.0
22년 캐스퍼(휘),URBAN,5880,32320.15,42812525.0,588,0,9.0,10.0,2.9166666666666665,141120,1346.6729166666667,0.22902600623582767,0.0,1324.638808916419,0.0,0.0,0.0
23년 스타리아  9인승 4륜(경유),RV,5880,12450.616666666667,42499247.0,588,0,5.0,10.0,1.1598639455782314,141120,518.7756944444444,0.0882271589191232,0.0,3413.4250646219666,0.0,0.0,0.0
24년 스타리아라운지 4륜 7인승(경유),RV,2940,9508.9,37450550.0,588,0,4.0,5.0,0.9013605442176871,70560,396.20416666666665,0.13476332199546484,0.0,3938.473430154908,0.0,0.0,0.0
23년 팰리세이드 4륜(8인/경유),SUV,5746,13264.583333333334,36914050.0,442,0,9.0,13.0,1.5746606334841629,137904,552.6909722222223,0.09618708183470628,0.0,2782.903094078844,0.0,0.0,0.0
21년 올뉴아반떼CN7(휘),COMPACT,8820,27956.716666666667,36014470.0,588,0,10.0,15.0,2.488095238095238,211680,1164.8631944444444,0.13207065696649029,0.0,1288.2224486304126,0.0,0.0,0.0
23년 머스탱컨버터블(휘),IMPORTED,2352,7745.633333333333,32057105.0,588,0,3.0,4.0,0.7568027210884354,56448,322.7347222222222,0.13721714380196523,0.0,4138.732576204227,0.0,0.0,0.0
26년 더 K5 고급형 (휘),MIDSIZE,2730,17320.583333333332,30786145.0,182,0,11.0,15.0,4.983516483516484,65520,721.6909722222222,0.26435566748066747,0.0,1777.431187363782,0.0,0.0,0.0
26년 스포티지 4륜(휘),SUV,1813,12177.85,29420816.0,183,0,8.0,9.907103825136613,3.4918032786885247,43512,507.41041666666666,0.2798733682662254,0.0,2415.9285916643744,0.0,0.0,0.0
22년 모닝(휘),URBAN,9494,27086.916666666668,29027133.0,588,0,10.0,16.14625850340136,2.4659863945578233,227856,1128.6215277777778,0.11887734651124687,0.0,1071.6292798183624,0.0,0.0,0.0
22년 K5(휘),MIDSIZE,5292,21167.283333333333,28537625.0,588,0,8.0,9.0,1.9234693877551021,127008,881.9701388888889,0.16666102397749222,0.0,1348.1949738472188,0.0,0.0,0.0
23년 투싼 하이브리드(휘),SUV,4116,14274.633333333333,27648853.0,588,0,5.0,7.0,1.3214285714285714,98784,594.7763888888888,0.14450349584278155,0.0,1936.9221159212495,0.0,0.0,0.0
23년 GV70(5인/휘),SUV,2940,9097.666666666666,27040210.0,588,0,4.0,5.0,0.8656462585034014,70560,379.0694444444444,0.12893518518518518,0.0,2972.2137544425314,0.0,0.0,0.0
23년 4세대 카니발 9인승(휘),RV,4116,9570.5,26378055.0,588,0,5.0,7.0,0.8996598639455783,98784,398.7708333333333,0.09688309847748623,0.0,2756.1835849746617,0.0,0.0,0.0
20년 테슬라 모델3(전기),IMPORTED,2940,9335.916666666666,26180921.0,588,0,4.0,5.0,0.9251700680272109,70560,388.99652777777777,0.13231174414210128,0.0,2804.3224821701137,0.0,0.0,0.0
22년 니로 하이브리드(휘),SUV,4704,12442.566666666668,24427475.0,588,0,6.0,8.0,1.1479591836734695,112896,518.4402777777779,0.11021264408541195,0.0,1963.2183338378736,0.0,0.0,0.0
23년 GV80 4륜(7인/휘),SUV,2352,6113.916666666667,24110865.0,588,0,3.0,4.0,0.5867346938775511,56448,254.7465277777778,0.10831059854497356,0.0,3943.6038000736025,0.0,0.0,0.0
21/22년 트레일블레이저(휘),SUV,4704,13502.733333333334,23183310.0,588,0,7.0,8.0,1.2380952380952381,112896,562.6138888888889,0.11960329270597128,0.0,1716.934595958349,0.0,0.0,0.0
20년 벤츠 C클래스 카브리올레(휘),IMPORTED,2352,5408.166666666667,20109180.0,588,0,3.0,4.0,0.532312925170068,56448,225.3402777777778,0.09580794123204839,0.0,3718.298868994422,0.0,0.0,0.0
23년 쏠라티(15인/경유),RV,2352,1967.55,18550725.0,588,0,2.0,4.0,0.19387755102040816,56448,81.98125,0.034855973639455785,0.0,9428.337272242128,0.0,0.0,0.0
22년 스포티지(경유),SUV,4420,7302.716666666667,18045910.0,442,0,6.0,10.0,0.8914027149321267,106080,304.27986111111113,0.06884159753645049,0.0,2471.122846977038,0.0,0.0,0.0
26년 그랜저 GN7(휘),LUXURY,927,5208.333333333333,17876803.0,187,0,4.0,4.957219251336898,1.53475935828877,22248,217.01388888888889,0.23410344000958888,0.0,3432.346176,0.0,0.0,0.0
21년 쏘나타DN8(휘),MIDSIZE,5880,11117.783333333333,17704405.0,588,0,6.0,10.0,0.9931972789115646,141120,463.2409722222222,0.07878247826908541,0.0,1592.4401896661057,0.0,0.0,0.0
21년 GV70(5인/휘),SUV,2352,5611.566666666667,17599195.0,588,0,3.0,4.0,0.532312925170068,56448,233.81527777777777,0.09941125755857898,0.0,3136.235572953483,0.0,0.0,0.0
22년 스타리아 9인승(경유),RV,4855,4740.533333333334,16394375.0,442,0,6.0,10.984162895927602,0.581447963800905,116520,197.52222222222224,0.04068428882023115,0.0,3458.339778927828,0.0,0.0,0.0
26년 더 K5 하이브리드(휘),MIDSIZE,1119,7423.3,15550870.0,182,0,5.0,6.148351648351649,2.197802197802198,26856,309.3041666666667,0.27641123026511766,0.0,2094.8729001926367,0.0,0.0,0.0
26년 테슬라 모델Y RWD(전기),IMPORTED,708,3321.6,15506008.0,124,0,5.0,5.709677419354839,1.4919354838709677,16992,138.4,0.19548022598870057,0.0,4668.234585741811,0.0,0.0,0.0
20년 K5(LPG),MIDSIZE,4704,10608.683333333332,15276910.0,588,0,4.0,8.0,0.9914965986394558,112896,442.0284722222222,0.09396863780234316,0.0,1440.0382705362433,0.0,0.0,0.0
23년 카니발 하이리무진 9인승(경유),RV,1764,3949.1666666666665,15229290.0,588,0,2.0,3.0,0.3826530612244898,42336,164.54861111111111,0.09328152557319225,0.0,3856.3300274319477,0.0,0.0,0.0
21/22년 BMW 420i 컨버터블(휘),IMPORTED,1768,3649.95,14662125.0,442,0,3.0,4.0,0.46153846153846156,42432,152.08124999999998,0.08601880656108596,0.0,4017.075576377759,0.0,0.0,0.0
21년 K3(휘),COMPACT,5880,11443.3,14055720.0,588,0,6.0,10.0,1.0816326530612246,141120,476.8041666666666,0.0810891439909297,0.0,1228.2925379916633,0.0,0.0,0.0
21년 K5(휘),MIDSIZE,5880,8814.083333333334,13763640.0,588,0,6.0,10.0,0.814625850340136,141120,367.25347222222223,0.062458073507180654,0.0,1561.5509270202042,0.0,0.0,0.0
26년 EV4(전기),EV,744,3862.75,12275508.0,124,0,5.0,6.0,1.7258064516129032,17856,160.94791666666666,0.21632784498207885,0.0,3177.919357970358,0.0,0.0,0.0
21년 4세대 더올뉴투싼(휘),SUV,4116,6919.0,11697280.0,588,0,4.0,7.0,0.6479591836734694,98784,288.2916666666667,0.0700417071590541,0.0,1690.602688249747,0.0,0.0,0.0
26년 BMW 520i  M스포츠(휘),IMPORTED,720,2171.883333333333,10490245.0,180,0,3.0,4.0,0.7222222222222222,17280,90.49513888888889,0.12568769290123458,0.0,4830.02233084957,0.0,0.0,0.0
24년 레이(휘),URBAN,2940,8639.966666666667,10330065.0,588,0,4.0,5.0,0.8418367346938775,70560,359.99861111111113,0.12244850718065005,0.0,1195.6139877082858,0.0,0.0,0.0
19년 더뉴카니발리무진7인(경유),RV,2940,3548.0,10259510.0,588,0,4.0,5.0,0.33843537414965985,70560,147.83333333333334,0.05028344671201814,0.0,2891.6319052987596,0.0,0.0,0.0
19/20년 머스탱 컨버터블(휘),IMPORTED,1326,2686.2,9515275.0,442,0,2.0,3.0,0.3574660633484163,31824,111.925,0.08440799396681749,0.0,3542.2809172809175,0.0,0.0,0.0
18/19년 쏠라티(15인/경유),RV,1764,1148.9833333333333,8667830.0,588,0,2.0,3.0,0.12074829931972789,42336,47.87430555555556,0.02713962899974805,0.0,7543.912734446394,0.0,0.0,0.0
20년 더 뉴 그랜저(LPG),LUXURY,1764,3995.75,8642520.0,588,0,2.0,3.0,0.3979591836734694,42336,166.48958333333334,0.09438184996220711,0.0,2162.928111118063,0.0,0.0,0.0
22년 스포티지(휘),SUV,2210,3082.233333333333,8531795.0,442,0,4.0,5.0,0.3914027149321267,53040,128.42638888888888,0.058111488185017594,0.0,2768.0561713908746,0.0,0.0,0.0
18년 올뉴카니발리무진7인(경유),RV,4116,2519.516666666667,7524825.0,588,0,3.0,7.0,0.24149659863945577,98784,104.97986111111112,0.025505311251484725,0.0,2986.6144961665927,0.0,0.0,0.0
20년 올뉴k3(휘),COMPACT,5880,6671.833333333333,7451725.0,588,0,4.0,10.0,0.6139455782312925,141120,277.99305555555554,0.0472777305366591,0.0,1116.893157802703,0.0,0.0,0.0
21년 4세대 쏘렌토(7인/휘),SUV,1764,2583.75,6723085.0,588,0,2.0,3.0,0.2534013605442177,42336,107.65625,0.0610296201814059,0.0,2602.0648282535076,0.0,0.0,0.0
20년 K5(휘),MIDSIZE,5880,4249.5,6525010.0,588,0,4.0,10.0,0.39965986394557823,141120,177.0625,0.03011267006802721,0.0,1535.4771149547005,0.0,0.0,0.0
19년 올뉴K3(휘),COMPACT,5734,4342.033333333334,6184100.0,588,0,3.0,9.751700680272108,0.40476190476190477,137616,180.91805555555558,0.03155180599155138,0.0,1424.240563177006,0.0,0.0,0.0
22년 스타리아 11인승(경유),RV,2175,1619.7166666666667,5841395.0,435,0,3.0,5.0,0.2045977011494253,52200,67.48819444444445,0.031029054916985953,0.0,3606.43013695811,0.0,0.0,0.0
20년 베리뉴티볼리(경유),SUV,2352,3107.0,5468090.0,588,0,3.0,4.0,0.3010204081632653,56448,129.45833333333334,0.05504180839002268,0.0,1759.925973607982,0.0,0.0,0.0
19년 더뉴카니발하이리무진7인(경유),RV,1761,1487.3333333333333,5396580.0,442,0,3.0,3.984162895927602,0.1832579185520362,42264,61.97222222222222,0.0351914947315288,0.0,3628.3594800537876,0.0,0.0,0.0
20년 쏘나타DN8(휘),MIDSIZE,4116,3302.15,4832230.0,588,0,3.0,7.0,0.30612244897959184,98784,137.58958333333334,0.033427984288953674,0.0,1463.3587208333963,0.0,0.0,0.0
20년 올뉴아반떼CN7(휘),COMPACT,2940,3601.9166666666665,4731160.0,588,0,3.0,5.0,0.35714285714285715,70560,150.07986111111111,0.05104757180650038,0.0,1313.5117877056198,0.0,0.0,0.0
22년 K5(LPG),MIDSIZE,3536,1971.1333333333334,3774090.0,442,0,4.0,8.0,0.2420814479638009,84864,82.13055555555556,0.023226967068878834,0.0,1914.6802178103967,0.0,0.0,0.0
20년 셀토스(휘),SUV,2352,2064.4166666666665,3614085.0,588,0,2.0,4.0,0.20238095238095238,56448,86.0173611111111,0.03657200727513227,0.0,1750.6567634117791,0.0,0.0,0.0
20년 QM6(LPG),SUV,1766,351.28333333333336,839680.0,442,0,1.0,3.995475113122172,0.04751131221719457,42384,14.636805555555556,0.008288111866112998,0.0,2390.3212032072875,0.0,0.0,0.0
21년 더 뉴 K7(휘),LUXURY,392,284.5,741235.0,98,0,3.0,4.0,0.15306122448979592,9408,11.854166666666666,0.03024022108843537,0.0,2605.395430579965,0.0,0.0,0.0
21년 4세대카니발 9인승(경유),RV,980,254.0,455320.0,98,0,2.0,10.0,0.1326530612244898,23520,10.583333333333334,0.010799319727891157,0.0,1792.5984251968505,0.0,0.0,0.0
21년 K8(휘),LUXURY,294,196.0,417720.0,98,0,1.0,3.0,0.10204081632653061,7056,8.166666666666666,0.027777777777777776,0.0,2131.2244897959185,0.0,0.0,0.0
18년 뉴레이(휘),URBAN,2156,277.5833333333333,209370.0,98,0,2.0,22.0,0.16326530612244897,51744,11.565972222222221,0.005364551123479695,0.0,754.2599819873913,0.0,0.0,0.0
19년 쏘울 부스터(휘),COMPACT,392,48.5,159800.0,98,0,1.0,4.0,0.04081632653061224,9408,2.0208333333333335,0.0051551870748299325,0.0,3294.8453608247423,0.0,0.0,0.0
21년 K8(LPG),LUXURY,294,47.0,135850.0,98,0,1.0,3.0,0.030612244897959183,7056,1.9583333333333333,0.006660997732426304,0.0,2890.425531914894,0.0,0.0,0.0
16/18년 올뉴그랜드카니발11인(경유),RV,720,33.666666666666664,105300.0,240,0,1.0,3.0,0.0125,17280,1.4027777777777777,0.0019483024691358023,0.0,3127.722772277228,0.0,0.0,0.0
18년 뉴k3(휘),COMPACT,196,88.0,71060.0,98,0,1.0,2.0,0.04081632653061224,4704,3.6666666666666665,0.01870748299319728,0.0,807.5,0.0,0.0,0.0
18/19년 그랜져IG(휘),LUXURY,490,0.0,0.0,98,0,0.0,5.0,0.0,11760,0.0,0.0,0.0,,0.0,0.0,0.0
18/19년 올뉴 K3(휘),COMPACT,196,0.0,0.0,98,0,0.0,2.0,0.0,4704,0.0,0.0,0.0,,0.0,0.0,0.0
18년 모닝(휘),URBAN,490,0.0,0.0,98,0,0.0,5.0,0.0,11760,0.0,0.0,0.0,,0.0,0.0,0.0
18년 올뉴 쏘렌토(7인/경유),SUV,294,0.0,0.0,98,0,0.0,3.0,0.0,7056,0.0,0.0,0.0,,0.0,0.0,0.0
18년 코나(휘),SUV,1274,0.0,0.0,98,0,0.0,13.0,0.0,30576,0.0,0.0,0.0,,0.0,0.0,0.0
19년 G80(휘),LUXURY,196,0.0,0.0,98,0,0.0,2.0,0.0,4704,0.0,0.0,0.0,,0.0,0.0,0.0
19년 더뉴 아반떼(휘),COMPACT,784,0.0,0.0,98,0,0.0,8.0,0.0,18816,0.0,0.0,0.0,,0.0,0.0,0.0
19년 베뉴(휘),SUV,196,0.0,0.0,98,0,0.0,2.0,0.0,4704,0.0,0.0,0.0,,0.0,0.0,0.0
19년 벤츠 E클래스 카브리올레[경유],IMPORTED,294,0.0,0.0,98,0,0.0,3.0,0.0,7056,0.0,0.0,0.0,,0.0,0.0,0.0
19년 싼타페TM 2륜 (5인/경유),SUV,196,0.0,0.0,98,0,0.0,2.0,0.0,4704,0.0,0.0,0.0,,0.0,0.0,0.0
20년 K5(LPG) 청주지점,MIDSIZE,3226,0.0,0.0,588,0,0.0,5.48639455782313,0.0,77424,0.0,0.0,0.0,,0.0,0.0,0.0
22년 폭스바겐 제타(휘),IMPORTED,294,0.0,0.0,98,0,0.0,3.0,0.0,7056,0.0,0.0,0.0,,0.0,0.0,0.0
26년 BMW X6 xdrive30d M sport(경유),SUPERCAR,257,0.0,0.0,257,0,0.0,1.0,0.0,6168,0.0,0.0,0.0,,0.0,0.0,0.0
26년 아우디 Q4 e-tron,IMPORTED,41,0.0,0.0,41,0,0.0,1.0,0.0,984,0.0,0.0,0.0,,0.0,0.0,0.0
26년 아우디Q5 40 TDI quattro,IMPORTED,21,0.0,0.0,21,0,0.0,1.0,0.0,504,0.0,0.0,0.0,,0.0,0.0,0.0
업무용차량,CITY,7577,0.0,0.0,588,0,0.0,12.886054421768707,0.0,181848,0.0,0.0,0.0,,0.0,0.0,0.0
