dimension,segment,dropoff_metric,denominator,segment_n,segment_dropoffs,segment_dropoff_rate,rest_dropoff_rate,diff_pp,z_score,p_value,meets_min_users,q_value,significant_fdr_05,direction,metric
source,(unknown),no_insurance_selected_event_among_reservation_users,reservation_users,7775,7350,0.9453376205787781,0.3633507853403141,0.5819868352384641,60.74905609697358,0.0,True,0.0,True,higher,insurance_dropoff
source,BFF,no_insurance_selected_event_among_reservation_users,reservation_users,6,2,0.3333333333333333,0.8308709577435686,-0.49753762441023525,-3.247702872034747,0.0011634069267066967,False,0.0036564217696496183,True,lower,insurance_dropoff
source,INFLUENCER,no_insurance_selected_event_among_reservation_users,reservation_users,13,5,0.38461538461538464,0.8311621174524401,-0.4465467328370554,-4.289001788250213,1.794779282441529e-05,False,6.580857368952273e-05,True,lower,insurance_dropoff
source,app,no_insurance_selected_event_among_reservation_users,reservation_users,570,262,0.45964912280701753,0.8537575425123423,-0.39410841970532473,-24.33273736372292,8.831258068736782e-131,True,6.47625591707364e-130,True,lower,insurance_dropoff
source,email,no_insurance_selected_event_among_reservation_users,reservation_users,1,1,1.0,0.830545229244114,0.169454770755886,0.451690214166401,0.6514921689625884,False,0.909069239182409,False,higher,insurance_dropoff
source,fb,no_insurance_selected_event_among_reservation_users,reservation_users,4,1,0.25,0.8308026030368764,-0.5808026030368764,-3.095837459477159,0.001962579108071887,False,0.005397092547197689,True,lower,insurance_dropoff
source,google,no_insurance_selected_event_among_reservation_users,reservation_users,1284,411,0.32009345794392524,0.9085823116295679,-0.5884888536856427,-52.35350190010843,0.0,True,0.0,True,lower,insurance_dropoff
source,ig,no_insurance_selected_event_among_reservation_users,reservation_users,6,1,0.16666666666666666,0.8309742742018804,-0.6643076075352138,-4.336302661460113,1.4489939418103149e-05,False,6.375573343965385e-05,True,lower,insurance_dropoff
source,shuttle-blog,no_insurance_selected_event_among_reservation_users,reservation_users,10,1,0.1,0.8313178294573643,-0.7313178294573643,-6.161566492023657,7.202881403078662e-10,False,3.961584771693264e-09,True,lower,insurance_dropoff
source,whatsapp,no_insurance_selected_event_among_reservation_users,reservation_users,6,5,0.8333333333333334,0.8305610083686331,0.002772324964700257,0.01809649624135125,0.9855618730893094,False,0.9855618730893094,False,higher,insurance_dropoff
source,{{site_source_name}},no_insurance_selected_event_among_reservation_users,reservation_users,10,5,0.5,0.8309043927648578,-0.33090439276485784,-2.7879662390239184,0.0053040070966187715,False,0.012965350680623664,True,lower,insurance_dropoff
source,(unknown),no_insurance_row_among_reservation_users,reservation_users,7775,102,0.013118971061093247,0.006806282722513089,0.006312688338580158,2.282055248136456,0.02248607865459038,True,0.04946937304009884,True,higher,insurance_dropoff
source,BFF,no_insurance_row_among_reservation_users,reservation_users,6,0,0.0,0.011881392705858043,-0.011881392705858043,-0.26859822853811816,0.7882388756374707,False,0.909069239182409,False,lower,insurance_dropoff
source,INFLUENCER,no_insurance_row_among_reservation_users,reservation_users,13,1,0.07692307692307693,0.011786600496277916,0.06513647642679901,2.1667011066508253,0.030257652167020213,False,0.060515304334040426,False,higher,insurance_dropoff
source,app,no_insurance_row_among_reservation_users,reservation_users,570,3,0.005263157894736842,0.01228743828853538,-0.007024280393798539,-1.501974388247342,0.1331037234147438,True,0.22525245500956642,False,lower,insurance_dropoff
source,email,no_insurance_row_among_reservation_users,reservation_users,1,0,0.0,0.011875258157786039,-0.011875258157786039,-0.10962645573533186,0.912705628466647,False,0.9561678012507732,False,lower,insurance_dropoff
source,fb,no_insurance_row_among_reservation_users,reservation_users,4,0,0.0,0.01187893812622663,-0.01187893812622663,-0.21928688047101796,0.8264265810749173,False,0.909069239182409,False,lower,insurance_dropoff
source,google,no_insurance_row_among_reservation_users,reservation_users,1284,9,0.007009345794392523,0.012617545530294013,-0.005608199735901489,-1.727891229800895,0.08400772698204845,True,0.1540141661337555,False,lower,insurance_dropoff
source,ig,no_insurance_row_among_reservation_users,reservation_users,6,0,0.0,0.011881392705858043,-0.011881392705858043,-0.26859822853811816,0.7882388756374707,False,0.909069239182409,False,lower,insurance_dropoff
source,shuttle-blog,no_insurance_row_among_reservation_users,reservation_users,10,0,0.0,0.011886304909560724,-0.011886304909560724,-0.34683049598581067,0.7287186650730694,False,0.909069239182409,False,lower,insurance_dropoff
source,whatsapp,no_insurance_row_among_reservation_users,reservation_users,6,0,0.0,0.011881392705858043,-0.011881392705858043,-0.26859822853811816,0.7882388756374707,False,0.909069239182409,False,lower,insurance_dropoff
source,{{site_source_name}},no_insurance_row_among_reservation_users,reservation_users,10,0,0.0,0.011886304909560724,-0.011886304909560724,-0.34683049598581067,0.7287186650730694,False,0.909069239182409,False,lower,insurance_dropoff
medium,(unknown),no_insurance_selected_event_among_reservation_users,reservation_users,8309,7599,0.9145504874232759,0.3234011627906977,0.5911493246325783,54.14274684551655,0.0,True,0.0,True,higher,insurance_dropoff
medium,INFLUENCER,no_insurance_selected_event_among_reservation_users,reservation_users,20,8,0.4,0.8314536989136058,-0.43145369891360574,-5.138183553140082,2.774068522542804e-07,False,1.8031445396528227e-06,True,lower,insurance_dropoff
medium,blog,no_insurance_selected_event_among_reservation_users,reservation_users,10,1,0.1,0.8313178294573643,-0.7313178294573643,-6.161566492023657,7.202881403078662e-10,False,6.242497216001507e-09,True,lower,insurance_dropoff
medium,cpc,no_insurance_selected_event_among_reservation_users,reservation_users,1306,419,0.3208269525267994,0.9100131280582409,-0.5891861755314415,-52.793411005790325,0.0,True,0.0,True,lower,insurance_dropoff
medium,crm,no_insurance_selected_event_among_reservation_users,reservation_users,2,2,1.0,0.8305277290096045,0.16947227099039552,0.6388194109578266,0.5229404191383358,False,0.9118587296249975,False,higher,insurance_dropoff
medium,demandgen,no_insurance_selected_event_among_reservation_users,reservation_users,2,0,0.0,0.8307342765671796,-0.8307342765671796,-3.1314219023429355,0.001739620477925121,False,0.00502557026956146,True,lower,insurance_dropoff
medium,link,no_insurance_selected_event_among_reservation_users,reservation_users,2,0,0.0,0.8307342765671796,-0.8307342765671796,-3.1314219023429355,0.001739620477925121,False,0.00502557026956146,True,lower,insurance_dropoff
medium,marketing,no_insurance_selected_event_among_reservation_users,reservation_users,1,1,1.0,0.830545229244114,0.169454770755886,0.451690214166401,0.6514921689625884,False,0.9118587296249975,False,higher,insurance_dropoff
medium,paid,no_insurance_selected_event_among_reservation_users,reservation_users,6,2,0.3333333333333333,0.8308709577435686,-0.49753762441023525,-3.247702872034747,0.0011634069267066967,False,0.00432122572776773,True,lower,insurance_dropoff
medium,referral,no_insurance_selected_event_among_reservation_users,reservation_users,8,4,0.5,0.8308360028934587,-0.3308360028934587,-2.493375111900038,0.012653508907268548,False,0.03289912315889822,True,lower,insurance_dropoff
medium,retargeting,no_insurance_selected_event_among_reservation_users,reservation_users,4,3,0.75,0.8305960128085942,-0.08059601280859419,-0.42959889338082863,0.6674874422118671,False,0.9118587296249975,False,lower,insurance_dropoff
medium,social,no_insurance_selected_event_among_reservation_users,reservation_users,3,0,0.0,0.8308200784961784,-0.8308200784961784,-3.8353909678305382,0.00012536471206871436,False,0.0005681190637035154,True,lower,insurance_dropoff
medium,{{placement}},no_insurance_selected_event_among_reservation_users,reservation_users,12,5,0.4166666666666667,0.831076191460767,-0.41440952479410037,-3.8243747013950338,0.00013110439931619586,False,0.0005681190637035154,True,lower,insurance_dropoff
medium,(unknown),no_insurance_row_among_reservation_users,reservation_users,8309,105,0.012636899747262006,0.007267441860465116,0.00536945788679689,1.7031737713659776,0.0885355535629821,True,0.19182703271979454,False,higher,insurance_dropoff
medium,INFLUENCER,no_insurance_row_among_reservation_users,reservation_users,20,1,0.05,0.011795137092602173,0.03820486290739783,1.575721628044066,0.11508997079819175,False,0.2301799415963835,False,higher,insurance_dropoff
medium,blog,no_insurance_row_among_reservation_users,reservation_users,10,0,0.0,0.011886304909560724,-0.011886304909560724,-0.34683049598581067,0.7287186650730694,False,0.9118587296249975,False,lower,insurance_dropoff
medium,cpc,no_insurance_row_among_reservation_users,reservation_users,1306,9,0.006891271056661562,0.012650674304809643,-0.005759403248148082,-1.7872697057585893,0.0738939078546611,True,0.17465832765647168,False,lower,insurance_dropoff
medium,crm,no_insurance_row_among_reservation_users,reservation_users,2,0,0.0,0.011876484560570071,-0.011876484560570071,-0.15504322582565314,0.876787240024036,False,0.9118587296249975,False,lower,insurance_dropoff
medium,demandgen,no_insurance_row_among_reservation_users,reservation_users,2,0,0.0,0.011876484560570071,-0.011876484560570071,-0.15504322582565314,0.876787240024036,False,0.9118587296249975,False,lower,insurance_dropoff
medium,link,no_insurance_row_among_reservation_users,reservation_users,2,0,0.0,0.011876484560570071,-0.011876484560570071,-0.15504322582565314,0.876787240024036,False,0.9118587296249975,False,lower,insurance_dropoff
medium,marketing,no_insurance_row_among_reservation_users,reservation_users,1,0,0.0,0.011875258157786039,-0.011875258157786039,-0.10962645573533186,0.912705628466647,False,0.912705628466647,False,lower,insurance_dropoff
medium,paid,no_insurance_row_among_reservation_users,reservation_users,6,0,0.0,0.011881392705858043,-0.011881392705858043,-0.26859822853811816,0.7882388756374707,False,0.9118587296249975,False,lower,insurance_dropoff
medium,referral,no_insurance_row_among_reservation_users,reservation_users,8,0,0.0,0.011883848300093003,-0.011883848300093003,-0.3101825677206657,0.756422126167538,False,0.9118587296249975,False,lower,insurance_dropoff
medium,retargeting,no_insurance_row_among_reservation_users,reservation_users,4,0,0.0,0.01187893812622663,-0.01187893812622663,-0.21928688047101796,0.8264265810749173,False,0.9118587296249975,False,lower,insurance_dropoff
medium,social,no_insurance_row_among_reservation_users,reservation_users,3,0,0.0,0.011877711216690767,-0.011877711216690767,-0.18989820167959526,0.8493889016813048,False,0.9118587296249975,False,lower,insurance_dropoff
medium,{{placement}},no_insurance_row_among_reservation_users,reservation_users,12,0,0.0,0.011888762534890934,-0.011888762534890934,-0.3799730482942074,0.7039654217144427,False,0.9118587296249975,False,lower,insurance_dropoff
campaign,(unknown),no_insurance_selected_event_among_reservation_users,reservation_users,8309,7599,0.9145504874232759,0.3234011627906977,0.5911493246325783,54.14274684551655,0.0,True,0.0,True,higher,insurance_dropoff
campaign,120244167499720340,no_insurance_selected_event_among_reservation_users,reservation_users,5,2,0.4,0.8307851239669422,-0.43078512396694213,-2.567100489530192,0.010255288785406757,False,0.03247508115378806,True,lower,insurance_dropoff
campaign,120246525617030340,no_insurance_selected_event_among_reservation_users,reservation_users,1,0,0.0,0.8306484923585296,-0.8306484923585296,-2.214135333793132,0.026819470646929168,False,0.06369624278645677,False,lower,insurance_dropoff
campaign,23205597293,no_insurance_selected_event_among_reservation_users,reservation_users,201,64,0.31840796019900497,0.84141712357655,-0.523009163377545,-19.559718057784345,3.40957312635225e-85,True,2.5912755760277103e-84,True,lower,insurance_dropoff
campaign,23683448292,no_insurance_selected_event_among_reservation_users,reservation_users,70,29,0.4142857142857143,0.8335933437337494,-0.41930762944803507,-9.317854400663514,1.1871663499335801e-20,True,7.518720216246007e-20,True,lower,insurance_dropoff
campaign,23688781100,no_insurance_selected_event_among_reservation_users,reservation_users,261,93,0.3563218390804598,0.8436969439728353,-0.48737510489237557,-20.704308259128105,3.1674950661091764e-95,True,3.0091203128037174e-94,True,lower,insurance_dropoff
campaign,23725606539,no_insurance_selected_event_among_reservation_users,reservation_users,4,4,1.0,0.8304927176944531,0.1695072823055469,0.9035203896673365,0.3662497717626896,False,0.6627376822372478,False,higher,insurance_dropoff
campaign,23735454208,no_insurance_selected_event_among_reservation_users,reservation_users,326,103,0.3159509202453988,0.8484880863340101,-0.5325371660886113,-25.19607761813492,4.422480004816571e-140,True,5.6018080061009906e-139,True,lower,insurance_dropoff
campaign,23754383997,no_insurance_selected_event_among_reservation_users,reservation_users,446,126,0.2825112107623318,0.8570191579175236,-0.5745079471551917,-31.588968487720248,5.233453313419048e-219,True,9.943561295496191e-218,True,lower,insurance_dropoff
campaign,23754385140,no_insurance_selected_event_among_reservation_users,reservation_users,1,0,0.0,0.8306484923585296,-0.8306484923585296,-2.214135333793132,0.026819470646929168,False,0.06369624278645677,False,lower,insurance_dropoff
campaign,BFF_program,no_insurance_selected_event_among_reservation_users,reservation_users,8,4,0.5,0.8308360028934587,-0.3308360028934587,-2.493375111900038,0.012653508907268548,False,0.036987179882784986,True,lower,insurance_dropoff
campaign,INFLUENCER,no_insurance_selected_event_among_reservation_users,reservation_users,20,8,0.4,0.8314536989136058,-0.43145369891360574,-5.138183553140082,2.774068522542804e-07,False,1.317682548207832e-06,True,lower,insurance_dropoff
campaign,abandoned_reservation_v2,no_insurance_selected_event_among_reservation_users,reservation_users,4,3,0.75,0.8305960128085942,-0.08059601280859419,-0.42959889338082863,0.6674874422118671,False,0.9373733481549348,False,lower,insurance_dropoff
campaign,family-special-2026-05,no_insurance_selected_event_among_reservation_users,reservation_users,1,1,1.0,0.830545229244114,0.169454770755886,0.451690214166401,0.6514921689625884,False,0.9373733481549348,False,higher,insurance_dropoff
campaign,influencer,no_insurance_selected_event_among_reservation_users,reservation_users,2,0,0.0,0.8307342765671796,-0.8307342765671796,-3.1314219023429355,0.001739620477925121,False,0.006009598014650419,True,lower,insurance_dropoff
campaign,referral_share_25,no_insurance_selected_event_among_reservation_users,reservation_users,2,2,1.0,0.8305277290096045,0.16947227099039552,0.6388194109578266,0.5229404191383358,False,0.9032607239662163,False,higher,insurance_dropoff
campaign,seoul_zh_2026q2,no_insurance_selected_event_among_reservation_users,reservation_users,2,0,0.0,0.8307342765671796,-0.8307342765671796,-3.1314219023429355,0.001739620477925121,False,0.006009598014650419,True,lower,insurance_dropoff
campaign,shuttle-partnership,no_insurance_selected_event_among_reservation_users,reservation_users,10,1,0.1,0.8313178294573643,-0.7313178294573643,-6.161566492023657,7.202881403078662e-10,False,3.9101356188141305e-09,True,lower,insurance_dropoff
campaign,{{campaign.name}},no_insurance_selected_event_among_reservation_users,reservation_users,12,5,0.4166666666666667,0.831076191460767,-0.41440952479410037,-3.8243747013950338,0.00013110439931619586,False,0.000553551908223938,True,lower,insurance_dropoff
campaign,(unknown),no_insurance_row_among_reservation_users,reservation_users,8309,105,0.012636899747262006,0.007267441860465116,0.00536945788679689,1.7031737713659776,0.0885355535629821,True,0.19790300208195996,False,higher,insurance_dropoff
campaign,120244167499720340,no_insurance_row_among_reservation_users,reservation_users,5,0,0.0,0.011880165289256199,-0.011880165289256199,-0.24518284907574983,0.8063148556198221,False,0.9373733481549348,False,lower,insurance_dropoff
campaign,120246525617030340,no_insurance_row_among_reservation_users,reservation_users,1,0,0.0,0.011875258157786039,-0.011875258157786039,-0.10962645573533186,0.912705628466647,False,0.9373733481549348,False,lower,insurance_dropoff
campaign,23205597293,no_insurance_row_among_reservation_users,reservation_users,201,2,0.009950248756218905,0.011914803880219317,-0.001964555124000412,-0.2544502864578982,0.7991477060023935,True,0.9373733481549348,False,lower,insurance_dropoff
campaign,23683448292,no_insurance_row_among_reservation_users,reservation_users,70,2,0.02857142857142857,0.011752470098803952,0.01681895847262462,1.2943975612418803,0.19552813260322865,True,0.3910562652064573,False,higher,insurance_dropoff
campaign,23688781100,no_insurance_row_among_reservation_users,reservation_users,261,1,0.0038314176245210726,0.012096774193548387,-0.008265356569027315,-1.216030337130384,0.2239733656658103,True,0.4255493947650396,False,lower,insurance_dropoff
campaign,23725606539,no_insurance_row_among_reservation_users,reservation_users,4,0,0.0,0.01187893812622663,-0.01187893812622663,-0.21928688047101796,0.8264265810749173,False,0.9373733481549348,False,lower,insurance_dropoff
campaign,23735454208,no_insurance_row_among_reservation_users,reservation_users,326,4,0.012269938650306749,0.01186024147879047,0.00040969717151627914,0.06713228239712474,0.9464763942190247,True,0.9464763942190246,False,higher,insurance_dropoff
campaign,23754383997,no_insurance_row_among_reservation_users,reservation_users,446,0,0.0,0.012447234549193636,-0.012447234549193636,-2.3702693987680825,0.01777512831349647,True,0.048246776850918986,True,lower,insurance_dropoff
campaign,23754385140,no_insurance_row_among_reservation_users,reservation_users,1,0,0.0,0.011875258157786039,-0.011875258157786039,-0.10962645573533186,0.912705628466647,False,0.9373733481549348,False,lower,insurance_dropoff
campaign,BFF_program,no_insurance_row_among_reservation_users,reservation_users,8,0,0.0,0.011883848300093003,-0.011883848300093003,-0.3101825677206657,0.756422126167538,False,0.9373733481549348,False,lower,insurance_dropoff
campaign,INFLUENCER,no_insurance_row_among_reservation_users,reservation_users,20,1,0.05,0.011795137092602173,0.03820486290739783,1.575721628044066,0.11508997079819175,False,0.2429677161295159,False,higher,insurance_dropoff
campaign,abandoned_reservation_v2,no_insurance_row_among_reservation_users,reservation_users,4,0,0.0,0.01187893812622663,-0.01187893812622663,-0.21928688047101796,0.8264265810749173,False,0.9373733481549348,False,lower,insurance_dropoff
campaign,family-special-2026-05,no_insurance_row_among_reservation_users,reservation_users,1,0,0.0,0.011875258157786039,-0.011875258157786039,-0.10962645573533186,0.912705628466647,False,0.9373733481549348,False,lower,insurance_dropoff
campaign,influencer,no_insurance_row_among_reservation_users,reservation_users,2,0,0.0,0.011876484560570071,-0.011876484560570071,-0.15504322582565314,0.876787240024036,False,0.9373733481549348,False,lower,insurance_dropoff
campaign,referral_share_25,no_insurance_row_among_reservation_users,reservation_users,2,0,0.0,0.011876484560570071,-0.011876484560570071,-0.15504322582565314,0.876787240024036,False,0.9373733481549348,False,lower,insurance_dropoff
campaign,seoul_zh_2026q2,no_insurance_row_among_reservation_users,reservation_users,2,0,0.0,0.011876484560570071,-0.011876484560570071,-0.15504322582565314,0.876787240024036,False,0.9373733481549348,False,lower,insurance_dropoff
campaign,shuttle-partnership,no_insurance_row_among_reservation_users,reservation_users,10,0,0.0,0.011886304909560724,-0.011886304909560724,-0.34683049598581067,0.7287186650730694,False,0.9373733481549348,False,lower,insurance_dropoff
campaign,{{campaign.name}},no_insurance_row_among_reservation_users,reservation_users,12,0,0.0,0.011888762534890934,-0.011888762534890934,-0.3799730482942074,0.7039654217144427,False,0.9373733481549348,False,lower,insurance_dropoff
language,(unknown),no_insurance_selected_event_among_reservation_users,reservation_users,7014,7014,1.0,0.3856233620366904,0.6143766379633095,72.03009853085028,0.0,True,0.0,True,higher,insurance_dropoff
language,ar,no_insurance_selected_event_among_reservation_users,reservation_users,2,1,0.5,0.8306310027883921,-0.3306310027883921,-1.2463012456925546,0.21265382072242273,False,0.47256404604982827,False,lower,insurance_dropoff
language,ca,no_insurance_selected_event_among_reservation_users,reservation_users,1,0,0.0,0.8306484923585296,-0.8306484923585296,-2.214135333793132,0.026819470646929168,False,0.08939823548976389,False,lower,insurance_dropoff
language,cs,no_insurance_selected_event_among_reservation_users,reservation_users,4,2,0.5,0.8306993079227353,-0.3306993079227353,-1.7627181764289936,0.07794803357943617,False,0.20334269629418128,False,lower,insurance_dropoff
language,cy,no_insurance_selected_event_among_reservation_users,reservation_users,1,1,1.0,0.830545229244114,0.169454770755886,0.451690214166401,0.6514921689625884,False,0.912705628466647,False,higher,insurance_dropoff
language,da,no_insurance_selected_event_among_reservation_users,reservation_users,6,1,0.16666666666666666,0.8309742742018804,-0.6643076075352138,-4.336302661460113,1.4489939418103149e-05,False,9.659959612068766e-05,True,lower,insurance_dropoff
language,de,no_insurance_selected_event_among_reservation_users,reservation_users,26,11,0.4230769230769231,0.8316595920902785,-0.40858266901335544,-5.546157379994574,2.9201600263560317e-08,False,2.9201600263560314e-07,True,lower,insurance_dropoff
language,en,no_insurance_selected_event_among_reservation_users,reservation_users,1922,743,0.38657648283038504,0.9404869251577999,-0.5539104423274148,-57.95494904628238,0.0,True,0.0,True,lower,insurance_dropoff
language,es,no_insurance_selected_event_among_reservation_users,reservation_users,28,9,0.32142857142857145,0.8320389354872113,-0.5106103640586399,-7.19199286736674,6.385236682600117e-13,False,9.577855023900175e-12,True,lower,insurance_dropoff
language,fr,no_insurance_selected_event_among_reservation_users,reservation_users,28,13,0.4642857142857143,0.8316247281764523,-0.367339013890738,-5.17400302416172,2.291311123847392e-07,False,1.9639809632977645e-06,True,lower,insurance_dropoff
language,hr,no_insurance_selected_event_among_reservation_users,reservation_users,2,0,0.0,0.8307342765671796,-0.8307342765671796,-3.1314219023429355,0.001739620477925121,False,0.008029017590423636,True,lower,insurance_dropoff
language,id,no_insurance_selected_event_among_reservation_users,reservation_users,1,1,1.0,0.830545229244114,0.169454770755886,0.451690214166401,0.6514921689625884,False,0.912705628466647,False,higher,insurance_dropoff
language,it,no_insurance_selected_event_among_reservation_users,reservation_users,18,5,0.2777777777777778,0.8315920140684804,-0.5538142362907026,-6.257570026610836,3.910220962855063e-10,False,4.692265155426076e-09,True,lower,insurance_dropoff
language,ja,no_insurance_selected_event_among_reservation_users,reservation_users,10,4,0.4,0.8310077519379845,-0.43100775193798446,-3.631366302273853,0.0002819246991384206,False,0.0015377710862095669,True,lower,insurance_dropoff
language,ko,no_insurance_selected_event_among_reservation_users,reservation_users,25,17,0.68,0.830952380952381,-0.15095238095238095,-2.009361265342961,0.044498834958456815,False,0.13349650487537043,False,lower,insurance_dropoff
language,lt,no_insurance_selected_event_among_reservation_users,reservation_users,1,1,1.0,0.830545229244114,0.169454770755886,0.451690214166401,0.6514921689625884,False,0.912705628466647,False,higher,insurance_dropoff
language,nl,no_insurance_selected_event_among_reservation_users,reservation_users,19,8,0.42105263157894735,0.8313676805296917,-0.41031504895074433,-4.762962175309802,1.907716109893693e-06,False,1.4307870824202696e-05,True,lower,insurance_dropoff
language,pl,no_insurance_selected_event_among_reservation_users,reservation_users,4,2,0.5,0.8306993079227353,-0.3306993079227353,-1.7627181764289936,0.07794803357943617,False,0.20334269629418128,False,lower,insurance_dropoff
language,pt,no_insurance_selected_event_among_reservation_users,reservation_users,7,2,0.2857142857142857,0.8309568092581112,-0.5452425235438255,-3.844067801272725,0.00012101154859158715,False,0.0007260692915495229,True,lower,insurance_dropoff
language,ro,no_insurance_selected_event_among_reservation_users,reservation_users,1,0,0.0,0.8306484923585296,-0.8306484923585296,-2.214135333793132,0.026819470646929168,False,0.08939823548976389,False,lower,insurance_dropoff
language,ru,no_insurance_selected_event_among_reservation_users,reservation_users,13,6,0.46153846153846156,0.8310587262200165,-0.36952026468155497,-3.5491762887719984,0.0003864382756624295,False,0.0019321913783121472,True,lower,insurance_dropoff
language,sk,no_insurance_selected_event_among_reservation_users,reservation_users,2,1,0.5,0.8306310027883921,-0.3306310027883921,-1.2463012456925546,0.21265382072242273,False,0.47256404604982827,False,lower,insurance_dropoff
language,sq,no_insurance_selected_event_among_reservation_users,reservation_users,1,1,1.0,0.830545229244114,0.169454770755886,0.451690214166401,0.6514921689625884,False,0.912705628466647,False,higher,insurance_dropoff
language,sr,no_insurance_selected_event_among_reservation_users,reservation_users,1,0,0.0,0.8306484923585296,-0.8306484923585296,-2.214135333793132,0.026819470646929168,False,0.08939823548976389,False,lower,insurance_dropoff
language,sv,no_insurance_selected_event_among_reservation_users,reservation_users,2,2,1.0,0.8305277290096045,0.16947227099039552,0.6388194109578266,0.5229404191383358,False,0.912705628466647,False,higher,insurance_dropoff
language,th,no_insurance_selected_event_among_reservation_users,reservation_users,1,1,1.0,0.830545229244114,0.169454770755886,0.451690214166401,0.6514921689625884,False,0.912705628466647,False,higher,insurance_dropoff
language,tr,no_insurance_selected_event_among_reservation_users,reservation_users,1,0,0.0,0.8306484923585296,-0.8306484923585296,-2.214135333793132,0.026819470646929168,False,0.08939823548976389,False,lower,insurance_dropoff
language,uk,no_insurance_selected_event_among_reservation_users,reservation_users,2,1,0.5,0.8306310027883921,-0.3306310027883921,-1.2463012456925546,0.21265382072242273,False,0.47256404604982827,False,lower,insurance_dropoff
language,vi,no_insurance_selected_event_among_reservation_users,reservation_users,5,4,0.8,0.8305785123966942,-0.03057851239669418,-0.1822210419426705,0.855409260355586,False,0.912705628466647,False,lower,insurance_dropoff
language,zh,no_insurance_selected_event_among_reservation_users,reservation_users,537,193,0.35940409683426444,0.8582203760384783,-0.4988162792042139,-29.94679367136906,4.843861025463179e-197,True,9.687722050926357e-196,True,lower,insurance_dropoff
language,(unknown),no_insurance_row_among_reservation_users,reservation_users,7014,98,0.013972055888223553,0.00636465743167353,0.007607398456550022,3.0888791155665634,0.002009131706106875,True,0.00861056445474375,True,higher,insurance_dropoff
language,ar,no_insurance_row_among_reservation_users,reservation_users,2,0,0.0,0.011876484560570071,-0.011876484560570071,-0.15504322582565314,0.876787240024036,False,0.912705628466647,False,lower,insurance_dropoff
language,ca,no_insurance_row_among_reservation_users,reservation_users,1,0,0.0,0.011875258157786039,-0.011875258157786039,-0.10962645573533186,0.912705628466647,False,0.912705628466647,False,lower,insurance_dropoff
language,cs,no_insurance_row_among_reservation_users,reservation_users,4,0,0.0,0.01187893812622663,-0.01187893812622663,-0.21928688047101796,0.8264265810749173,False,0.912705628466647,False,lower,insurance_dropoff
language,cy,no_insurance_row_among_reservation_users,reservation_users,1,0,0.0,0.011875258157786039,-0.011875258157786039,-0.10962645573533186,0.912705628466647,False,0.912705628466647,False,lower,insurance_dropoff
language,da,no_insurance_row_among_reservation_users,reservation_users,6,0,0.0,0.011881392705858043,-0.011881392705858043,-0.26859822853811816,0.7882388756374707,False,0.912705628466647,False,lower,insurance_dropoff
language,de,no_insurance_row_among_reservation_users,reservation_users,26,0,0.0,0.011905994409359147,-0.011905994409359147,-0.5597103718322041,0.5756770066506796,False,0.912705628466647,False,lower,insurance_dropoff
language,en,no_insurance_row_among_reservation_users,reservation_users,1922,14,0.007284079084287201,0.013010434110524282,-0.005726355026237081,-2.074983647111498,0.03798805038096756,True,0.11996226436095019,False,lower,insurance_dropoff
language,es,no_insurance_row_among_reservation_users,reservation_users,28,0,0.0,0.011908460184322253,-0.011908460184322253,-0.5808990467244025,0.5613084948749913,False,0.912705628466647,False,lower,insurance_dropoff
language,fr,no_insurance_row_among_reservation_users,reservation_users,28,0,0.0,0.011908460184322253,-0.011908460184322253,-0.5808990467244025,0.5613084948749913,False,0.912705628466647,False,lower,insurance_dropoff
language,hr,no_insurance_row_among_reservation_users,reservation_users,2,0,0.0,0.011876484560570071,-0.011876484560570071,-0.15504322582565314,0.876787240024036,False,0.912705628466647,False,lower,insurance_dropoff
language,id,no_insurance_row_among_reservation_users,reservation_users,1,0,0.0,0.011875258157786039,-0.011875258157786039,-0.10962645573533186,0.912705628466647,False,0.912705628466647,False,lower,insurance_dropoff
language,it,no_insurance_row_among_reservation_users,reservation_users,18,1,0.05555555555555555,0.011792696803558498,0.04376285875199706,1.7125084349567459,0.08680301150377058,False,0.21700752875942644,False,higher,insurance_dropoff
language,ja,no_insurance_row_among_reservation_users,reservation_users,10,0,0.0,0.011886304909560724,-0.011886304909560724,-0.34683049598581067,0.7287186650730694,False,0.912705628466647,False,lower,insurance_dropoff
language,ko,no_insurance_row_among_reservation_users,reservation_users,25,0,0.0,0.011904761904761904,-0.011904761904761904,-0.5488127659389138,0.5831339485579283,False,0.912705628466647,False,lower,insurance_dropoff
language,lt,no_insurance_row_among_reservation_users,reservation_users,1,0,0.0,0.011875258157786039,-0.011875258157786039,-0.10962645573533186,0.912705628466647,False,0.912705628466647,False,lower,insurance_dropoff
language,nl,no_insurance_row_among_reservation_users,reservation_users,19,0,0.0,0.011897372232567763,-0.011897372232567763,-0.4782953612563774,0.6324399975156884,False,0.912705628466647,False,lower,insurance_dropoff
language,pl,no_insurance_row_among_reservation_users,reservation_users,4,0,0.0,0.01187893812622663,-0.01187893812622663,-0.21928688047101796,0.8264265810749173,False,0.912705628466647,False,lower,insurance_dropoff
language,pt,no_insurance_row_among_reservation_users,reservation_users,7,0,0.0,0.011882620376110768,-0.011882620376110768,-0.29013423340906386,0.7717135471316448,False,0.912705628466647,False,lower,insurance_dropoff
language,ro,no_insurance_row_among_reservation_users,reservation_users,1,0,0.0,0.011875258157786039,-0.011875258157786039,-0.10962645573533186,0.912705628466647,False,0.912705628466647,False,lower,insurance_dropoff
language,ru,no_insurance_row_among_reservation_users,reservation_users,13,0,0.0,0.011889991728701406,-0.011889991728701406,-0.3955089321664204,0.6924673309448588,False,0.912705628466647,False,lower,insurance_dropoff
language,sk,no_insurance_row_among_reservation_users,reservation_users,2,0,0.0,0.011876484560570071,-0.011876484560570071,-0.15504322582565314,0.876787240024036,False,0.912705628466647,False,lower,insurance_dropoff
language,sq,no_insurance_row_among_reservation_users,reservation_users,1,0,0.0,0.011875258157786039,-0.011875258157786039,-0.10962645573533186,0.912705628466647,False,0.912705628466647,False,lower,insurance_dropoff
language,sr,no_insurance_row_among_reservation_users,reservation_users,1,0,0.0,0.011875258157786039,-0.011875258157786039,-0.10962645573533186,0.912705628466647,False,0.912705628466647,False,lower,insurance_dropoff
language,sv,no_insurance_row_among_reservation_users,reservation_users,2,0,0.0,0.011876484560570071,-0.011876484560570071,-0.15504322582565314,0.876787240024036,False,0.912705628466647,False,lower,insurance_dropoff
language,th,no_insurance_row_among_reservation_users,reservation_users,1,0,0.0,0.011875258157786039,-0.011875258157786039,-0.10962645573533186,0.912705628466647,False,0.912705628466647,False,lower,insurance_dropoff
language,tr,no_insurance_row_among_reservation_users,reservation_users,1,0,0.0,0.011875258157786039,-0.011875258157786039,-0.10962645573533186,0.912705628466647,False,0.912705628466647,False,lower,insurance_dropoff
language,uk,no_insurance_row_among_reservation_users,reservation_users,2,0,0.0,0.011876484560570071,-0.011876484560570071,-0.15504322582565314,0.876787240024036,False,0.912705628466647,False,lower,insurance_dropoff
language,vi,no_insurance_row_among_reservation_users,reservation_users,5,0,0.0,0.011880165289256199,-0.011880165289256199,-0.24518284907574983,0.8063148556198221,False,0.912705628466647,False,lower,insurance_dropoff
language,zh,no_insurance_row_among_reservation_users,reservation_users,537,2,0.0037243947858473,0.01235242675994753,-0.00862803197410023,-1.7939357725331682,0.07282342089806021,True,0.20334269629418128,False,lower,insurance_dropoff
channel,(unknown) / (unknown),no_insurance_selected_event_among_reservation_users,reservation_users,7775,7350,0.9453376205787781,0.3633507853403141,0.5819868352384641,60.74905609697358,0.0,True,0.0,True,higher,insurance_dropoff
channel,BFF / referral,no_insurance_selected_event_among_reservation_users,reservation_users,6,2,0.3333333333333333,0.8308709577435686,-0.49753762441023525,-3.247702872034747,0.0011634069267066967,False,0.005817034633533483,True,lower,insurance_dropoff
channel,INFLUENCER / INFLUENCER,no_insurance_selected_event_among_reservation_users,reservation_users,13,5,0.38461538461538464,0.8311621174524401,-0.4465467328370554,-4.289001788250213,1.794779282441529e-05,False,0.00011965195216276859,True,lower,insurance_dropoff
channel,app / (unknown),no_insurance_selected_event_among_reservation_users,reservation_users,534,249,0.46629213483146065,0.8518194732816086,-0.3855273384501479,-23.084452425133303,6.634282816291257e-118,True,8.845710421721676e-117,True,lower,insurance_dropoff
channel,app / INFLUENCER,no_insurance_selected_event_among_reservation_users,reservation_users,7,3,0.42857142857142855,0.8308534821244059,-0.40228205355297736,-2.836168167959434,0.0045658397562564085,False,0.015219465854188027,True,lower,insurance_dropoff
channel,app / cpc,no_insurance_selected_event_among_reservation_users,reservation_users,24,8,0.3333333333333333,0.8317979505227202,-0.4984646171893869,-6.501453922059474,7.954740301655034e-11,False,7.954740301655034e-10,True,lower,insurance_dropoff
channel,app / link,no_insurance_selected_event_among_reservation_users,reservation_users,1,0,0.0,0.8306484923585296,-0.8306484923585296,-2.214135333793132,0.026819470646929168,False,0.06704867661732292,False,lower,insurance_dropoff
channel,app / referral,no_insurance_selected_event_among_reservation_users,reservation_users,2,2,1.0,0.8305277290096045,0.16947227099039552,0.6388194109578266,0.5229404191383358,False,0.9127056284666469,False,higher,insurance_dropoff
channel,app / {{placement}},no_insurance_selected_event_among_reservation_users,reservation_users,2,0,0.0,0.8307342765671796,-0.8307342765671796,-3.1314219023429355,0.001739620477925121,False,0.006958481911700484,True,lower,insurance_dropoff
channel,email / marketing,no_insurance_selected_event_among_reservation_users,reservation_users,1,1,1.0,0.830545229244114,0.169454770755886,0.451690214166401,0.6514921689625884,False,0.9127056284666469,False,higher,insurance_dropoff
channel,fb / paid,no_insurance_selected_event_among_reservation_users,reservation_users,4,1,0.25,0.8308026030368764,-0.5808026030368764,-3.095837459477159,0.001962579108071887,False,0.007136651302079589,True,lower,insurance_dropoff
channel,google / cpc,no_insurance_selected_event_among_reservation_users,reservation_users,1282,411,0.3205928237129485,0.9083660597405688,-0.5877732360276203,-52.25531766465855,0.0,True,0.0,True,lower,insurance_dropoff
channel,google / demandgen,no_insurance_selected_event_among_reservation_users,reservation_users,2,0,0.0,0.8307342765671796,-0.8307342765671796,-3.1314219023429355,0.001739620477925121,False,0.006958481911700484,True,lower,insurance_dropoff
channel,ig / link,no_insurance_selected_event_among_reservation_users,reservation_users,1,0,0.0,0.8306484923585296,-0.8306484923585296,-2.214135333793132,0.026819470646929168,False,0.06704867661732292,False,lower,insurance_dropoff
channel,ig / paid,no_insurance_selected_event_among_reservation_users,reservation_users,2,1,0.5,0.8306310027883921,-0.3306310027883921,-1.2463012456925546,0.21265382072242273,False,0.42530764144484545,False,lower,insurance_dropoff
channel,ig / social,no_insurance_selected_event_among_reservation_users,reservation_users,3,0,0.0,0.8308200784961784,-0.8308200784961784,-3.8353909678305382,0.00012536471206871436,False,0.0007163697832497963,True,lower,insurance_dropoff
channel,shuttle-blog / blog,no_insurance_selected_event_among_reservation_users,reservation_users,10,1,0.1,0.8313178294573643,-0.7313178294573643,-6.161566492023657,7.202881403078662e-10,False,5.762305122462929e-09,True,lower,insurance_dropoff
channel,whatsapp / crm,no_insurance_selected_event_among_reservation_users,reservation_users,2,2,1.0,0.8305277290096045,0.16947227099039552,0.6388194109578266,0.5229404191383358,False,0.9127056284666469,False,higher,insurance_dropoff
channel,whatsapp / retargeting,no_insurance_selected_event_among_reservation_users,reservation_users,4,3,0.75,0.8305960128085942,-0.08059601280859419,-0.42959889338082863,0.6674874422118671,False,0.9127056284666469,False,lower,insurance_dropoff
channel,{{site_source_name}} / {{placement}},no_insurance_selected_event_among_reservation_users,reservation_users,10,5,0.5,0.8309043927648578,-0.33090439276485784,-2.7879662390239184,0.0053040070966187715,False,0.016320021835750067,True,lower,insurance_dropoff
channel,(unknown) / (unknown),no_insurance_row_among_reservation_users,reservation_users,7775,102,0.013118971061093247,0.006806282722513089,0.006312688338580158,2.282055248136456,0.02248607865459038,True,0.06424593901311537,False,higher,insurance_dropoff
channel,BFF / referral,no_insurance_row_among_reservation_users,reservation_users,6,0,0.0,0.011881392705858043,-0.011881392705858043,-0.26859822853811816,0.7882388756374707,False,0.9127056284666469,False,lower,insurance_dropoff
channel,INFLUENCER / INFLUENCER,no_insurance_row_among_reservation_users,reservation_users,13,1,0.07692307692307693,0.011786600496277916,0.06513647642679901,2.1667011066508253,0.030257652167020213,False,0.07119447568710638,False,higher,insurance_dropoff
channel,app / (unknown),no_insurance_row_among_reservation_users,reservation_users,534,3,0.0056179775280898875,0.012239099551961534,-0.006621122023871646,-1.3730344102594805,0.16974164957189936,True,0.3573508412039986,False,lower,insurance_dropoff
channel,app / INFLUENCER,no_insurance_row_among_reservation_users,reservation_users,7,0,0.0,0.011882620376110768,-0.011882620376110768,-0.29013423340906386,0.7717135471316448,False,0.9127056284666469,False,lower,insurance_dropoff
channel,app / cpc,no_insurance_row_among_reservation_users,reservation_users,24,0,0.0,0.011903529655315185,-0.011903529655315185,-0.5376966659801913,0.5907864813667945,False,0.9127056284666469,False,lower,insurance_dropoff
channel,app / link,no_insurance_row_among_reservation_users,reservation_users,1,0,0.0,0.011875258157786039,-0.011875258157786039,-0.10962645573533186,0.912705628466647,False,0.9127056284666469,False,lower,insurance_dropoff
channel,app / referral,no_insurance_row_among_reservation_users,reservation_users,2,0,0.0,0.011876484560570071,-0.011876484560570071,-0.15504322582565314,0.876787240024036,False,0.9127056284666469,False,lower,insurance_dropoff
channel,app / {{placement}},no_insurance_row_among_reservation_users,reservation_users,2,0,0.0,0.011876484560570071,-0.011876484560570071,-0.15504322582565314,0.876787240024036,False,0.9127056284666469,False,lower,insurance_dropoff
channel,email / marketing,no_insurance_row_among_reservation_users,reservation_users,1,0,0.0,0.011875258157786039,-0.011875258157786039,-0.10962645573533186,0.912705628466647,False,0.9127056284666469,False,lower,insurance_dropoff
channel,fb / paid,no_insurance_row_among_reservation_users,reservation_users,4,0,0.0,0.01187893812622663,-0.01187893812622663,-0.21928688047101796,0.8264265810749173,False,0.9127056284666469,False,lower,insurance_dropoff
channel,google / cpc,no_insurance_row_among_reservation_users,reservation_users,1282,9,0.0070202808112324495,0.012614542425324289,-0.0055942616140918396,-1.7224589876388459,0.08498640602616125,True,0.1888586800581361,False,lower,insurance_dropoff
channel,google / demandgen,no_insurance_row_among_reservation_users,reservation_users,2,0,0.0,0.011876484560570071,-0.011876484560570071,-0.15504322582565314,0.876787240024036,False,0.9127056284666469,False,lower,insurance_dropoff
channel,ig / link,no_insurance_row_among_reservation_users,reservation_users,1,0,0.0,0.011875258157786039,-0.011875258157786039,-0.10962645573533186,0.912705628466647,False,0.9127056284666469,False,lower,insurance_dropoff
channel,ig / paid,no_insurance_row_among_reservation_users,reservation_users,2,0,0.0,0.011876484560570071,-0.011876484560570071,-0.15504322582565314,0.876787240024036,False,0.9127056284666469,False,lower,insurance_dropoff
channel,ig / social,no_insurance_row_among_reservation_users,reservation_users,3,0,0.0,0.011877711216690767,-0.011877711216690767,-0.18989820167959526,0.8493889016813048,False,0.9127056284666469,False,lower,insurance_dropoff
channel,shuttle-blog / blog,no_insurance_row_among_reservation_users,reservation_users,10,0,0.0,0.011886304909560724,-0.011886304909560724,-0.34683049598581067,0.7287186650730694,False,0.9127056284666469,False,lower,insurance_dropoff
channel,whatsapp / crm,no_insurance_row_among_reservation_users,reservation_users,2,0,0.0,0.011876484560570071,-0.011876484560570071,-0.15504322582565314,0.876787240024036,False,0.9127056284666469,False,lower,insurance_dropoff
channel,whatsapp / retargeting,no_insurance_row_among_reservation_users,reservation_users,4,0,0.0,0.01187893812622663,-0.01187893812622663,-0.21928688047101796,0.8264265810749173,False,0.9127056284666469,False,lower,insurance_dropoff
channel,{{site_source_name}} / {{placement}},no_insurance_row_among_reservation_users,reservation_users,10,0,0.0,0.011886304909560724,-0.011886304909560724,-0.34683049598581067,0.7287186650730694,False,0.9127056284666469,False,lower,insurance_dropoff
