vehicle_id,vehicle_model_id,model_name,vehicle_class,valid_reservation_count_strong_join,first_pickup_at_utc,last_dropoff_at_utc,rows_with_final_price,booked_final_price_krw_sum_proxy,average_booked_final_price_krw_formula,booked_rental_hours_sum,mileage_observation_count,observed_driven_km_sum,true_utilization_rate,true_utilization_status,join_method,join_quality,classification
8195,1879,20년 코나(전기),EV,1,2026-08-18 07:00:00,2026-08-23 01:00:00,1,142500,142500.0,114.0,0,0,,unavailable_no_historical_vehicle_availability_denominator,reservation.assigned_vehicle_id = vehicle.id,strong_direct_fk_but_sparse,observed_aggregate_plus_formula
8204,1879,20년 코나(전기),EV,1,2026-08-18 08:00:00,2026-08-24 10:00:00,1,177300,177300.0,146.0,0,0,,unavailable_no_historical_vehicle_availability_denominator,reservation.assigned_vehicle_id = vehicle.id,strong_direct_fk_but_sparse,observed_aggregate_plus_formula
8264,1845,20년 SM6(휘),MIDSIZE,1,2026-08-18 07:00:00,2026-08-21 09:00:00,1,79800,79800.0,74.0,0,0,,unavailable_no_historical_vehicle_availability_denominator,reservation.assigned_vehicle_id = vehicle.id,strong_direct_fk_but_sparse,observed_aggregate_plus_formula
8267,1883,21년 4세대 쏘렌토(7인/휘),SUV,1,2026-08-18 06:30:00,2026-08-24 08:30:00,1,233250,233250.0,146.0,0,0,,unavailable_no_historical_vehicle_availability_denominator,reservation.assigned_vehicle_id = vehicle.id,strong_direct_fk_but_sparse,observed_aggregate_plus_formula
8280,1889,21년 벤츠 C클래스 카브리올레(휘),IMPORTED,1,2026-08-18 23:30:00,2026-08-19 23:30:00,1,69000,69000.0,24.0,0,0,,unavailable_no_historical_vehicle_availability_denominator,reservation.assigned_vehicle_id = vehicle.id,strong_direct_fk_but_sparse,observed_aggregate_plus_formula
8312,1902,21년 아이오닉5(전기),EV,1,2026-08-18 08:00:00,2026-08-23 02:00:00,1,162250,162250.0,114.0,0,0,,unavailable_no_historical_vehicle_availability_denominator,reservation.assigned_vehicle_id = vehicle.id,strong_direct_fk_but_sparse,observed_aggregate_plus_formula
8330,1885,21년 GV70(5인/휘),SUV,1,2026-08-18 07:00:00,2026-08-21 07:00:00,1,126000,126000.0,72.0,0,0,,unavailable_no_historical_vehicle_availability_denominator,reservation.assigned_vehicle_id = vehicle.id,strong_direct_fk_but_sparse,observed_aggregate_plus_formula
8331,1885,21년 GV70(5인/휘),SUV,1,2026-08-18 12:00:00,2026-08-22 08:30:00,1,196000,196000.0,92.5,0,0,,unavailable_no_historical_vehicle_availability_denominator,reservation.assigned_vehicle_id = vehicle.id,strong_direct_fk_but_sparse,observed_aggregate_plus_formula
8378,1896,21년 K3(휘),COMPACT,1,2026-08-18 07:00:00,2026-08-22 09:30:00,1,96730,96730.0,98.5,0,0,,unavailable_no_historical_vehicle_availability_denominator,reservation.assigned_vehicle_id = vehicle.id,strong_direct_fk_but_sparse,observed_aggregate_plus_formula
8398,1882,21년 올뉴아반떼CN7(휘),COMPACT,1,2026-08-18 11:00:00,2026-08-25 01:00:00,1,190910,190910.0,158.0,0,0,,unavailable_no_historical_vehicle_availability_denominator,reservation.assigned_vehicle_id = vehicle.id,strong_direct_fk_but_sparse,observed_aggregate_plus_formula
8493,1905,22년 EV6(전기),EV,1,2024-12-17 03:00:49,2024-12-19 03:00:49,1,77000,77000.0,48.0,1,255,,unavailable_no_historical_vehicle_availability_denominator,reservation.assigned_vehicle_id = vehicle.id,strong_direct_fk_but_sparse,observed_aggregate_plus_formula
8496,1905,22년 EV6(전기),EV,1,2026-08-18 07:00:00,2026-08-22 06:00:00,1,179500,179500.0,95.0,0,0,,unavailable_no_historical_vehicle_availability_denominator,reservation.assigned_vehicle_id = vehicle.id,strong_direct_fk_but_sparse,observed_aggregate_plus_formula
8502,1905,22년 EV6(전기),EV,1,2026-08-18 23:00:00,2026-08-21 11:00:00,1,99120,99120.0,60.0,0,0,,unavailable_no_historical_vehicle_availability_denominator,reservation.assigned_vehicle_id = vehicle.id,strong_direct_fk_but_sparse,observed_aggregate_plus_formula
8511,1905,22년 EV6(전기),EV,1,2024-12-12 02:00:00,2024-12-14 03:00:00,1,64400,64400.0,49.0,1,298,,unavailable_no_historical_vehicle_availability_denominator,reservation.assigned_vehicle_id = vehicle.id,strong_direct_fk_but_sparse,observed_aggregate_plus_formula
8513,1906,22년 k3(휘),COMPACT,1,2026-08-18 07:30:00,2026-08-19 23:00:00,1,41600,41600.0,39.5,0,0,,unavailable_no_historical_vehicle_availability_denominator,reservation.assigned_vehicle_id = vehicle.id,strong_direct_fk_but_sparse,observed_aggregate_plus_formula
8516,1906,22년 k3(휘),COMPACT,1,2026-08-18 08:00:00,2026-08-24 10:30:00,1,136240,136240.0,146.5,0,0,,unavailable_no_historical_vehicle_availability_denominator,reservation.assigned_vehicle_id = vehicle.id,strong_direct_fk_but_sparse,observed_aggregate_plus_formula
8522,1906,22년 k3(휘),COMPACT,1,2026-08-18 08:00:00,2026-08-21 11:00:00,1,96560,96560.0,75.0,0,0,,unavailable_no_historical_vehicle_availability_denominator,reservation.assigned_vehicle_id = vehicle.id,strong_direct_fk_but_sparse,observed_aggregate_plus_formula
8529,1906,22년 k3(휘),COMPACT,1,2026-08-18 07:00:00,2026-08-20 07:00:00,1,54400,54400.0,48.0,0,0,,unavailable_no_historical_vehicle_availability_denominator,reservation.assigned_vehicle_id = vehicle.id,strong_direct_fk_but_sparse,observed_aggregate_plus_formula
8531,1906,22년 k3(휘),COMPACT,1,2026-08-18 12:00:00,2026-08-22 10:00:00,1,83200,83200.0,94.0,0,0,,unavailable_no_historical_vehicle_availability_denominator,reservation.assigned_vehicle_id = vehicle.id,strong_direct_fk_but_sparse,observed_aggregate_plus_formula
8561,1959,24년 더 뉴 셀토스(휘),SUV,1,2026-08-18 23:00:00,2026-08-22 11:00:00,1,103600,103600.0,84.0,0,0,,unavailable_no_historical_vehicle_availability_denominator,reservation.assigned_vehicle_id = vehicle.id,strong_direct_fk_but_sparse,observed_aggregate_plus_formula
8571,1956,24년 BMW 420i 컨버터블(휘),IMPORTED,1,2026-08-18 10:00:00,2026-08-21 04:00:00,1,234000,234000.0,66.0,0,0,,unavailable_no_historical_vehicle_availability_denominator,reservation.assigned_vehicle_id = vehicle.id,strong_direct_fk_but_sparse,observed_aggregate_plus_formula
8595,1876,20년 올뉴k3(휘),COMPACT,1,2026-08-18 09:00:00,2026-08-20 10:00:00,1,34320,34320.0,49.0,0,0,,unavailable_no_historical_vehicle_availability_denominator,reservation.assigned_vehicle_id = vehicle.id,strong_direct_fk_but_sparse,observed_aggregate_plus_formula
8601,1888,21년 4세대 카니발 리무진 7인승(경유),RV,1,2026-08-18 23:00:00,2026-08-22 11:00:00,1,122000,122000.0,84.0,0,0,,unavailable_no_historical_vehicle_availability_denominator,reservation.assigned_vehicle_id = vehicle.id,strong_direct_fk_but_sparse,observed_aggregate_plus_formula
8614,1899,21/22년 트레일블레이저(휘),SUV,1,2026-08-18 23:00:00,2026-08-22 11:00:00,1,82080,82080.0,84.0,0,0,,unavailable_no_historical_vehicle_availability_denominator,reservation.assigned_vehicle_id = vehicle.id,strong_direct_fk_but_sparse,observed_aggregate_plus_formula
8618,1899,21/22년 트레일블레이저(휘),SUV,1,2026-08-18 08:00:00,2026-08-25 03:30:00,1,280155,280155.0,163.5,0,0,,unavailable_no_historical_vehicle_availability_denominator,reservation.assigned_vehicle_id = vehicle.id,strong_direct_fk_but_sparse,observed_aggregate_plus_formula
8652,1915,22년 모닝(휘),URBAN,1,2026-08-18 07:00:00,2026-08-20 09:00:00,1,40500,40500.0,50.0,0,0,,unavailable_no_historical_vehicle_availability_denominator,reservation.assigned_vehicle_id = vehicle.id,strong_direct_fk_but_sparse,observed_aggregate_plus_formula
8658,1915,22년 모닝(휘),URBAN,1,2026-08-18 06:30:00,2026-08-20 07:30:00,1,59700,59700.0,49.0,0,0,,unavailable_no_historical_vehicle_availability_denominator,reservation.assigned_vehicle_id = vehicle.id,strong_direct_fk_but_sparse,observed_aggregate_plus_formula
8660,1915,22년 모닝(휘),URBAN,1,2026-08-18 07:00:00,2026-08-20 10:00:00,1,46500,46500.0,51.0,0,0,,unavailable_no_historical_vehicle_availability_denominator,reservation.assigned_vehicle_id = vehicle.id,strong_direct_fk_but_sparse,observed_aggregate_plus_formula
8715,1907,22년 캐스퍼(휘),URBAN,1,2026-08-18 23:00:00,2026-08-22 06:00:00,1,70260,70260.0,79.0,0,0,,unavailable_no_historical_vehicle_availability_denominator,reservation.assigned_vehicle_id = vehicle.id,strong_direct_fk_but_sparse,observed_aggregate_plus_formula
8719,1907,22년 캐스퍼(휘),URBAN,1,2026-06-06 08:00:00,2026-06-10 02:00:00,1,84480,84480.0,90.0,1,275,,unavailable_no_historical_vehicle_availability_denominator,reservation.assigned_vehicle_id = vehicle.id,strong_direct_fk_but_sparse,observed_aggregate_plus_formula
8720,1907,22년 캐스퍼(휘),URBAN,1,2026-08-18 08:00:00,2026-08-21 05:00:00,1,86400,86400.0,69.0,0,0,,unavailable_no_historical_vehicle_availability_denominator,reservation.assigned_vehicle_id = vehicle.id,strong_direct_fk_but_sparse,observed_aggregate_plus_formula
8735,1916,22년 K5(휘),MIDSIZE,1,2026-08-18 08:00:00,2026-08-24 08:00:00,1,175500,175500.0,144.0,0,0,,unavailable_no_historical_vehicle_availability_denominator,reservation.assigned_vehicle_id = vehicle.id,strong_direct_fk_but_sparse,observed_aggregate_plus_formula
8751,1931,23년 4세대 쏘렌토(5인/경유),SUV,1,2026-08-18 07:00:00,2026-08-21 11:00:00,1,124300,124300.0,76.0,0,0,,unavailable_no_historical_vehicle_availability_denominator,reservation.assigned_vehicle_id = vehicle.id,strong_direct_fk_but_sparse,observed_aggregate_plus_formula
8759,1940,23년 디올뉴 그랜저(휘),LUXURY,1,2026-08-18 23:00:00,2026-08-21 11:00:00,1,80640,80640.0,60.0,0,0,,unavailable_no_historical_vehicle_availability_denominator,reservation.assigned_vehicle_id = vehicle.id,strong_direct_fk_but_sparse,observed_aggregate_plus_formula
8768,1938,23년 스타리아  9인승 4륜(경유),RV,1,2026-08-18 08:00:00,2026-08-25 08:00:00,1,177995,177995.0,168.0,0,0,,unavailable_no_historical_vehicle_availability_denominator,reservation.assigned_vehicle_id = vehicle.id,strong_direct_fk_but_sparse,observed_aggregate_plus_formula
8797,1928,23년 투싼 하이브리드(휘),SUV,1,2026-08-18 10:00:00,2026-08-24 00:00:00,1,216750,216750.0,134.0,0,0,,unavailable_no_historical_vehicle_availability_denominator,reservation.assigned_vehicle_id = vehicle.id,strong_direct_fk_but_sparse,observed_aggregate_plus_formula
8824,1923,23년 K8(LPG),LUXURY,1,2026-08-18 23:00:00,2026-08-21 03:00:00,1,95285,95285.0,52.0,0,0,,unavailable_no_historical_vehicle_availability_denominator,reservation.assigned_vehicle_id = vehicle.id,strong_direct_fk_but_sparse,observed_aggregate_plus_formula
8836,1925,23년 4세대 카니발 리무진 7인승(경유),RV,1,2024-11-20 00:30:00,2024-11-23 06:00:00,1,216639,216639.0,77.5,1,384,,unavailable_no_historical_vehicle_availability_denominator,reservation.assigned_vehicle_id = vehicle.id,strong_direct_fk_but_sparse,observed_aggregate_plus_formula
8872,1924,23년 4세대 카니발 9인승(휘),RV,1,2026-08-18 09:00:00,2026-08-21 10:00:00,1,126000,126000.0,73.0,0,0,,unavailable_no_historical_vehicle_availability_denominator,reservation.assigned_vehicle_id = vehicle.id,strong_direct_fk_but_sparse,observed_aggregate_plus_formula
8882,1939,24년 레이(휘),URBAN,1,2026-08-18 07:00:00,2026-08-25 00:00:00,1,154700,154700.0,161.0,0,0,,unavailable_no_historical_vehicle_availability_denominator,reservation.assigned_vehicle_id = vehicle.id,strong_direct_fk_but_sparse,observed_aggregate_plus_formula
8891,1951,24년 더 뉴 쏘렌토 하이브리드(7인/휘),SUV,1,2026-08-18 11:30:00,2026-08-22 02:00:00,1,145600,145600.0,86.5,0,0,,unavailable_no_historical_vehicle_availability_denominator,reservation.assigned_vehicle_id = vehicle.id,strong_direct_fk_but_sparse,observed_aggregate_plus_formula
8893,1951,24년 더 뉴 쏘렌토 하이브리드(7인/휘),SUV,1,2026-08-18 09:30:00,2026-08-23 01:00:00,1,210000,210000.0,111.5,0,0,,unavailable_no_historical_vehicle_availability_denominator,reservation.assigned_vehicle_id = vehicle.id,strong_direct_fk_but_sparse,observed_aggregate_plus_formula
8906,1976,24년 더 뉴 카니발 9인승(휘),RV,1,2026-08-18 23:00:00,2026-08-22 04:00:00,1,149100,149100.0,77.0,0,0,,unavailable_no_historical_vehicle_availability_denominator,reservation.assigned_vehicle_id = vehicle.id,strong_direct_fk_but_sparse,observed_aggregate_plus_formula
8933,1970,24년 더 뉴 K3(휘),COMPACT,1,2026-08-18 11:30:00,2026-08-21 03:00:00,1,62700,62700.0,63.5,0,0,,unavailable_no_historical_vehicle_availability_denominator,reservation.assigned_vehicle_id = vehicle.id,strong_direct_fk_but_sparse,observed_aggregate_plus_formula
8939,1946,24년 더 뉴 K5 하이브리드(휘),MIDSIZE,1,2026-08-18 09:30:00,2026-08-21 05:30:00,1,76230,76230.0,68.0,0,0,,unavailable_no_historical_vehicle_availability_denominator,reservation.assigned_vehicle_id = vehicle.id,strong_direct_fk_but_sparse,observed_aggregate_plus_formula
8950,1946,24년 더 뉴 K5 하이브리드(휘),MIDSIZE,1,2026-08-18 12:00:00,2026-08-21 06:00:00,1,76230,76230.0,66.0,0,0,,unavailable_no_historical_vehicle_availability_denominator,reservation.assigned_vehicle_id = vehicle.id,strong_direct_fk_but_sparse,observed_aggregate_plus_formula
8953,1946,24년 더 뉴 K5 하이브리드(휘),MIDSIZE,1,2026-08-18 12:00:00,2026-08-22 03:00:00,1,101640,101640.0,87.0,0,0,,unavailable_no_historical_vehicle_availability_denominator,reservation.assigned_vehicle_id = vehicle.id,strong_direct_fk_but_sparse,observed_aggregate_plus_formula
9016,1950,24년 스타리아라운지 4륜 7인승(경유),RV,1,2026-08-18 08:00:00,2026-08-22 05:30:00,1,149600,149600.0,93.5,0,0,,unavailable_no_historical_vehicle_availability_denominator,reservation.assigned_vehicle_id = vehicle.id,strong_direct_fk_but_sparse,observed_aggregate_plus_formula
9037,1960,24년 카니발 하이리무진 9인승(경유),RV,1,2026-08-18 23:00:00,2026-08-23 02:30:00,1,302400,302400.0,99.5,0,0,,unavailable_no_historical_vehicle_availability_denominator,reservation.assigned_vehicle_id = vehicle.id,strong_direct_fk_but_sparse,observed_aggregate_plus_formula
9040,1972,24년 G80 4륜(휘),LUXURY,1,2026-08-18 23:30:00,2026-08-21 08:30:00,1,127400,127400.0,57.0,0,0,,unavailable_no_historical_vehicle_availability_denominator,reservation.assigned_vehicle_id = vehicle.id,strong_direct_fk_but_sparse,observed_aggregate_plus_formula
9053,1944,24년 더 뉴 쏘렌토 4륜(7인/휘),SUV,1,2026-08-18 08:00:00,2026-08-20 04:00:00,1,74981,74981.0,44.0,0,0,,unavailable_no_historical_vehicle_availability_denominator,reservation.assigned_vehicle_id = vehicle.id,strong_direct_fk_but_sparse,observed_aggregate_plus_formula
9062,1942,24년 더 뉴 아반떼(휘),COMPACT,1,2026-08-18 06:30:00,2026-08-20 06:00:00,1,44000,44000.0,47.5,0,0,,unavailable_no_historical_vehicle_availability_denominator,reservation.assigned_vehicle_id = vehicle.id,strong_direct_fk_but_sparse,observed_aggregate_plus_formula
9074,1934,24년 BMW 미니 컨버터블(휘),IMPORTED,1,2026-05-28 23:00:00,2026-05-29 22:30:00,1,73150,73150.0,23.5,0,0,,unavailable_no_historical_vehicle_availability_denominator,reservation.assigned_vehicle_id = vehicle.id,strong_direct_fk_but_sparse,observed_aggregate_plus_formula
9084,1943,24년 디올뉴 싼타페 4륜(7인/휘),SUV,1,2026-08-18 23:00:00,2026-08-21 11:00:00,1,120000,120000.0,60.0,0,0,,unavailable_no_historical_vehicle_availability_denominator,reservation.assigned_vehicle_id = vehicle.id,strong_direct_fk_but_sparse,observed_aggregate_plus_formula
9104,1977,24년 코나(휘),SUV,1,2026-08-18 06:00:00,2026-08-20 04:00:00,1,50700,50700.0,46.0,0,0,,unavailable_no_historical_vehicle_availability_denominator,reservation.assigned_vehicle_id = vehicle.id,strong_direct_fk_but_sparse,observed_aggregate_plus_formula
9106,1977,24년 코나(휘),SUV,1,2026-08-18 23:00:00,2026-08-22 06:00:00,1,100240,100240.0,79.0,0,0,,unavailable_no_historical_vehicle_availability_denominator,reservation.assigned_vehicle_id = vehicle.id,strong_direct_fk_but_sparse,observed_aggregate_plus_formula
11402,2099,25년 EV3(전기),EV,1,2026-08-18 06:00:00,2026-08-20 10:00:00,1,123930,123930.0,52.0,0,0,,unavailable_no_historical_vehicle_availability_denominator,reservation.assigned_vehicle_id = vehicle.id,strong_direct_fk_but_sparse,observed_aggregate_plus_formula
11437,2106,25년 레이(휘),URBAN,1,2026-08-18 07:30:00,2026-08-19 23:30:00,1,56000,56000.0,40.0,0,0,,unavailable_no_historical_vehicle_availability_denominator,reservation.assigned_vehicle_id = vehicle.id,strong_direct_fk_but_sparse,observed_aggregate_plus_formula
11513,2120,25년 GV80 4륜(7인/휘),SUV,1,2026-08-18 06:30:00,2026-08-21 05:00:00,1,216000,216000.0,70.5,0,0,,unavailable_no_historical_vehicle_availability_denominator,reservation.assigned_vehicle_id = vehicle.id,strong_direct_fk_but_sparse,observed_aggregate_plus_formula
11598,2124,25년 카니발리무진 7인승(경유),RV,1,2026-08-18 06:30:00,2026-08-25 06:30:00,1,260000,260000.0,168.0,0,0,,unavailable_no_historical_vehicle_availability_denominator,reservation.assigned_vehicle_id = vehicle.id,strong_direct_fk_but_sparse,observed_aggregate_plus_formula
11628,2106,25년 레이(휘),URBAN,1,2026-08-18 06:30:00,2026-08-22 11:00:00,1,107610,107610.0,100.5,0,0,,unavailable_no_historical_vehicle_availability_denominator,reservation.assigned_vehicle_id = vehicle.id,strong_direct_fk_but_sparse,observed_aggregate_plus_formula
11631,2106,25년 레이(휘),URBAN,1,2026-08-18 08:00:00,2026-08-22 00:00:00,1,84000,84000.0,88.0,0,0,,unavailable_no_historical_vehicle_availability_denominator,reservation.assigned_vehicle_id = vehicle.id,strong_direct_fk_but_sparse,observed_aggregate_plus_formula
11657,2143,25년 투싼 하이브리드 4륜(휘),SUV,1,2026-08-18 09:30:00,2026-08-21 04:30:00,1,110677,110677.0,67.0,0,0,,unavailable_no_historical_vehicle_availability_denominator,reservation.assigned_vehicle_id = vehicle.id,strong_direct_fk_but_sparse,observed_aggregate_plus_formula
11873,2155,25년 아반떼 하이브리드(휘),COMPACT,1,2026-08-18 23:00:00,2026-08-21 03:30:00,1,59400,59400.0,52.5,0,0,,unavailable_no_historical_vehicle_availability_denominator,reservation.assigned_vehicle_id = vehicle.id,strong_direct_fk_but_sparse,observed_aggregate_plus_formula
12028,2155,25년 아반떼 하이브리드(휘),COMPACT,1,2025-10-22 05:00:00,2025-10-25 00:00:00,1,79700,79700.0,67.0,1,343,,unavailable_no_historical_vehicle_availability_denominator,reservation.assigned_vehicle_id = vehicle.id,strong_direct_fk_but_sparse,observed_aggregate_plus_formula
12087,1864,20년 쏘나타DN8(LPG),MIDSIZE,1,2026-08-18 07:00:00,2026-08-20 02:30:00,1,52500,52500.0,43.5,0,0,,unavailable_no_historical_vehicle_availability_denominator,reservation.assigned_vehicle_id = vehicle.id,strong_direct_fk_but_sparse,observed_aggregate_plus_formula
12091,1864,20년 쏘나타DN8(LPG),MIDSIZE,1,2026-08-18 08:30:00,2026-08-23 08:30:00,1,131250,131250.0,120.0,0,0,,unavailable_no_historical_vehicle_availability_denominator,reservation.assigned_vehicle_id = vehicle.id,strong_direct_fk_but_sparse,observed_aggregate_plus_formula
12094,1873,20년 K5(LPG),MIDSIZE,1,2026-08-18 08:30:00,2026-08-22 08:30:00,1,91000,91000.0,96.0,0,0,,unavailable_no_historical_vehicle_availability_denominator,reservation.assigned_vehicle_id = vehicle.id,strong_direct_fk_but_sparse,observed_aggregate_plus_formula
12096,1873,20년 K5(LPG),MIDSIZE,1,2026-08-18 07:00:00,2026-08-20 00:00:00,1,45500,45500.0,41.0,0,0,,unavailable_no_historical_vehicle_availability_denominator,reservation.assigned_vehicle_id = vehicle.id,strong_direct_fk_but_sparse,observed_aggregate_plus_formula
12098,1873,20년 K5(LPG),MIDSIZE,1,2026-08-18 09:30:00,2026-08-21 00:00:00,1,68250,68250.0,62.5,0,0,,unavailable_no_historical_vehicle_availability_denominator,reservation.assigned_vehicle_id = vehicle.id,strong_direct_fk_but_sparse,observed_aggregate_plus_formula
12100,1873,20년 K5(LPG),MIDSIZE,1,2026-08-18 11:00:00,2026-08-24 10:00:00,1,192150,192150.0,143.0,0,0,,unavailable_no_historical_vehicle_availability_denominator,reservation.assigned_vehicle_id = vehicle.id,strong_direct_fk_but_sparse,observed_aggregate_plus_formula
12102,1873,20년 K5(LPG),MIDSIZE,1,2026-08-18 23:00:00,2026-08-21 07:00:00,1,63115,63115.0,56.0,0,0,,unavailable_no_historical_vehicle_availability_denominator,reservation.assigned_vehicle_id = vehicle.id,strong_direct_fk_but_sparse,observed_aggregate_plus_formula
12255,2252,26년 BMW 420i 컨버터블(휘),IMPORTED,1,2026-08-18 07:00:00,2026-08-21 05:00:00,1,247500,247500.0,70.0,0,0,,unavailable_no_historical_vehicle_availability_denominator,reservation.assigned_vehicle_id = vehicle.id,strong_direct_fk_but_sparse,observed_aggregate_plus_formula
12272,2257,26년 카니발리무진 7인승(휘),RV,1,2026-08-18 11:30:00,2026-08-20 04:30:00,1,128000,128000.0,41.0,0,0,,unavailable_no_historical_vehicle_availability_denominator,reservation.assigned_vehicle_id = vehicle.id,strong_direct_fk_but_sparse,observed_aggregate_plus_formula
12577,2291,26년 더 K5 하이브리드(휘),MIDSIZE,1,2026-08-18 11:30:00,2026-08-20 11:00:00,1,62400,62400.0,47.5,0,0,,unavailable_no_historical_vehicle_availability_denominator,reservation.assigned_vehicle_id = vehicle.id,strong_direct_fk_but_sparse,observed_aggregate_plus_formula
12591,2290,26년 더 K5 고급형 (휘),MIDSIZE,1,2026-08-18 07:00:00,2026-08-21 07:00:00,1,77550,77550.0,72.0,0,0,,unavailable_no_historical_vehicle_availability_denominator,reservation.assigned_vehicle_id = vehicle.id,strong_direct_fk_but_sparse,observed_aggregate_plus_formula
12610,2295,26년 아반떼(휘),COMPACT,1,2026-08-18 11:30:00,2026-08-22 06:30:00,1,123966,123966.0,91.0,0,0,,unavailable_no_historical_vehicle_availability_denominator,reservation.assigned_vehicle_id = vehicle.id,strong_direct_fk_but_sparse,observed_aggregate_plus_formula
12615,2295,26년 아반떼(휘),COMPACT,1,2026-08-18 08:30:00,2026-08-23 08:30:00,1,115500,115500.0,120.0,0,0,,unavailable_no_historical_vehicle_availability_denominator,reservation.assigned_vehicle_id = vehicle.id,strong_direct_fk_but_sparse,observed_aggregate_plus_formula
12631,2288,26년 스포티지 4륜(휘),SUV,1,2026-08-18 10:00:00,2026-08-22 00:00:00,1,188200,188200.0,86.0,0,0,,unavailable_no_historical_vehicle_availability_denominator,reservation.assigned_vehicle_id = vehicle.id,strong_direct_fk_but_sparse,observed_aggregate_plus_formula
12633,2297,26년 더 K5(휘),MIDSIZE,1,2026-08-18 23:00:00,2026-08-20 11:00:00,1,45100,45100.0,36.0,0,0,,unavailable_no_historical_vehicle_availability_denominator,reservation.assigned_vehicle_id = vehicle.id,strong_direct_fk_but_sparse,observed_aggregate_plus_formula
