vehicle_model_id,model_name,vehicle_class,all_reservation_count,valid_reservation_count,canceled_reservation_count,pending_reservation_count,first_pickup_at_utc,last_observed_dropoff_at_utc,valid_rows_with_final_price,valid_booked_final_price_krw_sum_proxy,average_booked_final_price_krw_formula,valid_booked_rental_hours_sum,valid_joined_vehicle_count_reserved_or_assigned,customer_insurance_fee_krw_sum_not_cost,true_utilization_rate,true_utilization_status,join_method,classification
1844,16/18년 올뉴그랜드카니발11인(경유),RV,8293,5392,2708,193,2019-01-01 06:00:00,2025-12-31 14:59:00,5388,844478374,156733.18002969562,332909.22,26,29250870,,unavailable_no_historical_model_fleet_denominator,reservation.vehicle_model_id = vehicle_model.id,observed_aggregate_plus_formula
1843,16/18년 올뉴카니발9인(경유),RV,26112,17731,7794,587,2018-12-31 23:00:00,2029-04-30 11:00:00,17728,2709650806,152845.82615072202,1104435.33,65,106696090,,unavailable_no_historical_model_fleet_denominator,reservation.vehicle_model_id = vehicle_model.id,observed_aggregate_plus_formula
2024,16년 싼타페DM5인[경유],CITY,1629,1110,500,19,2019-01-01 03:30:00,2023-12-31 00:00:00,1110,178566367,160870.6009009009,66685.08,4,12005440,,unavailable_no_historical_model_fleet_denominator,reservation.vehicle_model_id = vehicle_model.id,observed_aggregate_plus_formula
2022,16년 올뉴K5[LPG],CITY,22486,16686,5453,347,2018-12-31 23:00:00,2023-12-31 14:59:00,16686,1402280655,84039.35364976627,1026915.92,83,73475710,,unavailable_no_historical_model_fleet_denominator,reservation.vehicle_model_id = vehicle_model.id,observed_aggregate_plus_formula
2043,16년 올뉴K7[휘],CITY,2099,1444,628,27,2019-01-01 01:00:00,2023-01-31 00:00:00,1444,189299606,131093.90997229918,82171.83,6,14467900,,unavailable_no_historical_model_fleet_denominator,reservation.vehicle_model_id = vehicle_model.id,observed_aggregate_plus_formula
2045,17/18 i30[휘],CITY,3315,2249,1011,55,2019-01-01 01:00:00,2022-12-31 00:00:00,2249,163178629,72556.08225878168,132251.42,10,9320810,,unavailable_no_historical_model_fleet_denominator,reservation.vehicle_model_id = vehicle_model.id,observed_aggregate_plus_formula
2025,17/18 쏘나타뉴라이즈[휘],CITY,6406,4701,1589,116,2018-12-31 23:00:00,2024-01-31 00:00:00,4701,496231763,105558.7668581153,281393.38,15,27912510,,unavailable_no_historical_model_fleet_denominator,reservation.vehicle_model_id = vehicle_model.id,observed_aggregate_plus_formula
1979,17~19년 그랜져IG[LPG],CITY,5103,3667,1320,116,2019-01-01 02:00:00,2024-12-31 14:59:00,3667,468082974,127647.38860103628,217426.33,10,25141400,,unavailable_no_historical_model_fleet_denominator,reservation.vehicle_model_id = vehicle_model.id,observed_aggregate_plus_formula
1981,17년 올뉴스포티지[경유],CITY,2645,1879,726,40,2019-01-01 01:45:00,2024-12-31 00:00:00,1879,238651854,127010.03406067057,109801.67,7,10081850,,unavailable_no_historical_model_fleet_denominator,reservation.vehicle_model_id = vehicle_model.id,observed_aggregate_plus_formula
1980,17년 올뉴쏘렌토5인[경유],CITY,3638,2471,1092,75,2018-12-31 23:30:00,2024-12-31 00:00:00,2471,377188629,152646.14690408742,145282.67,6,18647700,,unavailable_no_historical_model_fleet_denominator,reservation.vehicle_model_id = vehicle_model.id,observed_aggregate_plus_formula
1978,17년 올뉴투싼[경유],CITY,3513,2447,999,67,2018-12-31 23:30:00,2024-12-31 00:00:00,2447,307361688,125607.55537392726,143436.67,9,20302600,,unavailable_no_historical_model_fleet_denominator,reservation.vehicle_model_id = vehicle_model.id,observed_aggregate_plus_formula
1985,18/19 더뉴K5[휘],CITY,4852,3425,1335,92,2018-12-31 23:00:00,2024-12-31 00:00:00,3425,360271224,105188.67854014598,198800.0,9,14017170,,unavailable_no_historical_model_fleet_denominator,reservation.vehicle_model_id = vehicle_model.id,observed_aggregate_plus_formula
1983,18/19 쏘나타뉴라이즈[LPG],CITY,12987,9363,3417,207,2018-12-31 23:00:00,2024-12-31 00:00:00,9363,890648747,95124.29210723059,570392.32,25,37800050,,unavailable_no_historical_model_fleet_denominator,reservation.vehicle_model_id = vehicle_model.id,observed_aggregate_plus_formula
1849,18/19년 그랜져IG(휘),LUXURY,5290,3894,1289,107,2018-12-31 23:00:00,2025-12-31 14:59:00,3893,488681139,125528.16311328024,229495.57,13,26334200,,unavailable_no_historical_model_fleet_denominator,reservation.vehicle_model_id = vehicle_model.id,observed_aggregate_plus_formula
1846,18/19년 쏠라티(15인/경유),RV,3161,1677,1341,143,2019-01-02 04:30:00,2026-08-19 04:00:00,1674,630825338,376837.11947431305,94218.62,7,95314000,,unavailable_no_historical_model_fleet_denominator,reservation.vehicle_model_id = vehicle_model.id,observed_aggregate_plus_formula
1855,18/19년 올뉴 K3(휘),COMPACT,3346,2285,985,76,2019-01-01 00:00:00,2025-12-31 14:59:00,2285,181502728,79432.26608315099,127134.75,11,6669750,,unavailable_no_historical_model_fleet_denominator,reservation.vehicle_model_id = vehicle_model.id,observed_aggregate_plus_formula
1964,18년 뉴k3(휘),COMPACT,195,142,46,7,2024-06-21 03:00:00,2025-12-31 00:00:00,142,9771004,68809.88732394367,8212.52,2,44800,,unavailable_no_historical_model_fleet_denominator,reservation.vehicle_model_id = vehicle_model.id,observed_aggregate_plus_formula
1852,18년 뉴레이(휘),URBAN,12896,8901,3669,326,2019-01-01 00:00:00,2025-12-31 14:59:00,8896,588803501,66187.4439073741,520984.37,42,18701360,,unavailable_no_historical_model_fleet_denominator,reservation.vehicle_model_id = vehicle_model.id,observed_aggregate_plus_formula
1965,18년 더뉴k5(LPG),MIDSIZE,270,171,82,17,2024-06-21 03:00:00,2025-05-31 00:00:00,171,21429248,125317.23976608187,11258.28,8,207400,,unavailable_no_historical_model_fleet_denominator,reservation.vehicle_model_id = vehicle_model.id,observed_aggregate_plus_formula
1966,18년 모닝(휘),URBAN,422,260,134,28,2024-06-21 03:00:00,2025-12-31 00:00:00,259,18215453,70329.93436293436,15683.32,5,83600,,unavailable_no_historical_model_fleet_denominator,reservation.vehicle_model_id = vehicle_model.id,observed_aggregate_plus_formula
1961,18년 스토닉(휘),SUV,199,138,49,12,2024-06-22 01:00:00,2025-02-28 03:00:00,138,16458973,119267.92028985507,8608.27,9,47200,,unavailable_no_historical_model_fleet_denominator,reservation.vehicle_model_id = vehicle_model.id,observed_aggregate_plus_formula
1962,18년 쏘나타뉴라이즈(LPG),MIDSIZE,200,142,53,5,2024-06-21 08:30:00,2025-05-31 00:00:00,142,19429847,136829.9084507042,9305.52,10,86400,,unavailable_no_historical_model_fleet_denominator,reservation.vehicle_model_id = vehicle_model.id,observed_aggregate_plus_formula
1963,18년 쏘나타뉴라이즈(휘),MIDSIZE,257,187,58,12,2024-06-20 00:00:00,2025-05-31 00:00:00,187,24494735,130987.88770053476,11839.33,10,123800,,unavailable_no_historical_model_fleet_denominator,reservation.vehicle_model_id = vehicle_model.id,observed_aggregate_plus_formula
1850,18년 아이오닉(전기),EV,18145,13730,4192,223,2018-12-31 23:00:00,2026-01-16 11:00:00,13730,735334609,53556.78142753096,847049.72,118,28127010,,unavailable_no_historical_model_fleet_denominator,reservation.vehicle_model_id = vehicle_model.id,observed_aggregate_plus_formula
1853,18년 올뉴 쏘렌토(7인/경유),SUV,2153,1425,681,47,2018-12-31 23:00:00,2025-12-31 14:59:00,1425,223126573,156580.05122807017,86035.58,3,9870600,,unavailable_no_historical_model_fleet_denominator,reservation.vehicle_model_id = vehicle_model.id,observed_aggregate_plus_formula
1847,18년 올뉴카니발리무진7인(경유),RV,6053,4155,1729,169,2019-01-01 00:00:00,2026-12-31 14:59:00,4150,838299619,201999.90819277108,255500.82,10,29459000,,unavailable_no_historical_model_fleet_denominator,reservation.vehicle_model_id = vehicle_model.id,observed_aggregate_plus_formula
1848,18년 코나(휘),SUV,8739,6484,2059,196,2018-12-31 23:00:00,2025-12-31 14:55:00,6481,745913146,115092.29223885202,395885.63,23,33152560,,unavailable_no_historical_model_fleet_denominator,reservation.vehicle_model_id = vehicle_model.id,observed_aggregate_plus_formula
1967,18년 티볼리 아머(휘),SUV,182,125,40,17,2024-06-21 03:00:00,2025-05-31 00:00:00,125,13490554,107924.432,7756.45,5,68200,,unavailable_no_historical_model_fleet_denominator,reservation.vehicle_model_id = vehicle_model.id,observed_aggregate_plus_formula
1862,19/20년 머스탱 컨버터블(휘),IMPORTED,2772,1712,922,138,2019-05-23 00:00:00,2026-12-31 14:59:00,1711,358225948,209366.42197545295,85866.0,7,57104400,,unavailable_no_historical_model_fleet_denominator,reservation.vehicle_model_id = vehicle_model.id,observed_aggregate_plus_formula
1856,19년 G80(휘),LUXURY,1409,954,414,41,2019-01-10 01:00:00,2025-12-31 14:59:00,954,170189270,178395.4612159329,52360.58,3,29407570,,unavailable_no_historical_model_fleet_denominator,reservation.vehicle_model_id = vehicle_model.id,observed_aggregate_plus_formula
1988,19년 뉴SM3 ZE[전기],CITY,10122,6461,3353,308,2019-09-03 00:00:00,2024-12-31 00:00:00,6461,533567967,82582.87679925708,395464.12,36,8044800,,unavailable_no_historical_model_fleet_denominator,reservation.vehicle_model_id = vehicle_model.id,observed_aggregate_plus_formula
1865,19년 더뉴 아반떼(휘),COMPACT,7790,5463,2128,199,2019-08-05 00:00:00,2025-12-31 14:59:00,5463,466577093,85406.75324913052,311433.92,11,23682431,,unavailable_no_historical_model_fleet_denominator,reservation.vehicle_model_id = vehicle_model.id,observed_aggregate_plus_formula
1854,19년 더뉴그랜드스타렉스12인(경유),RV,4353,2645,1620,88,2018-12-31 23:30:00,2026-08-20 10:00:00,2644,406663845,153806.2953857791,158113.0,25,22868300,,unavailable_no_historical_model_fleet_denominator,reservation.vehicle_model_id = vehicle_model.id,observed_aggregate_plus_formula
1859,19년 더뉴카니발리무진7인(경유),RV,5347,3644,1529,174,2019-03-22 00:00:00,2026-12-31 14:59:00,3639,786954956,216255.8274251168,225971.12,9,21978970,,unavailable_no_historical_model_fleet_denominator,reservation.vehicle_model_id = vehicle_model.id,observed_aggregate_plus_formula
1860,19년 더뉴카니발하이리무진7인(경유),RV,3586,2428,1036,122,2019-04-08 00:00:00,2026-12-31 11:00:00,2423,624592807,257776.64341725135,147580.58,6,15741070,,unavailable_no_historical_model_fleet_denominator,reservation.vehicle_model_id = vehicle_model.id,observed_aggregate_plus_formula
1867,19년 베뉴(휘),SUV,3192,2274,861,57,2019-10-31 00:00:00,2025-12-31 14:59:00,2274,301818817,132725.95294635004,137258.67,11,8600500,,unavailable_no_historical_model_fleet_denominator,reservation.vehicle_model_id = vehicle_model.id,observed_aggregate_plus_formula
1861,19년 벤츠 E클래스 카브리올레[경유],IMPORTED,2478,1590,749,139,2019-04-26 00:00:00,2025-12-31 14:59:00,1589,425693999,267900.56576463184,78899.42,3,72913070,,unavailable_no_historical_model_fleet_denominator,reservation.vehicle_model_id = vehicle_model.id,observed_aggregate_plus_formula
1858,19년 싼타페TM 2륜 (5인/경유),SUV,4477,3232,1148,97,2019-03-21 09:00:00,2025-12-31 14:59:00,3232,544116779,168352.96379950494,196697.0,8,16340500,,unavailable_no_historical_model_fleet_denominator,reservation.vehicle_model_id = vehicle_model.id,observed_aggregate_plus_formula
1857,19년 쏘울 부스터(휘),COMPACT,3821,2729,985,107,2019-03-06 15:00:00,2027-03-22 11:00:00,2729,253143920,92760.68889703188,162522.52,7,8020870,,unavailable_no_historical_model_fleet_denominator,reservation.vehicle_model_id = vehicle_model.id,observed_aggregate_plus_formula
1851,19년 엑센트(휘),URBAN,6874,4801,1968,105,2019-01-01 00:30:00,2025-12-31 14:59:00,4801,357697312,74504.75151010207,284073.67,23,18804050,,unavailable_no_historical_model_fleet_denominator,reservation.vehicle_model_id = vehicle_model.id,observed_aggregate_plus_formula
2225,19년 올뉴K3(휘),COMPACT,837,678,105,54,2025-06-18 00:00:00,2026-12-31 00:00:00,677,47065151,69520.16395864106,45623.97,10,0,,unavailable_no_historical_model_fleet_denominator,reservation.vehicle_model_id = vehicle_model.id,observed_aggregate_plus_formula
1996,19년 팰리세이드 8인승 4륜[경유],CITY,1500,1068,382,50,2020-12-31 00:30:00,2024-12-31 00:00:00,1068,222819677,208632.6563670412,66562.08,4,1776700,,unavailable_no_historical_model_fleet_denominator,reservation.vehicle_model_id = vehicle_model.id,observed_aggregate_plus_formula
1987,19년 팰리세이드 8인승[경유],CITY,4036,2680,1276,80,2019-03-13 00:00:00,2024-12-31 00:00:00,2680,512978902,191410.0380597015,161156.33,12,21009840,,unavailable_no_historical_model_fleet_denominator,reservation.vehicle_model_id = vehicle_model.id,observed_aggregate_plus_formula
1878,20/21년 BMW Z4 로드스터(휘),IMPORTED,2806,1982,704,120,2020-08-01 00:00:00,2026-08-25 11:00:00,1980,489273762,247107.9606060606,95981.6,5,52190400,,unavailable_no_historical_model_fleet_denominator,reservation.vehicle_model_id = vehicle_model.id,observed_aggregate_plus_formula
2046,2016 올뉴모닝[휘],CITY,7610,5361,2136,113,2018-12-31 23:00:00,2022-12-31 00:00:00,5361,300783118,56105.78586084686,307828.2,22,19240870,,unavailable_no_historical_model_fleet_denominator,reservation.vehicle_model_id = vehicle_model.id,observed_aggregate_plus_formula
2023,2017 더뉴K3[휘],CITY,5840,4084,1653,103,2018-12-31 23:00:00,2024-01-31 00:00:00,4084,299274839,73279.83325171401,231932.87,17,13978200,,unavailable_no_historical_model_fleet_denominator,reservation.vehicle_model_id = vehicle_model.id,observed_aggregate_plus_formula
1982,2018 더뉴모하비7인(4WD)[경유],CITY,1411,948,422,41,2018-12-31 23:00:00,2024-12-31 14:59:00,948,159076019,167801.70780590718,54201.25,4,7930700,,unavailable_no_historical_model_fleet_denominator,reservation.vehicle_model_id = vehicle_model.id,observed_aggregate_plus_formula
2060,2018 스토닉[휘],CITY,1000,674,314,12,2019-01-02 04:00:00,2021-12-31 00:00:00,674,62839234,93233.28486646885,40674.17,6,5593500,,unavailable_no_historical_model_fleet_denominator,reservation.vehicle_model_id = vehicle_model.id,observed_aggregate_plus_formula
1984,2018 싼타페TM (2WD)[경유],CITY,2582,1767,754,61,2018-12-31 23:00:00,2024-12-31 00:00:00,1767,280021672,158472.9326542162,105736.02,11,19503070,,unavailable_no_historical_model_fleet_denominator,reservation.vehicle_model_id = vehicle_model.id,observed_aggregate_plus_formula
2047,2018년 뉴모닝[휘],CITY,5754,4005,1670,79,2018-12-31 23:00:00,2022-12-31 00:00:00,4005,233666951,58343.80799001249,225297.5,15,13172620,,unavailable_no_historical_model_fleet_denominator,reservation.vehicle_model_id = vehicle_model.id,observed_aggregate_plus_formula
2084,2019 QM6 5인(4WD/썬루프)[경유],CITY,491,326,161,4,2019-03-28 00:00:00,2020-10-14 11:00:00,326,40448522,124075.2208588957,18907.08,3,2935400,,unavailable_no_historical_model_fleet_denominator,reservation.vehicle_model_id = vehicle_model.id,observed_aggregate_plus_formula
2098,2019 뉴엑센트[휘],CITY,38,20,18,0,2019-07-05 09:00:00,2019-08-18 09:30:00,20,1049940,52497.0,1043.0,10,106000,,unavailable_no_historical_model_fleet_denominator,reservation.vehicle_model_id = vehicle_model.id,observed_aggregate_plus_formula
1986,2019 더뉴K5[LPG],CITY,4458,3038,1341,79,2019-03-07 00:00:00,2024-12-31 00:00:00,3038,285310151,93913.80875576037,177275.03,8,7842040,,unavailable_no_historical_model_fleet_denominator,reservation.vehicle_model_id = vehicle_model.id,observed_aggregate_plus_formula
2083,"2019 팰리세이드 8인(4WD,썬루프)[경유]",CITY,10,0,10,0,2019-03-21 00:00:00,2019-06-09 00:00:00,0,0,,0.0,0,0,,unavailable_no_historical_model_fleet_denominator,reservation.vehicle_model_id = vehicle_model.id,observed_aggregate_plus_formula
2097,2019그랜드스타렉스하이리무진6인[경유],CITY,91,49,39,3,2019-05-24 00:00:00,2020-06-30 00:00:00,49,10912002,222693.91836734695,2671.0,1,1726000,,unavailable_no_historical_model_fleet_denominator,reservation.vehicle_model_id = vehicle_model.id,observed_aggregate_plus_formula
2048,2020 BMW 430 i컨버터블(휘),CITY,947,600,325,22,2020-07-01 00:00:00,2023-12-31 00:00:00,600,202224637,337041.06166666665,32365.5,4,38939670,,unavailable_no_historical_model_fleet_denominator,reservation.vehicle_model_id = vehicle_model.id,observed_aggregate_plus_formula
1991,2020 뉴 코란도(휘발유),CITY,3382,2512,795,75,2020-06-14 00:00:00,2024-12-31 00:00:00,2512,389792686,155172.24761146496,167181.42,10,9282800,,unavailable_no_historical_model_fleet_denominator,reservation.vehicle_model_id = vehicle_model.id,observed_aggregate_plus_formula
1990,2020 뉴SM3 ZE RE(최고급형),CITY,17496,12118,5007,371,2020-06-03 00:00:00,2024-12-31 00:00:00,12118,1297464763,107069.2162898168,780189.42,42,18623980,,unavailable_no_historical_model_fleet_denominator,reservation.vehicle_model_id = vehicle_model.id,observed_aggregate_plus_formula
2064,2020 더 뉴K9(AWD),CITY,8,2,4,2,2020-11-02 00:00:00,2021-02-28 00:00:00,2,537510,268755.0,104.5,1,0,,unavailable_no_historical_model_fleet_denominator,reservation.vehicle_model_id = vehicle_model.id,observed_aggregate_plus_formula
1992,2020 베리뉴티볼리(휘발유),CITY,4421,3359,942,120,2020-06-13 00:00:00,2024-12-31 00:00:00,3359,450350461,134072.7779100923,211941.78,16,6987000,,unavailable_no_historical_model_fleet_denominator,reservation.vehicle_model_id = vehicle_model.id,observed_aggregate_plus_formula
1989,2020 스포티지 더볼드(휘),CITY,3050,2253,719,78,2020-02-18 00:00:00,2024-10-24 09:30:00,2253,326713146,145012.49267643143,143254.53,6,8447500,,unavailable_no_historical_model_fleet_denominator,reservation.vehicle_model_id = vehicle_model.id,observed_aggregate_plus_formula
1993,2020 팰리세이드(휘발유),CITY,2553,1718,754,81,2020-08-15 02:30:00,2024-10-25 08:30:00,1718,359392284,209192.24912689172,105817.88,5,5767600,,unavailable_no_historical_model_fleet_denominator,reservation.vehicle_model_id = vehicle_model.id,observed_aggregate_plus_formula
1998,2021 4세대 쏘렌토 하이브리드(휘),CITY,1418,962,409,47,2021-04-20 00:00:00,2024-10-30 01:00:00,962,191001338,198546.0893970894,59385.67,3,1651400,,unavailable_no_historical_model_fleet_denominator,reservation.vehicle_model_id = vehicle_model.id,observed_aggregate_plus_formula
2069,2021 4세대 카니발 6인승(경유),CITY,64,36,25,3,2021-07-13 23:00:00,2021-11-30 00:00:00,36,13913023,386472.8611111111,3117.0,5,10100,,unavailable_no_historical_model_fleet_denominator,reservation.vehicle_model_id = vehicle_model.id,observed_aggregate_plus_formula
1995,2021 4세대투싼 하이브리드(휘),CITY,1994,1478,449,67,2020-12-23 01:00:00,2024-10-27 10:30:00,1478,266431193,180264.67726657644,92363.92,5,2391840,,unavailable_no_historical_model_fleet_denominator,reservation.vehicle_model_id = vehicle_model.id,observed_aggregate_plus_formula
2026,2021 BMW 520i M스포츠(휘발유),CITY,440,298,126,16,2020-10-30 00:00:00,2023-12-31 00:00:00,298,86640800,290740.93959731545,16537.17,4,19987000,,unavailable_no_historical_model_fleet_denominator,reservation.vehicle_model_id = vehicle_model.id,observed_aggregate_plus_formula
1994,2021 BMW 미니쿠퍼 컨버터블(휘),CITY,1024,657,324,43,2020-11-27 00:00:00,2024-10-17 11:00:00,657,114890193,174870.91780821918,35937.92,2,18662200,,unavailable_no_historical_model_fleet_denominator,reservation.vehicle_model_id = vehicle_model.id,observed_aggregate_plus_formula
2034,2021 베뉴(휘),CITY,1031,780,240,11,2021-04-23 00:00:00,2023-12-31 00:00:00,780,133932552,171708.4,49771.58,5,1353200,,unavailable_no_historical_model_fleet_denominator,reservation.vehicle_model_id = vehicle_model.id,observed_aggregate_plus_formula
1997,2021 소나타DN8(LPG),CITY,2648,1812,773,63,2021-03-22 00:00:00,2024-11-17 05:00:00,1812,236223134,130365.96799116998,105074.25,5,3199200,,unavailable_no_historical_model_fleet_denominator,reservation.vehicle_model_id = vehicle_model.id,observed_aggregate_plus_formula
2027,2021 아우디A6(휘발유),CITY,440,296,123,21,2020-11-03 00:00:00,2023-12-31 14:59:00,296,90975266,307348.8716216216,17578.25,4,14553400,,unavailable_no_historical_model_fleet_denominator,reservation.vehicle_model_id = vehicle_model.id,observed_aggregate_plus_formula
2067,2021 제네시스 G80 4륜(휘),CITY,14,5,7,2,2021-04-22 00:00:00,2021-12-05 03:00:00,5,1612000,322400.0,221.5,2,120000,,unavailable_no_historical_model_fleet_denominator,reservation.vehicle_model_id = vehicle_model.id,observed_aggregate_plus_formula
2065,"2021 제네시스 GV80 AWD (7인승, 휘발유)",CITY,189,119,67,3,2020-11-16 00:00:00,2021-09-24 06:00:00,119,41412745,348006.2605042017,7023.67,2,11820000,,unavailable_no_historical_model_fleet_denominator,reservation.vehicle_model_id = vehicle_model.id,observed_aggregate_plus_formula
2028,2021 지프 랭글러 루비콘 파워탑(휘),CITY,968,673,257,38,2020-12-23 00:00:00,2023-12-31 00:00:00,673,223156253,331584.32838038635,34448.58,4,32705200,,unavailable_no_historical_model_fleet_denominator,reservation.vehicle_model_id = vehicle_model.id,observed_aggregate_plus_formula
2033,2021 포르쉐 카이엔(휘),CITY,88,47,36,5,2021-04-16 05:00:00,2023-12-31 00:00:00,47,54907089,1168235.9361702127,2756.5,1,7680000,,unavailable_no_historical_model_fleet_denominator,reservation.vehicle_model_id = vehicle_model.id,observed_aggregate_plus_formula
2031,2021 포르쉐 타이칸(전기),CITY,157,92,52,13,2021-04-16 00:00:00,2023-12-31 14:59:00,92,98508980,1070749.7826086956,3908.5,2,12630000,,unavailable_no_historical_model_fleet_denominator,reservation.vehicle_model_id = vehicle_model.id,observed_aggregate_plus_formula
2030,2021 포르쉐 파나메라(휘),CITY,111,68,41,2,2021-04-09 00:00:00,2023-12-31 00:00:00,68,65928480,969536.4705882353,3177.0,2,9255000,,unavailable_no_historical_model_fleet_denominator,reservation.vehicle_model_id = vehicle_model.id,observed_aggregate_plus_formula
1999,2022 뉴레이(풀옵션)(휘),CITY,3739,2587,1037,115,2022-01-07 07:00:00,2024-10-26 00:30:00,2587,214252457,82818.88558175493,161232.07,10,2114200,,unavailable_no_historical_model_fleet_denominator,reservation.vehicle_model_id = vehicle_model.id,observed_aggregate_plus_formula
2036,2022 프리우스 하이브리드(휘),CITY,66,46,15,5,2022-07-27 00:00:00,2023-12-31 00:00:00,46,10474969,227716.71739130435,3319.5,5,10100,,unavailable_no_historical_model_fleet_denominator,reservation.vehicle_model_id = vehicle_model.id,observed_aggregate_plus_formula
2001,2022년  QM6(휘),CITY,1941,1469,409,63,2022-06-01 01:30:00,2024-10-17 10:00:00,1469,202082774,137564.85636487405,96782.63,10,1188400,,unavailable_no_historical_model_fleet_denominator,reservation.vehicle_model_id = vehicle_model.id,observed_aggregate_plus_formula
2003,2023 스포티지 LPG(LPG),CITY,853,641,184,28,2022-11-13 02:00:00,2024-11-17 07:00:00,641,76536472,119401.67238689547,40108.87,5,547700,,unavailable_no_historical_model_fleet_denominator,reservation.vehicle_model_id = vehicle_model.id,observed_aggregate_plus_formula
2004,2023 스포티지 하이브리드(휘),CITY,1437,1013,359,65,2022-11-16 01:30:00,2024-11-23 11:00:00,1013,126621076,124996.1263573544,63226.78,6,1338300,,unavailable_no_historical_model_fleet_denominator,reservation.vehicle_model_id = vehicle_model.id,observed_aggregate_plus_formula
2005,2023 싼타페 하이브리드(휘),CITY,1271,898,326,47,2022-10-30 05:10:00,2024-11-06 07:30:00,898,121789865,135623.45768374164,55335.55,5,940900,,unavailable_no_historical_model_fleet_denominator,reservation.vehicle_model_id = vehicle_model.id,observed_aggregate_plus_formula
2009,20년  티볼리(휘)-반려동물가능,CITY,64,50,11,3,2023-11-01 07:30:00,2024-12-30 00:00:00,50,3020809,60416.18,4115.5,3,108400,,unavailable_no_historical_model_fleet_denominator,reservation.vehicle_model_id = vehicle_model.id,observed_aggregate_plus_formula
1873,20년 K5(LPG),MIDSIZE,13880,10225,3282,373,2020-03-02 00:00:00,2026-11-25 00:00:00,10215,1192481037,116738.23171806168,660532.68,41,23174010,,unavailable_no_historical_model_fleet_denominator,reservation.vehicle_model_id = vehicle_model.id,observed_aggregate_plus_formula
2021,20년 K5(LPG) 청주지점,MIDSIZE,68,61,3,4,2024-12-01 10:00:00,2030-04-10 00:00:00,1,10000,10000.0,37684.5,5,0,,unavailable_no_historical_model_fleet_denominator,reservation.vehicle_model_id = vehicle_model.id,observed_aggregate_plus_formula
1869,20년 K5(휘),MIDSIZE,7208,5419,1563,226,2019-12-29 00:00:00,2026-12-31 11:00:00,5411,630463767,116515.20365921271,332741.97,19,15239070,,unavailable_no_historical_model_fleet_denominator,reservation.vehicle_model_id = vehicle_model.id,observed_aggregate_plus_formula
1870,20년 QM6(LPG),SUV,2378,1681,646,51,2020-01-02 00:00:00,2030-05-28 00:00:00,1681,256692248,152702.11064842355,106977.92,5,4380300,,unavailable_no_historical_model_fleet_denominator,reservation.vehicle_model_id = vehicle_model.id,observed_aggregate_plus_formula
1845,20년 SM6(휘),MIDSIZE,3045,2107,842,96,2019-01-01 03:30:00,2026-08-22 22:00:00,2106,193393880,91829.95251661919,120046.32,7,8365300,,unavailable_no_historical_model_fleet_denominator,reservation.vehicle_model_id = vehicle_model.id,observed_aggregate_plus_formula
2010,20년 뉴코란도(휘)-반려동물가능,CITY,54,39,9,6,2023-11-01 12:30:00,2024-04-30 00:00:00,39,2545981,65281.5641025641,2625.0,3,124000,,unavailable_no_historical_model_fleet_denominator,reservation.vehicle_model_id = vehicle_model.id,observed_aggregate_plus_formula
1871,20년 더 뉴 그랜저(LPG),LUXURY,4105,2938,1067,100,2020-01-23 07:30:00,2027-05-28 00:00:00,2937,443744133,151087.5495403473,172653.95,6,8229670,,unavailable_no_historical_model_fleet_denominator,reservation.vehicle_model_id = vehicle_model.id,observed_aggregate_plus_formula
1868,20년 더 뉴 그랜저(휘),LUXURY,3673,2550,1003,120,2019-12-29 00:00:00,2027-12-31 14:59:00,2545,375953506,147722.39921414538,144495.07,8,10109970,,unavailable_no_historical_model_fleet_denominator,reservation.vehicle_model_id = vehicle_model.id,observed_aggregate_plus_formula
1872,20년 베리뉴티볼리(경유),SUV,3196,2235,803,158,2020-01-23 00:00:00,2026-12-31 14:59:00,2231,253440806,113599.64410578216,137483.3,4,3927170,,unavailable_no_historical_model_fleet_denominator,reservation.vehicle_model_id = vehicle_model.id,observed_aggregate_plus_formula
1875,20년 벤츠 C클래스 카브리올레(휘),IMPORTED,2761,1955,689,117,2020-05-22 00:00:00,2026-08-25 09:00:00,1950,448257302,229875.53948717949,102260.55,5,49564200,,unavailable_no_historical_model_fleet_denominator,reservation.vehicle_model_id = vehicle_model.id,observed_aggregate_plus_formula
1866,20년 셀토스(휘),SUV,6269,4552,1522,195,2019-08-30 05:30:00,2027-05-28 00:00:00,4547,594774840,130805.99076314054,287505.63,11,9756170,,unavailable_no_historical_model_fleet_denominator,reservation.vehicle_model_id = vehicle_model.id,observed_aggregate_plus_formula
1864,20년 쏘나타DN8(LPG),MIDSIZE,6845,4924,1686,235,2019-06-28 00:00:00,2026-12-31 11:00:00,4916,490125482,99700.05736371034,294360.13,17,11937500,,unavailable_no_historical_model_fleet_denominator,reservation.vehicle_model_id = vehicle_model.id,observed_aggregate_plus_formula
1863,20년 쏘나타DN8(휘),MIDSIZE,5791,4245,1335,211,2019-06-28 00:00:00,2026-12-31 11:00:00,4239,481092700,113492.02642132579,255823.1,9,11156870,,unavailable_no_historical_model_fleet_denominator,reservation.vehicle_model_id = vehicle_model.id,observed_aggregate_plus_formula
1876,20년 올뉴k3(휘),COMPACT,9064,6492,2270,302,2020-05-28 00:00:00,2027-12-31 14:59:00,6489,568517258,87612.46077978116,399183.08,11,16431070,,unavailable_no_historical_model_fleet_denominator,reservation.vehicle_model_id = vehicle_model.id,observed_aggregate_plus_formula
1874,20년 올뉴아반떼CN7(휘),COMPACT,7094,5156,1697,241,2020-05-21 00:00:00,2026-12-31 14:59:00,5151,518365461,100633.94700058241,305137.45,21,8580370,,unavailable_no_historical_model_fleet_denominator,reservation.vehicle_model_id = vehicle_model.id,observed_aggregate_plus_formula
1879,20년 코나(전기),EV,26452,19874,6014,564,2020-09-10 00:00:00,2026-12-19 01:00:00,19828,2428915019,122499.2444522897,1467929.18,56,19988540,,unavailable_no_historical_model_fleet_denominator,reservation.vehicle_model_id = vehicle_model.id,observed_aggregate_plus_formula
1877,20년 테슬라 모델3(전기),IMPORTED,4124,2890,1102,132,2020-07-24 00:00:00,2026-08-23 01:00:00,2880,557327218,193516.39513888888,160095.88,9,69634800,,unavailable_no_historical_model_fleet_denominator,reservation.vehicle_model_id = vehicle_model.id,observed_aggregate_plus_formula
1901,21/22년 BMW 420i 컨버터블(휘),IMPORTED,2169,1535,529,105,2021-05-25 00:00:00,2026-12-31 14:59:00,1527,388970378,254728.47282252784,80305.55,5,32917000,,unavailable_no_historical_model_fleet_denominator,reservation.vehicle_model_id = vehicle_model.id,observed_aggregate_plus_formula
1899,21/22년 트레일블레이저(휘),SUV,4150,3230,794,126,2021-05-05 05:00:00,2027-05-28 00:00:00,3218,374964536,116520.98694841517,203272.55,8,2970900,,unavailable_no_historical_model_fleet_denominator,reservation.vehicle_model_id = vehicle_model.id,observed_aggregate_plus_formula
1884,21년 4세대 더올뉴투싼(휘),SUV,4168,3236,817,115,2021-01-21 00:00:00,2026-08-21 10:00:00,3230,490788239,151946.82321981425,202020.48,7,4304340,,unavailable_no_historical_model_fleet_denominator,reservation.vehicle_model_id = vehicle_model.id,observed_aggregate_plus_formula
1883,21년 4세대 쏘렌토(7인/휘),SUV,2900,2108,699,93,2021-01-12 00:00:00,2026-08-24 08:30:00,2101,381238884,181455.9181342218,130604.7,6,3482900,,unavailable_no_historical_model_fleet_denominator,reservation.vehicle_model_id = vehicle_model.id,observed_aggregate_plus_formula
1888,21년 4세대 카니발 리무진 7인승(경유),RV,4732,3233,1361,138,2021-03-16 05:00:00,2026-08-23 23:00:00,3221,887299472,275473.2915243713,197191.93,10,8716800,,unavailable_no_historical_model_fleet_denominator,reservation.vehicle_model_id = vehicle_model.id,observed_aggregate_plus_formula
1881,21년 4세대카니발 9인승(경유),RV,5899,3941,1803,155,2021-01-04 00:00:00,2026-02-08 00:00:00,3939,980605559,248947.84437674537,243101.83,15,7824850,,unavailable_no_historical_model_fleet_denominator,reservation.vehicle_model_id = vehicle_model.id,observed_aggregate_plus_formula
1887,21년 G80(휘),LUXURY,3848,2720,987,141,2021-03-12 10:30:00,2026-08-21 05:00:00,2715,550485514,202757.09539594845,151093.82,7,30486670,,unavailable_no_historical_model_fleet_denominator,reservation.vehicle_model_id = vehicle_model.id,observed_aggregate_plus_formula
1885,21년 GV70(5인/휘),SUV,2551,1853,599,99,2021-02-09 00:00:00,2026-08-22 08:30:00,1847,430686437,233181.61180292367,110521.38,6,4441600,,unavailable_no_historical_model_fleet_denominator,reservation.vehicle_model_id = vehicle_model.id,observed_aggregate_plus_formula
1897,21년 GV80(5인/휘),SUV,2261,1669,512,80,2021-04-13 10:30:00,2026-08-22 06:00:00,1667,452197697,271264.3653269346,98025.18,5,14703800,,unavailable_no_historical_model_fleet_denominator,reservation.vehicle_model_id = vehicle_model.id,observed_aggregate_plus_formula
1896,21년 K3(휘),COMPACT,7053,5278,1551,224,2021-04-13 00:00:00,2026-08-24 11:00:00,5271,521175412,98876.00303547714,337927.0,10,4596200,,unavailable_no_historical_model_fleet_denominator,reservation.vehicle_model_id = vehicle_model.id,observed_aggregate_plus_formula
1891,21년 K5(휘),MIDSIZE,5186,4074,944,168,2021-03-24 00:00:00,2026-12-31 14:59:00,4070,537069671,131958.15012285011,260385.08,10,6390740,,unavailable_no_historical_model_fleet_denominator,reservation.vehicle_model_id = vehicle_model.id,observed_aggregate_plus_formula
1900,21년 K8(LPG),LUXURY,1950,1414,466,70,2021-05-25 00:00:00,2025-12-31 14:59:00,1413,247941954,175472.0127388535,82355.67,5,1290000,,unavailable_no_historical_model_fleet_denominator,reservation.vehicle_model_id = vehicle_model.id,observed_aggregate_plus_formula
1898,21년 K8(휘),LUXURY,2128,1562,500,66,2021-04-22 00:00:00,2025-12-31 14:59:00,1562,284206860,181950.61459667093,89953.65,5,3198400,,unavailable_no_historical_model_fleet_denominator,reservation.vehicle_model_id = vehicle_model.id,observed_aggregate_plus_formula
1894,21년 QM6(휘),SUV,2752,2103,566,83,2021-04-01 00:00:00,2026-08-21 07:00:00,2102,351533370,167237.56898192197,135549.9,7,2253600,,unavailable_no_historical_model_fleet_denominator,reservation.vehicle_model_id = vehicle_model.id,observed_aggregate_plus_formula
1880,21년 더 뉴 K7(휘),LUXURY,1904,1433,402,69,2020-12-23 00:00:00,2026-02-08 00:00:00,1431,240851365,168309.82879105522,88122.33,5,2375400,,unavailable_no_historical_model_fleet_denominator,reservation.vehicle_model_id = vehicle_model.id,observed_aggregate_plus_formula
1895,21년 머스탱 컨버터블(휘),IMPORTED,1638,1116,454,68,2021-04-06 00:00:00,2026-12-31 14:59:00,1114,267266557,239916.11938958708,58441.1,3,25290270,,unavailable_no_historical_model_fleet_denominator,reservation.vehicle_model_id = vehicle_model.id,observed_aggregate_plus_formula
1889,21년 벤츠 C클래스 카브리올레(휘),IMPORTED,1677,1241,357,79,2021-03-19 00:00:00,2026-08-19 23:30:00,1236,289475921,234203.819579288,63939.78,4,20297400,,unavailable_no_historical_model_fleet_denominator,reservation.vehicle_model_id = vehicle_model.id,observed_aggregate_plus_formula
1893,21년 벤츠 더 뉴 E250(휘),IMPORTED,601,436,150,15,2021-04-03 02:30:00,2024-10-05 02:30:00,436,116349859,266857.4747706422,23554.27,2,14902600,,unavailable_no_historical_model_fleet_denominator,reservation.vehicle_model_id = vehicle_model.id,observed_aggregate_plus_formula
1886,21년 벤츠G63 AMG 지바겐(휘),SUPERCAR,447,294,120,33,2021-03-03 00:00:00,2026-12-31 14:59:00,293,321550127,1097440.7064846416,14135.87,3,25081200,,unavailable_no_historical_model_fleet_denominator,reservation.vehicle_model_id = vehicle_model.id,observed_aggregate_plus_formula
1892,21년 쏘나타DN8(휘),MIDSIZE,7494,5792,1498,204,2021-03-27 00:00:00,2026-12-31 00:00:00,5785,789841401,136532.65358686258,365117.35,15,6880470,,unavailable_no_historical_model_fleet_denominator,reservation.vehicle_model_id = vehicle_model.id,observed_aggregate_plus_formula
1890,21년 아우디A5 카브리올레(휘),IMPORTED,765,548,188,29,2021-03-19 00:00:00,2026-08-19 23:00:00,547,140920073,257623.53382084094,28136.87,2,12348300,,unavailable_no_historical_model_fleet_denominator,reservation.vehicle_model_id = vehicle_model.id,observed_aggregate_plus_formula
1902,21년 아이오닉5(전기),EV,8973,6898,1836,239,2021-06-10 05:30:00,2031-04-01 00:00:00,6881,1076089368,156385.60790582764,443312.5,20,2547000,,unavailable_no_historical_model_fleet_denominator,reservation.vehicle_model_id = vehicle_model.id,observed_aggregate_plus_formula
1882,21년 올뉴아반떼CN7(휘),COMPACT,14831,11700,2611,520,2021-01-12 00:00:00,2027-05-28 00:00:00,11686,1232047425,105429.35349991443,765387.78,31,11515040,,unavailable_no_historical_model_fleet_denominator,reservation.vehicle_model_id = vehicle_model.id,observed_aggregate_plus_formula
2032,21년 포르쉐 카이엔 쿠페 하이브리드(휘),CITY,57,36,16,5,2021-04-16 00:00:00,2023-12-31 14:59:00,36,33203770,922326.9444444445,1803.0,1,5250000,,unavailable_no_historical_model_fleet_denominator,reservation.vehicle_model_id = vehicle_model.id,observed_aggregate_plus_formula
1908,22년 BMW 미니 컨버터블(휘),IMPORTED,2419,1762,554,103,2021-11-19 00:00:00,2026-08-21 04:00:00,1760,269746788,153265.22045454546,98025.57,6,8909000,,unavailable_no_historical_model_fleet_denominator,reservation.vehicle_model_id = vehicle_model.id,observed_aggregate_plus_formula
1919,22년 BMW 미니 컨버터블S(휘),IMPORTED,883,642,204,37,2022-04-25 00:00:00,2026-08-22 23:00:00,638,104901676,164422.6896551724,35823.73,2,2252600,,unavailable_no_historical_model_fleet_denominator,reservation.vehicle_model_id = vehicle_model.id,observed_aggregate_plus_formula
1905,22년 EV6(전기),EV,13308,10190,2809,309,2021-10-26 00:00:00,2026-08-22 23:30:00,10170,1385294325,136213.79793510324,653679.43,33,5028370,,unavailable_no_historical_model_fleet_denominator,reservation.vehicle_model_id = vehicle_model.id,observed_aggregate_plus_formula
1906,22년 k3(휘),COMPACT,15278,12171,2680,427,2021-11-06 08:20:00,2026-08-28 00:00:00,12143,1047565221,86269.06209338714,800755.78,41,6446170,,unavailable_no_historical_model_fleet_denominator,reservation.vehicle_model_id = vehicle_model.id,observed_aggregate_plus_formula
2226,22년 K5(LPG),MIDSIZE,225,182,19,24,2025-06-18 00:00:00,2026-12-31 00:00:00,181,18016840,99540.55248618785,11490.57,8,0,,unavailable_no_historical_model_fleet_denominator,reservation.vehicle_model_id = vehicle_model.id,observed_aggregate_plus_formula
1916,22년 K5(휘),MIDSIZE,7164,5606,1362,196,2022-04-04 00:00:00,2026-10-15 09:00:00,5590,605213870,108267.2397137746,351178.82,20,3320240,,unavailable_no_historical_model_fleet_denominator,reservation.vehicle_model_id = vehicle_model.id,observed_aggregate_plus_formula
1917,22년 XM3(휘),SUV,2556,1922,554,80,2022-04-14 00:00:00,2026-08-21 03:30:00,1921,209870830,109250.82248828735,122730.77,10,912600,,unavailable_no_historical_model_fleet_denominator,reservation.vehicle_model_id = vehicle_model.id,observed_aggregate_plus_formula
1914,22년 니로 하이브리드(휘),SUV,4952,3811,947,194,2022-03-26 05:30:00,2026-08-22 08:00:00,3802,450132413,118393.58574434508,249678.38,15,1525100,,unavailable_no_historical_model_fleet_denominator,reservation.vehicle_model_id = vehicle_model.id,observed_aggregate_plus_formula
1915,22년 모닝(휘),URBAN,18571,13430,4614,527,2022-04-04 00:00:00,2027-05-28 00:00:00,13418,893925834,66621.39171262483,887518.73,51,5257800,,unavailable_no_historical_model_fleet_denominator,reservation.vehicle_model_id = vehicle_model.id,observed_aggregate_plus_formula
1903,22년 베뉴(휘),SUV,2621,1953,567,101,2021-09-03 00:00:00,2026-08-22 11:00:00,1952,233335814,119536.78995901639,122047.75,7,1294210,,unavailable_no_historical_model_fleet_denominator,reservation.vehicle_model_id = vehicle_model.id,observed_aggregate_plus_formula
1921,22년 볼보 XC40(휘),IMPORTED,752,555,168,29,2022-08-03 02:30:00,2026-12-31 14:59:00,552,107755610,195209.4384057971,30534.17,2,1506800,,unavailable_no_historical_model_fleet_denominator,reservation.vehicle_model_id = vehicle_model.id,observed_aggregate_plus_formula
1920,22년 스타리아 11인승(경유),RV,2820,1927,792,101,2022-07-06 00:00:00,2026-12-31 11:00:00,1922,386763599,201229.7601456816,115057.93,10,2429700,,unavailable_no_historical_model_fleet_denominator,reservation.vehicle_model_id = vehicle_model.id,observed_aggregate_plus_formula
1904,22년 스타리아 9인승(경유),RV,4286,2949,1160,177,2021-09-27 00:00:00,2026-12-31 11:00:00,2942,685758348,233092.5723997281,189986.62,16,3650100,,unavailable_no_historical_model_fleet_denominator,reservation.vehicle_model_id = vehicle_model.id,observed_aggregate_plus_formula
1912,22년 스포티지 하이브리드(휘),SUV,3690,2772,792,126,2022-01-27 23:30:00,2026-08-23 06:30:00,2769,383286573,138420.57529794148,180000.28,12,1240300,,unavailable_no_historical_model_fleet_denominator,reservation.vehicle_model_id = vehicle_model.id,observed_aggregate_plus_formula
1909,22년 스포티지(경유),SUV,3689,2881,691,117,2021-11-19 00:00:00,2026-12-31 11:00:00,2874,410025603,142667.22442588725,189335.53,10,1620400,,unavailable_no_historical_model_fleet_denominator,reservation.vehicle_model_id = vehicle_model.id,observed_aggregate_plus_formula
1910,22년 스포티지(휘),SUV,3176,2494,580,102,2022-01-08 02:30:00,2026-12-31 11:00:00,2490,362287860,145497.1325301205,158523.9,10,1217400,,unavailable_no_historical_model_fleet_denominator,reservation.vehicle_model_id = vehicle_model.id,observed_aggregate_plus_formula
1913,22년 쏘렌토 하이브리드(7인/휘),SUV,4493,3253,1118,122,2022-03-14 07:00:00,2026-08-18 06:00:00,3249,537370059,165395.5244690674,211329.03,14,2378000,,unavailable_no_historical_model_fleet_denominator,reservation.vehicle_model_id = vehicle_model.id,observed_aggregate_plus_formula
2002,22년 아반떼 하이브리드(휘),CITY,1669,1242,355,72,2022-09-19 00:00:00,2024-10-28 11:00:00,1242,112847842,90859.77616747182,77585.28,7,915750,,unavailable_no_historical_model_fleet_denominator,reservation.vehicle_model_id = vehicle_model.id,observed_aggregate_plus_formula
2000,22년 아반떼(휘),CITY,1699,1217,420,62,2022-04-19 00:00:00,2024-11-02 05:00:00,1217,118997128,97779.06984387839,72429.2,6,1542800,,unavailable_no_historical_model_fleet_denominator,reservation.vehicle_model_id = vehicle_model.id,observed_aggregate_plus_formula
1907,22년 캐스퍼(휘),URBAN,8761,6547,1916,298,2021-11-08 00:00:00,2026-08-22 06:00:00,6531,564882344,86492.47343438983,374060.82,17,2686440,,unavailable_no_historical_model_fleet_denominator,reservation.vehicle_model_id = vehicle_model.id,observed_aggregate_plus_formula
1918,22년 포르쉐 718박스터 컨버터블(휘),SUPERCAR,432,292,112,28,2022-05-16 11:00:00,2026-08-18 07:00:00,290,182745329,630156.3068965517,12366.28,3,18780000,,unavailable_no_historical_model_fleet_denominator,reservation.vehicle_model_id = vehicle_model.id,observed_aggregate_plus_formula
1911,22년 폭스바겐 제타(휘),IMPORTED,778,548,196,34,2022-01-24 00:00:00,2025-12-31 14:59:00,548,68379500,124780.1094890511,31500.83,3,650600,,unavailable_no_historical_model_fleet_denominator,reservation.vehicle_model_id = vehicle_model.id,observed_aggregate_plus_formula
1931,23년 4세대 쏘렌토(5인/경유),SUV,1055,806,220,29,2023-05-08 00:00:00,2026-08-21 11:00:00,805,117722440,146239.0559006211,48790.1,3,752400,,unavailable_no_historical_model_fleet_denominator,reservation.vehicle_model_id = vehicle_model.id,observed_aggregate_plus_formula
1930,23년 4세대 쏘렌토(5인/휘),SUV,1029,803,197,29,2023-05-08 00:00:00,2026-08-22 04:30:00,799,119158854,149134.98623279098,49401.92,3,447400,,unavailable_no_historical_model_fleet_denominator,reservation.vehicle_model_id = vehicle_model.id,observed_aggregate_plus_formula
1932,23년 4세대 쏘렌토(7인/휘),SUV,381,263,107,11,2023-05-09 00:00:00,2026-08-22 06:00:00,262,37154727,141811.9351145038,15568.45,1,195000,,unavailable_no_historical_model_fleet_denominator,reservation.vehicle_model_id = vehicle_model.id,observed_aggregate_plus_formula
1926,23년 4세대 카니발 9인승(경유),RV,6071,4506,1377,188,2023-02-16 00:00:00,2026-12-31 14:59:00,4484,793392755,176938.61619090097,297468.0,29,3423400,,unavailable_no_historical_model_fleet_denominator,reservation.vehicle_model_id = vehicle_model.id,observed_aggregate_plus_formula
1924,23년 4세대 카니발 9인승(휘),RV,2602,1891,637,74,2022-11-14 00:00:00,2026-08-22 08:00:00,1885,334377628,177388.66206896552,119984.7,7,1840300,,unavailable_no_historical_model_fleet_denominator,reservation.vehicle_model_id = vehicle_model.id,observed_aggregate_plus_formula
1925,23년 4세대 카니발 리무진 7인승(경유),RV,2752,2003,639,110,2023-02-15 00:00:00,2026-09-04 10:00:00,1998,403193352,201798.47447447447,122481.7,11,1895200,,unavailable_no_historical_model_fleet_denominator,reservation.vehicle_model_id = vehicle_model.id,observed_aggregate_plus_formula
2008,23년 G80 AWD(휘),CITY,377,254,101,22,2023-07-24 00:00:00,2024-11-17 06:00:00,254,44016839,173294.64173228346,13362.5,2,140400,,unavailable_no_historical_model_fleet_denominator,reservation.vehicle_model_id = vehicle_model.id,observed_aggregate_plus_formula
1941,23년 GV70(5인/휘),SUV,1747,1393,307,47,2023-07-10 00:00:00,2026-08-20 23:00:00,1385,252739008,182483.03826714802,81521.88,5,901600,,unavailable_no_historical_model_fleet_denominator,reservation.vehicle_model_id = vehicle_model.id,observed_aggregate_plus_formula
1936,23년 GV80 4륜(7인/휘),SUV,1289,1011,228,50,2023-06-12 00:00:00,2026-08-20 04:30:00,986,243418981,246875.23427991886,61183.28,4,708000,,unavailable_no_historical_model_fleet_denominator,reservation.vehicle_model_id = vehicle_model.id,observed_aggregate_plus_formula
2007,23년 K5 하이브리드(휘),CITY,704,500,178,26,2023-06-19 06:00:00,2024-11-10 10:00:00,500,52399731,104799.462,30382.37,4,775600,,unavailable_no_historical_model_fleet_denominator,reservation.vehicle_model_id = vehicle_model.id,observed_aggregate_plus_formula
1923,23년 K8(LPG),LUXURY,1132,888,218,26,2022-11-14 00:00:00,2026-08-22 08:00:00,884,117161560,132535.70135746605,51659.23,3,600700,,unavailable_no_historical_model_fleet_denominator,reservation.vehicle_model_id = vehicle_model.id,observed_aggregate_plus_formula
1940,23년 디올뉴 그랜저(휘),LUXURY,1693,1324,324,45,2023-07-05 00:00:00,2026-08-21 11:00:00,1317,190147275,144379.10022779042,78176.9,5,720000,,unavailable_no_historical_model_fleet_denominator,reservation.vehicle_model_id = vehicle_model.id,observed_aggregate_plus_formula
1929,23년 머스탱컨버터블(휘),IMPORTED,2054,1559,415,80,2023-05-01 00:00:00,2026-08-19 08:30:00,1548,306342527,197895.6892764858,81891.77,7,1628400,,unavailable_no_historical_model_fleet_denominator,reservation.vehicle_model_id = vehicle_model.id,observed_aggregate_plus_formula
1938,23년 스타리아  9인승 4륜(경유),RV,2801,2037,657,107,2023-06-29 00:00:00,2026-08-25 08:00:00,2028,361009665,178012.65532544377,134595.42,15,766000,,unavailable_no_historical_model_fleet_denominator,reservation.vehicle_model_id = vehicle_model.id,observed_aggregate_plus_formula
1922,23년 쏠라티(15인/경유),RV,1181,719,394,68,2022-11-13 00:00:00,2026-08-21 09:00:00,712,336778013,473002.827247191,40864.1,7,7605200,,unavailable_no_historical_model_fleet_denominator,reservation.vehicle_model_id = vehicle_model.id,observed_aggregate_plus_formula
1935,23년 지프 랭글러 파워탑(휘),IMPORTED,2256,1720,435,101,2023-06-05 00:00:00,2026-09-04 09:00:00,1714,358241463,209009.02158693117,92600.98,8,1235000,,unavailable_no_historical_model_fleet_denominator,reservation.vehicle_model_id = vehicle_model.id,observed_aggregate_plus_formula
1933,23년 카니발 하이리무진 9인승(경유),RV,1059,757,252,50,2023-05-26 00:00:00,2026-08-20 03:00:00,750,175185420,233580.56,46821.97,3,449400,,unavailable_no_historical_model_fleet_denominator,reservation.vehicle_model_id = vehicle_model.id,observed_aggregate_plus_formula
1928,23년 투싼 하이브리드(휘),SUV,2647,2048,511,88,2023-03-24 00:00:00,2026-08-24 00:00:00,2042,259057093,126864.39422135161,132663.25,7,766800,,unavailable_no_historical_model_fleet_denominator,reservation.vehicle_model_id = vehicle_model.id,observed_aggregate_plus_formula
1927,23년 팰리세이드 4륜(8인/경유),SUV,3191,2419,667,105,2023-03-17 00:00:00,2026-12-31 11:00:00,2414,402428606,166706.1333885667,157021.18,14,2620800,,unavailable_no_historical_model_fleet_denominator,reservation.vehicle_model_id = vehicle_model.id,observed_aggregate_plus_formula
2006,23년 팰리세이드 8인승 4WD(휘),CITY,885,585,247,53,2023-04-27 00:00:00,2024-10-30 07:30:00,585,97333243,166381.61196581196,36538.17,6,1163600,,unavailable_no_historical_model_fleet_denominator,reservation.vehicle_model_id = vehicle_model.id,observed_aggregate_plus_formula
1956,24년 BMW 420i 컨버터블(휘),IMPORTED,1467,1153,253,61,2024-03-28 00:00:00,2026-08-21 04:00:00,1139,254643833,223567.89552238805,58593.12,5,773200,,unavailable_no_historical_model_fleet_denominator,reservation.vehicle_model_id = vehicle_model.id,observed_aggregate_plus_formula
1934,24년 BMW 미니 컨버터블(휘),IMPORTED,1613,1188,354,71,2023-05-30 00:00:00,2026-08-22 11:00:00,1180,191218077,162049.21779661017,64069.3,8,356400,,unavailable_no_historical_model_fleet_denominator,reservation.vehicle_model_id = vehicle_model.id,observed_aggregate_plus_formula
1972,24년 G80 4륜(휘),LUXURY,729,577,134,18,2024-08-22 00:00:00,2026-08-21 10:00:00,571,99091860,173540.91068301225,31624.9,3,29200,,unavailable_no_historical_model_fleet_denominator,reservation.vehicle_model_id = vehicle_model.id,observed_aggregate_plus_formula
2017,24년 GV80 7인승 4륜(휘),CITY,49,25,17,7,2024-06-10 00:00:00,2024-11-03 07:00:00,25,9407670,376306.8,1699.5,2,23600,,unavailable_no_historical_model_fleet_denominator,reservation.vehicle_model_id = vehicle_model.id,observed_aggregate_plus_formula
2014,24년 GV80 쿠페 3.5 4륜(휘),CITY,144,100,36,8,2024-02-27 00:00:00,2024-11-03 09:00:00,100,26815278,268152.78,5171.08,2,52000,,unavailable_no_historical_model_fleet_denominator,reservation.vehicle_model_id = vehicle_model.id,observed_aggregate_plus_formula
2019,24년 더 뉴 K3 프레스티지(휘),CITY,9,0,9,0,2024-07-16 00:00:00,2024-08-05 11:00:00,0,0,,0.0,0,0,,unavailable_no_historical_model_fleet_denominator,reservation.vehicle_model_id = vehicle_model.id,observed_aggregate_plus_formula
1970,24년 더 뉴 K3(휘),COMPACT,2580,2060,448,72,2024-07-03 00:00:00,2026-12-31 09:00:00,2047,194813920,95170.4543234001,121012.33,17,586800,,unavailable_no_historical_model_fleet_denominator,reservation.vehicle_model_id = vehicle_model.id,observed_aggregate_plus_formula
1946,24년 더 뉴 K5 하이브리드(휘),MIDSIZE,3125,2425,592,108,2023-12-19 00:00:00,2026-08-22 03:00:00,2416,275422323,113999.30587748345,148778.57,15,729000,,unavailable_no_historical_model_fleet_denominator,reservation.vehicle_model_id = vehicle_model.id,observed_aggregate_plus_formula
1952,24년 더 뉴 K5(휘),MIDSIZE,2320,1843,391,86,2024-02-02 00:00:00,2026-08-22 00:30:00,1835,194828592,106173.61961852861,109338.22,8,504800,,unavailable_no_historical_model_fleet_denominator,reservation.vehicle_model_id = vehicle_model.id,observed_aggregate_plus_formula
2015,24년 더 뉴 모하비 마스터즈 4WD 7인승(경유),CITY,259,148,89,22,2024-03-13 00:00:00,2024-11-26 09:00:00,148,28119848,189998.97297297296,9227.08,5,88200,,unavailable_no_historical_model_fleet_denominator,reservation.vehicle_model_id = vehicle_model.id,observed_aggregate_plus_formula
1959,24년 더 뉴 셀토스(휘),SUV,2767,2165,493,109,2024-04-12 00:00:00,2026-08-23 05:30:00,2162,240177850,111090.58741905644,136187.52,16,519200,,unavailable_no_historical_model_fleet_denominator,reservation.vehicle_model_id = vehicle_model.id,observed_aggregate_plus_formula
2020,24년 더 뉴 스포티지 하이브리드 4륜(휘),CITY,103,43,45,15,2024-07-19 00:00:00,2024-10-26 07:30:00,43,10318810,239972.32558139536,2895.48,5,31400,,unavailable_no_historical_model_fleet_denominator,reservation.vehicle_model_id = vehicle_model.id,observed_aggregate_plus_formula
1944,24년 더 뉴 쏘렌토 4륜(7인/휘),SUV,3301,2616,566,119,2023-09-21 00:00:00,2026-08-25 03:00:00,2605,385830089,148111.3585412668,169997.25,18,895400,,unavailable_no_historical_model_fleet_denominator,reservation.vehicle_model_id = vehicle_model.id,observed_aggregate_plus_formula
1957,24년 더 뉴 쏘렌토 하이브리드 4륜(5인/휘),SUV,1157,852,273,32,2024-03-28 00:00:00,2026-08-21 06:30:00,850,138319817,162729.19647058824,53214.68,4,115000,,unavailable_no_historical_model_fleet_denominator,reservation.vehicle_model_id = vehicle_model.id,observed_aggregate_plus_formula
1951,24년 더 뉴 쏘렌토 하이브리드(7인/휘),SUV,1854,1337,446,71,2024-01-30 00:00:00,2026-08-23 01:00:00,1333,220574136,165471.9699924981,85468.83,16,482000,,unavailable_no_historical_model_fleet_denominator,reservation.vehicle_model_id = vehicle_model.id,observed_aggregate_plus_formula
1942,24년 더 뉴 아반떼(휘),COMPACT,4986,4056,790,140,2023-07-28 00:00:00,2026-08-22 08:30:00,4043,373494322,92380.49023002721,236243.5,16,1612200,,unavailable_no_historical_model_fleet_denominator,reservation.vehicle_model_id = vehicle_model.id,observed_aggregate_plus_formula
1969,24년 더 뉴 카니발 9인승(경유),RV,1807,1383,357,67,2024-07-02 00:00:00,2026-08-21 09:00:00,1377,249206726,180978.01452432826,92382.3,11,202000,,unavailable_no_historical_model_fleet_denominator,reservation.vehicle_model_id = vehicle_model.id,observed_aggregate_plus_formula
1976,24년 더 뉴 카니발 9인승(휘),RV,737,569,139,29,2024-09-24 00:00:00,2026-08-22 04:30:00,564,100649823,178457.1329787234,35789.6,5,1800,,unavailable_no_historical_model_fleet_denominator,reservation.vehicle_model_id = vehicle_model.id,observed_aggregate_plus_formula
2018,24년 더 뉴 카니발 리무진 7인승(휘),CITY,128,41,63,24,2024-07-10 00:00:00,2024-11-25 05:00:00,41,11466864,279679.60975609755,2704.25,3,94000,,unavailable_no_historical_model_fleet_denominator,reservation.vehicle_model_id = vehicle_model.id,observed_aggregate_plus_formula
1958,24년 더 뉴 카니발 하이브리드 9인승(휘),RV,462,320,121,21,2024-04-09 00:00:00,2026-08-21 09:00:00,319,66744274,209229.69905956113,20822.62,2,240800,,unavailable_no_historical_model_fleet_denominator,reservation.vehicle_model_id = vehicle_model.id,observed_aggregate_plus_formula
1973,24년 더 뉴 카니발리무진 7인(경유),RV,883,617,237,29,2024-09-03 00:00:00,2026-08-21 10:30:00,614,119195613,194129.6628664495,39349.17,4,79200,,unavailable_no_historical_model_fleet_denominator,reservation.vehicle_model_id = vehicle_model.id,observed_aggregate_plus_formula
1975,24년 더 뉴 투싼 4륜(휘),SUV,994,808,164,22,2024-09-22 00:00:00,2026-08-21 05:50:00,804,101033859,125664.00373134328,49851.7,5,36800,,unavailable_no_historical_model_fleet_denominator,reservation.vehicle_model_id = vehicle_model.id,observed_aggregate_plus_formula
2013,24년 더 뉴 투싼 하이브리드(휘),CITY,391,268,94,29,2024-01-23 00:00:00,2024-11-09 04:00:00,268,42305566,157856.58955223882,16908.58,5,273400,,unavailable_no_historical_model_fleet_denominator,reservation.vehicle_model_id = vehicle_model.id,observed_aggregate_plus_formula
1953,24년 더 올뉴머스탱컨버터블2.3 (휘),IMPORTED,2442,1905,421,116,2024-03-01 00:00:00,2026-08-20 08:00:00,1888,415100048,219862.31355932204,99241.18,8,784400,,unavailable_no_historical_model_fleet_denominator,reservation.vehicle_model_id = vehicle_model.id,observed_aggregate_plus_formula
1947,24년 더뉴그랜저 하이브리드(휘),LUXURY,1393,1072,262,59,2023-12-20 00:00:00,2026-08-24 09:00:00,1063,170674405,160559.1768579492,61281.28,8,219600,,unavailable_no_historical_model_fleet_denominator,reservation.vehicle_model_id = vehicle_model.id,observed_aggregate_plus_formula
1943,24년 디올뉴 싼타페 4륜(7인/휘),SUV,3459,2671,654,134,2023-09-12 00:00:00,2026-08-22 04:30:00,2660,398275901,149727.78233082706,168380.83,11,1207800,,unavailable_no_historical_model_fleet_denominator,reservation.vehicle_model_id = vehicle_model.id,observed_aggregate_plus_formula
1939,24년 레이(휘),URBAN,2446,1762,611,73,2023-04-05 00:00:00,2026-08-25 00:00:00,1758,119212753,67811.5773606371,104469.03,5,704000,,unavailable_no_historical_model_fleet_denominator,reservation.vehicle_model_id = vehicle_model.id,observed_aggregate_plus_formula
1955,24년 마이바흐 S580(휘),IMPORTED,20,11,3,6,2024-03-21 00:00:00,2024-08-26 05:00:00,11,9685000,880454.5454545454,511.5,1,780000,,unavailable_no_historical_model_fleet_denominator,reservation.vehicle_model_id = vehicle_model.id,observed_aggregate_plus_formula
1968,24년 벤츠 CLE 컨버터블(휘),IMPORTED,1256,952,240,64,2024-06-25 00:00:00,2026-12-31 11:00:00,938,229894507,245090.09275053305,47310.83,5,198000,,unavailable_no_historical_model_fleet_denominator,reservation.vehicle_model_id = vehicle_model.id,observed_aggregate_plus_formula
1954,24년 벤츠 S500 (휘),IMPORTED,16,9,4,3,2024-03-21 00:00:00,2024-08-26 00:00:00,9,8186640,909626.6666666666,606.0,1,540000,,unavailable_no_historical_model_fleet_denominator,reservation.vehicle_model_id = vehicle_model.id,observed_aggregate_plus_formula
1948,24년 스타리아  11인승(경유),RV,1572,1181,343,48,2023-12-27 00:00:00,2026-08-22 08:00:00,1175,223467197,190184.8485106383,74252.6,10,349800,,unavailable_no_historical_model_fleet_denominator,reservation.vehicle_model_id = vehicle_model.id,observed_aggregate_plus_formula
1945,24년 스타리아 11인승 4륜(경유),RV,472,350,108,14,2023-11-30 00:00:00,2026-08-17 03:00:00,350,66697709,190564.88285714286,21009.5,2,144000,,unavailable_no_historical_model_fleet_denominator,reservation.vehicle_model_id = vehicle_model.id,observed_aggregate_plus_formula
2012,24년 스타리아 11인승(장기),CITY,4,2,2,0,2023-11-09 23:00:00,2024-12-31 11:00:00,2,336000,168000.0,6446.08,1,0,,unavailable_no_historical_model_fleet_denominator,reservation.vehicle_model_id = vehicle_model.id,observed_aggregate_plus_formula
1950,24년 스타리아라운지 4륜 7인승(경유),RV,1009,766,197,46,2024-01-30 00:00:00,2026-08-22 05:30:00,766,171489609,223876.77415143602,49732.32,5,273200,,unavailable_no_historical_model_fleet_denominator,reservation.vehicle_model_id = vehicle_model.id,observed_aggregate_plus_formula
1971,24년 싼타페 하이브리드 4륜 (7인/휘),SUV,1723,1362,303,58,2024-07-05 00:00:00,2026-08-23 02:30:00,1354,225930519,166861.535450517,89294.42,14,83800,,unavailable_no_historical_model_fleet_denominator,reservation.vehicle_model_id = vehicle_model.id,observed_aggregate_plus_formula
1974,24년 쏘나타 디엣지 하이브리드(휘),MIDSIZE,1193,919,240,34,2024-09-11 00:00:00,2026-08-21 07:30:00,910,103062309,113255.28461538462,56597.15,5,200600,,unavailable_no_historical_model_fleet_denominator,reservation.vehicle_model_id = vehicle_model.id,observed_aggregate_plus_formula
1937,24년 쏘나타 디엣지(휘),MIDSIZE,5265,4170,897,198,2023-03-20 00:00:00,2027-05-31 00:00:00,4152,428469820,103196.00674373796,248726.53,15,1758400,,unavailable_no_historical_model_fleet_denominator,reservation.vehicle_model_id = vehicle_model.id,observed_aggregate_plus_formula
1949,24년 쏠라티(15인/경유),RV,337,202,101,34,2023-12-19 00:00:00,2026-08-17 06:00:00,200,90662913,453314.565,10847.35,5,515400,,unavailable_no_historical_model_fleet_denominator,reservation.vehicle_model_id = vehicle_model.id,observed_aggregate_plus_formula
2016,24년 제네시스 G90 3.5T AWD 48V e-SC,CITY,39,26,10,3,2024-03-26 00:00:00,2024-10-20 02:00:00,26,10407354,400282.8461538461,1465.18,1,102000,,unavailable_no_historical_model_fleet_denominator,reservation.vehicle_model_id = vehicle_model.id,observed_aggregate_plus_formula
1960,24년 카니발 하이리무진 9인승(경유),RV,1273,909,315,49,2024-04-23 00:00:00,2026-08-23 02:30:00,903,240151737,265948.76744186046,56343.88,5,317800,,unavailable_no_historical_model_fleet_denominator,reservation.vehicle_model_id = vehicle_model.id,observed_aggregate_plus_formula
1977,24년 코나(휘),SUV,1042,819,195,28,2024-10-08 00:00:00,2026-08-22 06:00:00,814,82524875,101381.91031941032,47893.77,5,0,,unavailable_no_historical_model_fleet_denominator,reservation.vehicle_model_id = vehicle_model.id,observed_aggregate_plus_formula
2227,25년 BMW X7 xdrive40i 하이브리드(휘),SUPERCAR,38,24,9,5,2025-06-19 00:00:00,2026-08-19 08:30:00,24,33977760,1415740.0,2258.17,1,180000,,unavailable_no_historical_model_fleet_denominator,reservation.vehicle_model_id = vehicle_model.id,observed_aggregate_plus_formula
2214,25년 BMW 미니 컨버터블(휘),IMPORTED,779,605,152,22,2025-04-29 00:00:00,2026-08-20 11:00:00,601,114366114,190293.03494176373,33178.95,5,15000,,unavailable_no_historical_model_fleet_denominator,reservation.vehicle_model_id = vehicle_model.id,observed_aggregate_plus_formula
2141,25년 BMW 미니 컨트리맨 4륜(휘),IMPORTED,854,676,150,28,2025-02-25 00:00:00,2026-08-21 08:00:00,671,118724070,176936.0208643815,37905.33,6,15000,,unavailable_no_historical_model_fleet_denominator,reservation.vehicle_model_id = vehicle_model.id,observed_aggregate_plus_formula
2099,25년 EV3(전기),EV,2052,1566,433,53,2024-11-14 00:00:00,2026-08-22 06:00:00,1559,202171751,129680.40474663246,90730.92,11,20000,,unavailable_no_historical_model_fleet_denominator,reservation.vehicle_model_id = vehicle_model.id,observed_aggregate_plus_formula
2102,25년 G80 4륜(휘),LUXURY,1032,816,180,36,2024-12-13 00:00:00,2026-08-21 10:30:00,807,156154301,193499.7534076828,45287.03,5,30000,,unavailable_no_historical_model_fleet_denominator,reservation.vehicle_model_id = vehicle_model.id,observed_aggregate_plus_formula
2133,25년 GV70 4륜(5인/휘),SUV,766,629,114,23,2025-02-10 00:00:00,2026-08-21 05:30:00,625,130928804,209486.0864,37048.05,5,20000,,unavailable_no_historical_model_fleet_denominator,reservation.vehicle_model_id = vehicle_model.id,observed_aggregate_plus_formula
2120,25년 GV80 4륜(7인/휘),SUV,902,722,151,29,2025-01-14 00:00:00,2026-08-21 10:30:00,708,173681590,245312.9802259887,41866.55,5,0,,unavailable_no_historical_model_fleet_denominator,reservation.vehicle_model_id = vehicle_model.id,observed_aggregate_plus_formula
2103,25년 GV80 쿠페 4륜(5인/휘),SUV,460,347,97,16,2024-12-13 00:00:00,2026-08-24 00:00:00,344,81943222,238207.0406976744,19045.25,2,0,,unavailable_no_historical_model_fleet_denominator,reservation.vehicle_model_id = vehicle_model.id,observed_aggregate_plus_formula
2117,25년 더뉴스포티지 하이브리드 4륜(휘),SUV,2324,1854,391,79,2025-01-08 00:00:00,2026-08-22 07:00:00,1850,266568838,144091.2637837838,115601.77,13,25000,,unavailable_no_historical_model_fleet_denominator,reservation.vehicle_model_id = vehicle_model.id,observed_aggregate_plus_formula
2106,25년 레이(휘),URBAN,4353,3425,774,154,2024-12-18 00:00:00,2026-08-22 11:00:00,3421,255229308,74606.63782519731,200712.18,20,36800,,unavailable_no_historical_model_fleet_denominator,reservation.vehicle_model_id = vehicle_model.id,observed_aggregate_plus_formula
2111,25년 쏠라티(15인/경유),RV,303,211,82,10,2025-01-02 00:00:00,2026-08-19 05:00:00,204,101400855,497063.01470588235,11827.18,4,0,,unavailable_no_historical_model_fleet_denominator,reservation.vehicle_model_id = vehicle_model.id,observed_aggregate_plus_formula
2155,25년 아반떼 하이브리드(휘),COMPACT,2402,1927,399,76,2025-04-07 00:00:00,2026-08-24 23:30:00,1921,213117518,110940.92555960437,111981.28,15,75000,,unavailable_no_historical_model_fleet_denominator,reservation.vehicle_model_id = vehicle_model.id,observed_aggregate_plus_formula
2224,25년 카니발 리무진 하이브리드 7인(휘),RV,627,469,138,20,2025-05-22 00:00:00,2026-08-22 05:00:00,467,109710205,234925.49250535332,29853.17,5,0,,unavailable_no_historical_model_fleet_denominator,reservation.vehicle_model_id = vehicle_model.id,observed_aggregate_plus_formula
2105,25년 카니발 하이브리드 9인승(휘),RV,1232,933,258,41,2024-12-18 00:00:00,2026-08-20 22:00:00,927,198867490,214528.03667745416,57835.77,8,68000,,unavailable_no_historical_model_fleet_denominator,reservation.vehicle_model_id = vehicle_model.id,observed_aggregate_plus_formula
2124,25년 카니발리무진 7인승(경유),RV,660,466,168,26,2025-01-15 00:00:00,2026-08-25 06:30:00,466,98363575,211080.6330472103,28999.9,4,0,,unavailable_no_historical_model_fleet_denominator,reservation.vehicle_model_id = vehicle_model.id,observed_aggregate_plus_formula
2123,25년 카니발리무진 7인승(휘),RV,821,629,171,21,2025-01-15 00:00:00,2026-08-22 07:00:00,623,132705498,213010.43017656502,38891.65,5,0,,unavailable_no_historical_model_fleet_denominator,reservation.vehicle_model_id = vehicle_model.id,observed_aggregate_plus_formula
2104,25년 투싼 4륜(휘),SUV,1140,908,192,40,2024-12-13 00:00:00,2026-08-23 09:00:00,905,121087942,133798.83093922652,53146.0,6,0,,unavailable_no_historical_model_fleet_denominator,reservation.vehicle_model_id = vehicle_model.id,observed_aggregate_plus_formula
2143,25년 투싼 하이브리드 4륜(휘),SUV,1591,1281,252,58,2025-03-04 00:00:00,2026-08-21 06:30:00,1275,180651909,141687.7717647059,77745.72,10,66000,,unavailable_no_historical_model_fleet_denominator,reservation.vehicle_model_id = vehicle_model.id,observed_aggregate_plus_formula
2217,25년 팰리세이드 4륜(휘),SUV,671,505,131,35,2025-05-12 00:00:00,2026-08-24 04:00:00,503,101666054,202119.3916500994,31875.95,5,0,,unavailable_no_historical_model_fleet_denominator,reservation.vehicle_model_id = vehicle_model.id,observed_aggregate_plus_formula
2250,25년 팰리세이드 하이브리드 4륜 (휘),SUV,465,359,86,20,2025-09-17 00:00:00,2026-08-22 10:00:00,357,71201484,199443.93277310923,22409.68,5,160000,,unavailable_no_historical_model_fleet_denominator,reservation.vehicle_model_id = vehicle_model.id,observed_aggregate_plus_formula
2213,25년 포르쉐 카이엔 하이브리드 쿠페 4륜,SUPERCAR,66,45,11,10,2025-04-29 00:00:00,2026-08-13 01:00:00,45,40824245,907205.4444444445,2609.0,1,0,,unavailable_no_historical_model_fleet_denominator,reservation.vehicle_model_id = vehicle_model.id,observed_aggregate_plus_formula
2256,26년  스포티지(휘),SUV,85,66,15,4,2025-12-23 00:00:00,2026-08-19 07:00:00,65,9486073,145939.5846153846,3405.75,1,0,,unavailable_no_historical_model_fleet_denominator,reservation.vehicle_model_id = vehicle_model.id,observed_aggregate_plus_formula
2252,26년 BMW 420i 컨버터블(휘),IMPORTED,520,407,91,22,2025-11-14 00:00:00,2026-08-22 00:00:00,401,100283761,250084.19201995013,20019.45,6,0,,unavailable_no_historical_model_fleet_denominator,reservation.vehicle_model_id = vehicle_model.id,observed_aggregate_plus_formula
2293,26년 BMW 520i  M스포츠(휘),IMPORTED,192,154,28,10,2026-02-09 00:00:00,2026-08-28 09:00:00,152,37671773,247840.61184210525,8603.95,4,0,,unavailable_no_historical_model_fleet_denominator,reservation.vehicle_model_id = vehicle_model.id,observed_aggregate_plus_formula
2307,26년 EV4(전기),EV,255,209,36,10,2026-03-31 00:00:00,2026-08-20 10:00:00,207,34755018,167898.63768115942,12377.53,6,0,,unavailable_no_historical_model_fleet_denominator,reservation.vehicle_model_id = vehicle_model.id,observed_aggregate_plus_formula
2289,26년 그랜저 GN7(휘),LUXURY,240,204,29,7,2026-02-06 00:00:00,2026-08-21 08:30:00,201,36738538,182778.7960199005,11762.42,5,0,,unavailable_no_historical_model_fleet_denominator,reservation.vehicle_model_id = vehicle_model.id,observed_aggregate_plus_formula
2290,26년 더 K5 고급형 (휘),MIDSIZE,691,578,81,32,2026-02-09 00:00:00,2026-08-24 05:00:00,575,66334472,115364.29913043478,34361.45,15,25000,,unavailable_no_historical_model_fleet_denominator,reservation.vehicle_model_id = vehicle_model.id,observed_aggregate_plus_formula
2291,26년 더 K5 하이브리드(휘),MIDSIZE,367,302,49,16,2026-02-09 00:00:00,2026-08-24 06:00:00,298,36569493,122716.41946308725,18326.68,7,0,,unavailable_no_historical_model_fleet_denominator,reservation.vehicle_model_id = vehicle_model.id,observed_aggregate_plus_formula
2297,26년 더 K5(휘),MIDSIZE,265,221,41,3,2026-02-12 07:30:00,2026-08-21 11:00:00,221,23016134,104145.40271493213,13131.73,5,0,,unavailable_no_historical_model_fleet_denominator,reservation.vehicle_model_id = vehicle_model.id,observed_aggregate_plus_formula
2282,26년 더 K8(휘),LUXURY,247,183,52,12,2026-01-26 00:00:00,2026-08-20 10:00:00,181,30953500,171013.81215469612,11069.63,4,0,,unavailable_no_historical_model_fleet_denominator,reservation.vehicle_model_id = vehicle_model.id,observed_aggregate_plus_formula
2262,26년 레이(휘),URBAN,417,337,64,16,2026-01-07 00:00:00,2026-08-20 11:00:00,336,25962085,77268.11011904762,17870.68,5,0,,unavailable_no_historical_model_fleet_denominator,reservation.vehicle_model_id = vehicle_model.id,observed_aggregate_plus_formula
2286,26년 스타리아 11인승 하이브리드(휘),RV,242,177,57,8,2026-01-30 00:00:00,2026-08-25 01:00:00,175,41357092,236326.24,10308.8,5,0,,unavailable_no_historical_model_fleet_denominator,reservation.vehicle_model_id = vehicle_model.id,observed_aggregate_plus_formula
2288,26년 스포티지 4륜(휘),SUV,498,420,62,16,2026-02-06 00:00:00,2026-08-23 09:00:00,419,58067359,138585.58233890214,26158.75,10,0,,unavailable_no_historical_model_fleet_denominator,reservation.vehicle_model_id = vehicle_model.id,observed_aggregate_plus_formula
2254,26년 쏠라티(15인/경유),RV,44,34,9,1,2025-12-19 23:00:00,2026-08-19 03:00:00,34,18943700,557167.6470588235,1750.83,1,0,,unavailable_no_historical_model_fleet_denominator,reservation.vehicle_model_id = vehicle_model.id,observed_aggregate_plus_formula
2295,26년 아반떼(휘),COMPACT,719,582,110,27,2026-02-09 00:00:00,2026-08-25 05:00:00,580,62616503,107959.48793103448,34568.85,16,0,,unavailable_no_historical_model_fleet_denominator,reservation.vehicle_model_id = vehicle_model.id,observed_aggregate_plus_formula
2326,26년 아우디 Q4 e-tron,IMPORTED,20,7,11,2,2026-07-05 08:00:00,2026-08-17 06:00:00,5,1472380,294476.0,634.67,1,0,,unavailable_no_historical_model_fleet_denominator,reservation.vehicle_model_id = vehicle_model.id,observed_aggregate_plus_formula
2329,26년 아우디Q5 40 TDI quattro,IMPORTED,4,2,2,0,2026-07-25 09:00:00,2026-08-21 00:00:00,2,1402000,701000.0,579.0,1,0,,unavailable_no_historical_model_fleet_denominator,reservation.vehicle_model_id = vehicle_model.id,observed_aggregate_plus_formula
2257,26년 카니발리무진 7인승(휘),RV,527,391,109,27,2025-12-24 00:00:00,2026-08-22 02:30:00,386,96270189,249404.6347150259,23969.87,8,0,,unavailable_no_historical_model_fleet_denominator,reservation.vehicle_model_id = vehicle_model.id,observed_aggregate_plus_formula
2312,26년 테슬라 모델Y RWD(전기),IMPORTED,278,215,52,11,2026-04-10 00:00:00,2026-08-21 00:30:00,212,48612863,229305.95754716982,11706.13,7,0,,unavailable_no_historical_model_fleet_denominator,reservation.vehicle_model_id = vehicle_model.id,observed_aggregate_plus_formula
2255,26년 투싼(휘),SUV,291,234,48,9,2025-12-23 00:00:00,2026-08-20 09:00:00,234,35705776,152588.7863247863,13293.57,4,0,,unavailable_no_historical_model_fleet_denominator,reservation.vehicle_model_id = vehicle_model.id,observed_aggregate_plus_formula
2263,26년 팰리세이드4륜(휘),SUV,702,583,84,35,2026-01-07 00:00:00,2026-08-22 09:00:00,580,100638024,173513.83448275863,36699.42,13,0,,unavailable_no_historical_model_fleet_denominator,reservation.vehicle_model_id = vehicle_model.id,observed_aggregate_plus_formula
2051,K3[휘],CITY,7200,5017,2077,106,2018-12-31 23:00:00,2022-02-02 12:00:00,5017,260217123,51867.0765397648,285625.72,49,20991280,,unavailable_no_historical_model_fleet_denominator,reservation.vehicle_model_id = vehicle_model.id,observed_aggregate_plus_formula
2082,K5[LPG],CITY,1385,751,624,10,2018-12-31 23:00:00,2020-12-12 00:00:00,751,28617399,38105.72436750999,39956.92,11,1204000,,unavailable_no_historical_model_fleet_denominator,reservation.vehicle_model_id = vehicle_model.id,observed_aggregate_plus_formula
2038,LF소나타[LPG],CITY,15493,11682,3577,234,2018-12-31 23:30:00,2022-12-31 00:00:00,11682,747467087,63984.51352508132,719015.58,99,43747800,,unavailable_no_historical_model_fleet_denominator,reservation.vehicle_model_id = vehicle_model.id,observed_aggregate_plus_formula
2077,SM3 ZE[전기],CITY,2618,1777,801,40,2019-01-01 02:00:00,2019-12-31 14:59:00,1777,91419512,51445.983117613956,128910.17,29,2795200,,unavailable_no_historical_model_fleet_denominator,reservation.vehicle_model_id = vehicle_model.id,observed_aggregate_plus_formula
2085,SM6 [LPG],CITY,9,7,2,0,2019-04-03 00:00:00,2019-10-31 11:00:00,7,9900000,1414285.7142857143,5078.92,1,0,,unavailable_no_historical_model_fleet_denominator,reservation.vehicle_model_id = vehicle_model.id,observed_aggregate_plus_formula
2061,YF소나타[LPG],CITY,4475,2550,1873,52,2018-12-31 23:00:00,2021-12-30 00:00:00,2550,122419957,48007.8262745098,143014.08,15,7064550,,unavailable_no_historical_model_fleet_denominator,reservation.vehicle_model_id = vehicle_model.id,observed_aggregate_plus_formula
2073,그랜드스타렉스12인[경유],CITY,4713,3139,1499,75,2018-12-31 23:00:00,2020-12-31 03:00:00,3139,331776702,105695.03090156101,192886.88,44,22465550,,unavailable_no_historical_model_fleet_denominator,reservation.vehicle_model_id = vehicle_model.id,observed_aggregate_plus_formula
2039,그랜드카니발11인[경유],CITY,3355,2108,1198,49,2019-01-01 04:00:00,2022-12-31 00:00:00,2108,249071066,118155.15464895636,124623.75,18,9192000,,unavailable_no_historical_model_fleet_denominator,reservation.vehicle_model_id = vehicle_model.id,observed_aggregate_plus_formula
2053,그랜져HG2.4[휘],CITY,2621,1887,689,45,2018-12-31 23:30:00,2021-12-31 00:00:00,1887,182287089,96601.53100158983,107592.75,16,13597680,,unavailable_no_historical_model_fleet_denominator,reservation.vehicle_model_id = vehicle_model.id,observed_aggregate_plus_formula
2071,그랜져HG3.0[LPG],CITY,1621,1148,427,46,2019-01-01 00:00:00,2020-12-31 00:00:00,1148,90441189,78781.52351916376,65239.5,11,6833300,,unavailable_no_historical_model_fleet_denominator,reservation.vehicle_model_id = vehicle_model.id,observed_aggregate_plus_formula
2052,뉴K5[LPG],CITY,12130,8640,3332,158,2018-12-31 23:00:00,2021-12-31 14:00:00,8640,434922698,50338.27523148148,512331.08,84,33584280,,unavailable_no_historical_model_fleet_denominator,reservation.vehicle_model_id = vehicle_model.id,observed_aggregate_plus_formula
2078,뉴SM3 네오[휘],CITY,378,256,112,10,2019-01-02 02:40:00,2019-12-31 00:00:00,256,14331013,55980.51953125,15004.67,6,1285870,,unavailable_no_historical_model_fleet_denominator,reservation.vehicle_model_id = vehicle_model.id,observed_aggregate_plus_formula
2072,뉴싼타페DM7인[경유],CITY,2741,1935,758,48,2018-12-31 23:30:00,2020-12-31 00:00:00,1935,209357321,108194.99793281654,114239.42,14,10825800,,unavailable_no_historical_model_fleet_denominator,reservation.vehicle_model_id = vehicle_model.id,observed_aggregate_plus_formula
2044,더넥스트스파크[휘],CITY,2780,1907,814,59,2019-01-01 02:30:00,2022-12-31 00:00:00,1907,114248364,59909.9968536969,106013.13,11,6286370,,unavailable_no_historical_model_fleet_denominator,reservation.vehicle_model_id = vehicle_model.id,observed_aggregate_plus_formula
2074,레이[휘],CITY,3607,2665,875,67,2018-12-31 23:00:00,2020-12-30 00:00:00,2665,121241362,45493.944465290806,162417.82,40,8813650,,unavailable_no_historical_model_fleet_denominator,reservation.vehicle_model_id = vehicle_model.id,observed_aggregate_plus_formula
2075,말리부[휘],CITY,440,325,104,11,2019-01-01 00:30:00,2019-12-31 11:00:00,325,19280285,59323.95384615385,18469.58,6,2706350,,unavailable_no_historical_model_fleet_denominator,reservation.vehicle_model_id = vehicle_model.id,observed_aggregate_plus_formula
2090,매각[K3],CITY,23,0,21,2,2019-05-06 08:00:00,2020-02-25 20:00:00,0,0,,0.0,0,0,,unavailable_no_historical_model_fleet_denominator,reservation.vehicle_model_id = vehicle_model.id,observed_aggregate_plus_formula
2092,매각[K5],CITY,5,0,5,0,2019-05-07 11:00:00,2019-12-31 14:59:00,0,0,,0.0,0,0,,unavailable_no_historical_model_fleet_denominator,reservation.vehicle_model_id = vehicle_model.id,observed_aggregate_plus_formula
2094,매각[LF소나타],CITY,49,0,49,0,2019-05-05 07:00:00,2020-01-10 02:00:00,0,0,,0.0,0,0,,unavailable_no_historical_model_fleet_denominator,reservation.vehicle_model_id = vehicle_model.id,observed_aggregate_plus_formula
2093,매각[뉴K5],CITY,36,0,28,8,2019-05-04 11:00:00,2019-12-31 14:59:00,0,0,,0.0,0,0,,unavailable_no_historical_model_fleet_denominator,reservation.vehicle_model_id = vehicle_model.id,observed_aggregate_plus_formula
2087,매각[레이],CITY,9,0,9,0,2019-04-25 15:00:00,2020-01-01 00:00:00,0,0,,0.0,0,0,,unavailable_no_historical_model_fleet_denominator,reservation.vehicle_model_id = vehicle_model.id,observed_aggregate_plus_formula
2096,매각[스토닉],CITY,2,0,2,0,2019-03-28 00:00:00,2019-12-31 14:59:00,0,0,,0.0,0,0,,unavailable_no_historical_model_fleet_denominator,reservation.vehicle_model_id = vehicle_model.id,observed_aggregate_plus_formula
2091,매각[아반떼AD],CITY,10,0,10,0,2019-05-07 15:00:00,2019-12-31 14:59:00,0,0,,0.0,0,0,,unavailable_no_historical_model_fleet_denominator,reservation.vehicle_model_id = vehicle_model.id,observed_aggregate_plus_formula
2089,매각[아이오닉],CITY,14,0,14,0,2019-05-06 15:00:00,2020-01-09 14:00:00,0,0,,0.0,0,0,,unavailable_no_historical_model_fleet_denominator,reservation.vehicle_model_id = vehicle_model.id,observed_aggregate_plus_formula
2088,매각[엑센트],CITY,6,0,6,0,2019-05-13 15:00:00,2019-12-31 14:59:00,0,0,,0.0,0,0,,unavailable_no_historical_model_fleet_denominator,reservation.vehicle_model_id = vehicle_model.id,observed_aggregate_plus_formula
2095,매각[올뉴K5],CITY,20,0,20,0,2019-05-06 23:00:00,2019-12-31 14:59:00,0,0,,0.0,0,0,,unavailable_no_historical_model_fleet_denominator,reservation.vehicle_model_id = vehicle_model.id,observed_aggregate_plus_formula
2086,매각[올뉴모닝],CITY,7,0,7,0,2019-05-05 15:00:00,2019-12-31 14:59:00,0,0,,0.0,0,0,,unavailable_no_historical_model_fleet_denominator,reservation.vehicle_model_id = vehicle_model.id,observed_aggregate_plus_formula
2070,스파크[휘],CITY,2719,1823,813,83,2019-01-01 01:00:00,2020-04-30 00:00:00,1823,60636954,33262.17992320351,100190.67,16,3848000,,unavailable_no_historical_model_fleet_denominator,reservation.vehicle_model_id = vehicle_model.id,observed_aggregate_plus_formula
2081,스포티지R[장기],CITY,13,13,0,0,2019-01-09 00:00:00,2020-02-03 00:00:00,13,5400000,415384.6153846154,9360.0,1,0,,unavailable_no_historical_model_fleet_denominator,reservation.vehicle_model_id = vehicle_model.id,observed_aggregate_plus_formula
2040,아반떼AD[휘],CITY,15229,10997,3971,261,2019-01-01 00:00:00,2022-12-31 14:59:00,10997,838314174,76231.16977357461,659505.37,62,51908390,,unavailable_no_historical_model_fleet_denominator,reservation.vehicle_model_id = vehicle_model.id,observed_aggregate_plus_formula
2055,아반떼MD[LPG],CITY,7001,4726,2126,149,2019-01-01 00:00:00,2021-12-31 00:00:00,4726,235423385,49814.512272534914,269374.28,20,25499250,,unavailable_no_historical_model_fleet_denominator,reservation.vehicle_model_id = vehicle_model.id,observed_aggregate_plus_formula
2059,아반떼MD[휘],CITY,9744,6482,3104,158,2019-01-01 01:00:00,2023-12-05 22:00:00,6482,343928481,53059.006633755016,386887.08,27,21463460,,unavailable_no_historical_model_fleet_denominator,reservation.vehicle_model_id = vehicle_model.id,observed_aggregate_plus_formula
2063,안전보건공단 장기 쏘나타뉴라이즈[LPG],CITY,257,171,71,15,2019-01-10 06:00:00,2021-01-24 06:00:00,171,21369750,124969.29824561403,9949.5,1,1595000,,unavailable_no_historical_model_fleet_denominator,reservation.vehicle_model_id = vehicle_model.id,observed_aggregate_plus_formula
2062,안전보건공단 장기 올뉴카니발9인[경유],CITY,475,294,166,15,2019-01-07 08:00:00,2021-01-17 06:00:00,294,62539660,212719.9319727891,17879.83,4,2864000,,unavailable_no_historical_model_fleet_denominator,reservation.vehicle_model_id = vehicle_model.id,observed_aggregate_plus_formula
2100,업무용차량,CITY,20,0,13,7,2025-01-27 00:00:00,2034-03-11 00:00:00,0,0,,0.0,0,0,,unavailable_no_historical_model_fleet_denominator,reservation.vehicle_model_id = vehicle_model.id,observed_aggregate_plus_formula
2057,엑센트[휘],CITY,5509,3641,1766,102,2019-01-01 00:00:00,2022-12-31 14:59:00,3641,170664542,46872.9859928591,210158.45,21,16546800,,unavailable_no_historical_model_fleet_denominator,reservation.vehicle_model_id = vehicle_model.id,observed_aggregate_plus_formula
2042,올뉴말리부[휘],CITY,2242,1518,649,75,2019-01-01 05:00:00,2022-12-31 14:59:00,1518,146552671,96543.26152832675,88221.92,5,12368600,,unavailable_no_historical_model_fleet_denominator,reservation.vehicle_model_id = vehicle_model.id,observed_aggregate_plus_formula
2050,올뉴모닝[휘],CITY,3254,2076,1130,48,2019-01-01 00:30:00,2021-12-31 00:00:00,2076,64757000,31193.15992292871,118165.52,34,3647300,,unavailable_no_historical_model_fleet_denominator,reservation.vehicle_model_id = vehicle_model.id,observed_aggregate_plus_formula
2056,올뉴쏘울[휘],CITY,1821,1265,511,45,2018-12-31 23:30:00,2021-12-31 14:59:00,1265,79611769,62934.204743083006,74227.67,6,8078700,,unavailable_no_historical_model_fleet_denominator,reservation.vehicle_model_id = vehicle_model.id,observed_aggregate_plus_formula
2058,올란도7인[경유],CITY,4369,2889,1368,112,2018-12-31 23:00:00,2022-12-31 14:59:00,2889,293473735,101583.1550709588,183145.92,22,15128710,,unavailable_no_historical_model_fleet_denominator,reservation.vehicle_model_id = vehicle_model.id,observed_aggregate_plus_formula
2068,장기 16모닝,CITY,10,5,5,0,2021-05-11 04:00:00,2021-12-31 00:00:00,5,2550000,510000.0,2700.0,3,0,,unavailable_no_historical_model_fleet_denominator,reservation.vehicle_model_id = vehicle_model.id,observed_aggregate_plus_formula
2049,장기 2018 모닝,CITY,32,19,8,5,2021-05-11 05:00:00,2022-05-30 00:00:00,19,8985000,472894.7368421053,14652.5,3,0,,unavailable_no_historical_model_fleet_denominator,reservation.vehicle_model_id = vehicle_model.id,observed_aggregate_plus_formula
2029,장기 뉴5,CITY,105,66,30,9,2021-02-02 00:00:00,2023-12-31 00:00:00,66,34330760,520163.0303030303,42643.33,14,88100,,unavailable_no_historical_model_fleet_denominator,reservation.vehicle_model_id = vehicle_model.id,observed_aggregate_plus_formula
2037,장기 액센트,CITY,2,2,0,0,2023-07-25 23:00:00,2023-10-24 10:00:00,2,1500000,750000.0,2171.0,1,0,,unavailable_no_historical_model_fleet_denominator,reservation.vehicle_model_id = vehicle_model.id,observed_aggregate_plus_formula
2035,장기AD,CITY,23,14,5,4,2022-01-23 23:00:00,2023-12-31 00:00:00,14,7050000,503571.4285714286,9362.0,3,0,,unavailable_no_historical_model_fleet_denominator,reservation.vehicle_model_id = vehicle_model.id,observed_aggregate_plus_formula
2066,장기아반떼,CITY,1,1,0,0,2021-01-11 00:00:00,2021-02-10 00:00:00,1,350000,350000.0,720.0,1,0,,unavailable_no_historical_model_fleet_denominator,reservation.vehicle_model_id = vehicle_model.id,observed_aggregate_plus_formula
2079,제네시스DH(2016년),CITY,46,37,8,1,2019-01-01 05:30:00,2019-12-31 11:00:00,37,2841570,76799.18918918919,1757.5,2,1629400,,unavailable_no_historical_model_fleet_denominator,reservation.vehicle_model_id = vehicle_model.id,observed_aggregate_plus_formula
2080,제네시스EQ900[휘],CITY,111,69,41,1,2019-01-03 04:00:00,2020-04-30 11:00:00,69,15358520,222587.24637681158,3370.0,2,4313000,,unavailable_no_historical_model_fleet_denominator,reservation.vehicle_model_id = vehicle_model.id,observed_aggregate_plus_formula
2011,코나 EV(장기),CITY,30,30,0,0,2023-10-01 00:00:00,2024-07-27 00:00:00,30,2550000,85000.0,21600.0,3,210000,,unavailable_no_historical_model_fleet_denominator,reservation.vehicle_model_id = vehicle_model.id,observed_aggregate_plus_formula
2054,코란도투리스모9인[경유],CITY,2476,1571,838,67,2019-01-01 00:30:00,2021-12-30 11:00:00,1571,153275798,97565.75302355188,98747.17,12,6583000,,unavailable_no_historical_model_fleet_denominator,reservation.vehicle_model_id = vehicle_model.id,observed_aggregate_plus_formula
2041,티볼리[휘],CITY,3809,2626,1093,90,2018-12-31 23:00:00,2022-12-31 14:59:00,2626,264188401,100604.87471439452,150839.35,10,15870470,,unavailable_no_historical_model_fleet_denominator,reservation.vehicle_model_id = vehicle_model.id,observed_aggregate_plus_formula
2076,티볼리에어[경유],CITY,642,426,210,6,2019-01-01 01:30:00,2020-12-30 00:00:00,426,35758488,83940.11267605633,24234.5,3,3771000,,unavailable_no_historical_model_fleet_denominator,reservation.vehicle_model_id = vehicle_model.id,observed_aggregate_plus_formula
